entry,exit,pnl,pnl_pct,sl,tp,exit_reason,t_entry,t_exit,side,model_label,prob,signal,equity
1176.5,1171.9000244140625,4.5999755859375,0.00390988150100935,1196.1656500302006,1150.2791332930658,CLOSE,2017-01-05,2017-01-06,SHORT,DOWN,0.715,STRONG SELL,1.0039098815010095
1173.9000244140625,1183.5,9.5999755859375,0.008177847675511557,1154.8033572333964,1199.3622473216174,CLOSE,2017-01-06,2017-01-09,LONG,UP,0.925,STRONG BUY,1.0121197035918656
1184.300048828125,1184.199951171875,-0.10009765625,-8.452052024235538e-05,1165.313863106234,1209.6149631239796,CLOSE,2017-01-09,2017-01-10,LONG,UP,0.9075,STRONG BUY,1.0120341587079706
1187.5,1195.5999755859375,8.0999755859375,0.0068210320723684215,1169.162830159751,1211.9495597869989,CLOSE,2017-01-10,2017-01-11,LONG,UP,0.9475,STRONG BUY,1.0189372761628501
1192.699951171875,1198.9000244140625,6.2000732421875,0.005198351216578556,1173.4761506059294,1218.3316852598025,CLOSE,2017-01-11,2017-01-12,LONG,UP,0.8925,STRONG BUY,1.0242340699920085
1195.699951171875,1195.300048828125,0.39990234375,0.0003344504140508377,1214.8363374116816,1170.1847695187994,CLOSE,2017-01-12,2017-01-13,SHORT,DOWN,0.755,STRONG SELL,1.0245766255008022
1205.5,1212.0,6.5,0.005391953546246371,1186.530490644231,1230.7926791410255,CLOSE,2017-01-13,2017-01-17,LONG,UP,0.865,STRONG BUY,1.0301010950700724
1213.5999755859375,1211.300048828125,2.2999267578125,0.0018951275577457668,1233.282369283203,1187.3567839895834,CLOSE,2017-01-17,2017-01-18,SHORT,DOWN,0.8475,STRONG SELL,1.0320532680426038
1200.5,1200.9000244140625,-0.4000244140625,-0.0003332148388692212,1220.01936296024,1174.4741827196801,CLOSE,2017-01-18,2017-01-19,SHORT,DOWN,0.8525,STRONG SELL,1.0317093725791886
1202.800048828125,1204.300048828125,1.5,0.001247090072420128,1183.0142117936166,1229.1811648741364,CLOSE,2017-01-19,2017-01-20,LONG,UP,0.8,STRONG BUY,1.032996007095355
1212.0,1215.0,3.0,0.0024752475247524753,1192.4274422709698,1238.0967436387068,CLOSE,2017-01-20,2017-01-23,LONG,UP,0.75,STRONG BUY,1.0355529279049969
1219.0,1210.300048828125,8.699951171875,0.007136957483080394,1238.3209412310862,1193.2387450252186,CLOSE,2017-01-23,2017-01-24,SHORT,DOWN,0.8525,STRONG SELL,1.0429436251229343
1202.0,1197.300048828125,4.699951171875,0.003910109128015807,1221.1515935175933,1176.4645419765423,CLOSE,2017-01-24,2017-01-25,SHORT,DOWN,0.8725,STRONG SELL,1.0470216485115333
1199.699951171875,1189.5,10.199951171875,0.00850208517714085,1219.1335763397183,1173.788450948084,CLOSE,2017-01-25,2017-01-26,SHORT,DOWN,0.8325,STRONG SELL,1.0559235157494888
1187.9000244140625,1188.0999755859375,-0.199951171875,-0.0001683232323979679,1207.4562451684103,1161.8250634082654,CLOSE,2017-01-26,2017-01-27,SHORT,DOWN,0.7725,STRONG SELL,1.0557457792901528
1191.699951171875,1193.199951171875,1.5,0.0012587061017540143,1173.3691773729158,1216.1409829038205,CLOSE,2017-01-27,2017-01-30,LONG,UP,0.8675,STRONG BUY,1.0570746529444464
1194.9000244140625,1208.5999755859375,13.699951171875,0.011465353495655823,1176.6571604135222,1219.2238430814493,CLOSE,2017-01-30,2017-01-31,LONG,UP,0.8375,STRONG BUY,1.0691943875117522
1211.9000244140625,1205.5999755859375,6.300048828125,0.00519848890272198,1231.1433981288499,1186.242192794346,CLOSE,2017-01-31,2017-02-01,SHORT,DOWN,0.74,STRONG SELL,1.0747525826700846
1209.699951171875,1216.699951171875,7.0,0.005786558884472861,1190.331104151001,1235.5250805330402,CLOSE,2017-02-01,2017-02-02,LONG,UP,0.7975,STRONG BUY,1.0809717017759441
1214.9000244140625,1218.5,3.5999755859375,0.002963186693220903,1194.9218119390434,1241.5376410474214,CLOSE,2017-02-02,2017-02-03,LONG,UP,0.915,STRONG BUY,1.084174822738395
1221.9000244140625,1230.0,8.0999755859375,0.006629000265239932,1201.8059673571809,1248.6921004899045,CLOSE,2017-02-03,2017-02-06,LONG,UP,0.92,STRONG BUY,1.0913618179258942
1234.199951171875,1234.199951171875,0.0,0.0,1213.730467003264,1261.492596730023,CLOSE,2017-02-06,2017-02-07,LONG,UP,0.85,STRONG BUY,1.0913618179258942
1232.0999755859375,1237.5999755859375,5.5,0.004463923471294949,1212.267602660955,1258.5431394859143,CLOSE,2017-02-07,2017-02-08,LONG,UP,0.795,STRONG BUY,1.0962335735606086
1239.4000244140625,1235.0999755859375,4.300048828125,0.0034694600156699906,1259.1979447459103,1213.0027973049323,CLOSE,2017-02-08,2017-02-09,SHORT,DOWN,0.8975,STRONG SELL,1.100036912111912
1227.5999755859375,1234.4000244140625,-6.800048828125,-0.005539303489216277,1247.7623275640037,1200.7168396151826,CLOSE,2017-02-09,2017-02-10,SHORT,DOWN,0.855,STRONG SELL,1.0939434738063838
1230.5,1224.4000244140625,6.0999755859375,0.004957314576137749,1250.6793242209833,1203.5942343720224,CLOSE,2017-02-10,2017-02-13,SHORT,DOWN,0.8775,STRONG SELL,1.0993664957345548
1225.9000244140625,1223.9000244140625,2.0,0.0016314544091439514,1246.2879709493393,1198.71609570036,CLOSE,2017-02-13,2017-02-14,SHORT,DOWN,0.76,STRONG SELL,1.1011600620512862
1225.5,1231.699951171875,6.199951171875,0.005059119683292534,1205.346904172879,1252.3707944361613,CLOSE,2017-02-14,2017-02-15,LONG,UP,0.7925,STRONG BUY,1.1067309625956656
1234.5,1240.0,5.5,0.0044552450384771165,1214.2435643379858,1261.5085808826855,CLOSE,2017-02-15,2017-02-16,LONG,UP,0.8275,STRONG BUY,1.111661720225699
1240.699951171875,1237.5999755859375,3.0999755859375,0.002498569926604324,1260.4737842866023,1214.3348403522384,CLOSE,2017-02-16,2017-02-17,SHORT,DOWN,0.85,STRONG SELL,1.1144392847684121
1237.300048828125,1237.5,-0.199951171875,-0.0001616028157958761,1256.347169114345,1211.9038884464983,CLOSE,2017-02-17,2017-02-21,SHORT,DOWN,0.885,STRONG SELL,1.11425918824196
1236.0999755859375,1232.0,4.0999755859375,0.0033168640619008387,1254.8044444231418,1211.1606838029984,CLOSE,2017-02-21,2017-02-22,SHORT,DOWN,0.805,STRONG SELL,1.1179550344990825
1236.0999755859375,1250.199951171875,14.0999755859375,0.011406824580878916,1218.0029766559107,1260.22930749264,CLOSE,2017-02-22,2017-02-23,LONG,UP,0.7525,STRONG BUY,1.130707351466924
1250.0,1256.9000244140625,6.9000244140625,0.00552001953125,1231.2349243333904,1275.020100888813,CLOSE,2017-02-23,2017-02-24,LONG,UP,0.7,STRONG BUY,1.1369488781311492
1254.699951171875,1257.4000244140625,2.7000732421875,0.002151967280835281,1236.3323756784382,1279.1900518297905,CLOSE,2017-02-24,2017-02-27,LONG,UP,0.71,STRONG BUY,1.1393955549168697
1253.5999755859375,1252.5999755859375,1.0,0.0007977026319999696,1272.016290455401,1229.0448890933194,CLOSE,2017-02-27,2017-02-28,SHORT,DOWN,0.8075,STRONG SELL,1.140304453749916
1247.800048828125,1248.9000244140625,-1.0999755859375,-0.0008815319305128616,1265.9937776257184,1223.5417437646672,CLOSE,2017-02-28,2017-03-01,SHORT,DOWN,0.8675,STRONG SELL,1.1392992389634296
1247.199951171875,1231.9000244140625,15.2999267578125,0.012267420908280677,1265.7762655380554,1222.4315320169678,CLOSE,2017-03-01,2017-03-02,SHORT,DOWN,0.87,STRONG SELL,1.153275502268278
1231.699951171875,1225.5,6.199951171875,0.005033653826141819,1250.8993937878483,1206.1006943505772,CLOSE,2017-03-02,2017-03-03,SHORT,DOWN,0.835,STRONG SELL,1.1590806919128662
1235.199951171875,1224.5,10.699951171875,0.008662525578732093,1254.3458543250445,1209.6720803009823,CLOSE,2017-03-03,2017-03-06,SHORT,DOWN,0.855,STRONG SELL,1.169121258054376
1224.300048828125,1215.0999755859375,9.2000732421875,0.0075145576045623965,1243.2248108101976,1199.0670328520282,CLOSE,2017-03-06,2017-03-07,SHORT,DOWN,0.8875,STRONG SELL,1.1779066870947439
1212.199951171875,1208.5,3.699951171875,0.0030522614427579632,1231.026523716891,1187.097854445187,CLOSE,2017-03-07,2017-03-08,SHORT,DOWN,0.8325,STRONG SELL,1.18150196625893
1204.5,1202.4000244140625,2.0999755859375,0.0017434417483914487,1222.8818199790217,1179.990906694638,CLOSE,2017-03-08,2017-03-09,SHORT,DOWN,0.8525,STRONG SELL,1.1835618461127124
1196.199951171875,1200.699951171875,-4.5,-0.0037619128771837086,1213.9330644922388,1172.5558000780566,CLOSE,2017-03-09,2017-03-10,SHORT,DOWN,0.87,STRONG SELL,1.1791093895628777
1206.199951171875,1202.4000244140625,-3.7999267578125,-0.0031503290595565918,1188.9727640540818,1229.1695339955993,CLOSE,2017-03-10,2017-03-13,LONG,UP,0.7775,STRONG BUY,1.1753948069885418
1203.0999755859375,1201.9000244140625,1.199951171875,0.0009973827580626424,1220.0930831411874,1180.4424988456044,CLOSE,2017-03-13,2017-03-14,SHORT,DOWN,0.855,STRONG SELL,1.1765671255029486
1198.199951171875,1214.954262714529,-16.754311542654023,-0.013982901206320206,1214.954262714529,1175.8608691150032,SL,2017-03-14,2017-03-15,SHORT,DOWN,0.825,STRONG SELL,1.1601153036244367
1222.199951171875,1226.5,4.300048828125,0.003518285877856572,1204.124519025125,1246.3005273675417,CLOSE,2017-03-15,2017-03-16,LONG,UP,0.7575,STRONG BUY,1.1641969209138638
1227.0999755859375,1229.800048828125,2.7000732421875,0.0022003694042111127,1206.9620690752276,1253.9505176002174,CLOSE,2017-03-16,2017-03-17,LONG,UP,0.905,STRONG BUY,1.1667585841991195
1229.300048828125,1233.5999755859375,4.2999267578125,0.0034978659294055683,1210.1291330238162,1254.8612699005366,CLOSE,2017-03-17,2017-03-20,LONG,UP,0.94,STRONG BUY,1.170839749298631
1226.4000244140625,1246.0999755859375,19.699951171875,0.016063234490954165,1208.052033782997,1250.8640119221502,CLOSE,2017-03-20,2017-03-21,LONG,UP,0.9325,STRONG BUY,1.1896472227429449
1247.9000244140625,1249.300048828125,1.4000244140625,0.0011219043085762145,1228.7518954882291,1273.4308629818402,CLOSE,2017-03-21,2017-03-22,LONG,UP,0.8775,STRONG BUY,1.1909818930878258
1246.4000244140625,1246.9000244140625,-0.5,-0.0004011553194850521,1264.5447181752716,1222.2070993991172,CLOSE,2017-03-22,2017-03-23,SHORT,DOWN,0.725,STRONG SELL,1.1905041243660033
1248.0,1248.199951171875,0.199951171875,0.00016021728515625,1230.6692129360201,1271.1077160853065,CLOSE,2017-03-23,2017-03-24,LONG,UP,0.845,STRONG BUY,1.1906948637047765
1255.800048828125,1255.4000244140625,-0.4000244140625,-0.0003185414863104925,1239.5571725100656,1277.4572172522041,CLOSE,2017-03-24,2017-03-27,LONG,UP,0.845,STRONG BUY,1.1903155779931498
1255.9000244140625,1255.300048828125,0.5999755859375,0.0004777255946128493,1272.0005524236892,1234.4326537345603,CLOSE,2017-03-27,2017-03-28,SHORT,DOWN,0.9,STRONG SELL,1.1908842222104237
1252.199951171875,1253.4000244140625,-1.2000732421875,-0.0009583718966483013,1267.2147245650215,1232.1802533143461,CLOSE,2017-03-28,2017-03-29,SHORT,DOWN,0.885,STRONG SELL,1.1897429122396954
1253.0999755859375,1245.0,8.0999755859375,0.0064639499990015,1267.3851301555223,1234.053102826491,CLOSE,2017-03-29,2017-03-30,SHORT,DOWN,0.79,STRONG SELL,1.1974333509360793
1242.0999755859375,1247.300048828125,5.2000732421875,0.004186517465902422,1227.4959034856088,1261.5720717197091,CLOSE,2017-03-30,2017-03-31,LONG,UP,0.905,STRONG BUY,1.2024464265740271
1247.5,1250.800048828125,3.300048828125,0.0026453297219438876,1232.8569225865251,1267.0241032179665,CLOSE,2017-03-31,2017-04-03,LONG,UP,0.9275,STRONG BUY,1.2056272938452888
1253.0999755859375,1255.0,1.9000244140625,0.0015162592379543115,1238.5599698989831,1272.48664983521,CLOSE,2017-04-03,2017-04-04,LONG,UP,0.8425,STRONG BUY,1.2074553373671115
1255.4000244140625,1245.4000244140625,10.0,0.007965588502093057,1269.9193154090915,1236.0409697540238,CLOSE,2017-04-04,2017-04-05,SHORT,DOWN,0.7575,STRONG SELL,1.2170734297192338
1256.0999755859375,1250.300048828125,-5.7999267578125,-0.004617408542745164,1241.2892027604753,1275.8476726865538,CLOSE,2017-04-05,2017-04-06,LONG,UP,0.8625,STRONG BUY,1.2114537044677
1249.5,1254.300048828125,4.800048828125,0.0038415756927771107,1234.4507135635774,1269.5657152485633,CLOSE,2017-04-06,2017-04-07,LONG,UP,0.8325,STRONG BUY,1.216107595571708
1252.699951171875,1251.0999755859375,1.5999755859375,0.0012772217197268634,1268.774285961332,1231.2675047859323,CLOSE,2017-04-07,2017-04-10,SHORT,DOWN,0.7375,STRONG SELL,1.217660834606297
1254.5,1271.199951171875,16.699951171875,0.013312037602132324,1238.6738424443881,1275.6015434074825,CLOSE,2017-04-10,2017-04-11,LONG,UP,0.855,STRONG BUY,1.2338703814232197
1275.0,1275.300048828125,0.300048828125,0.00023533241421568626,1257.9042796539966,1297.7942937946714,CLOSE,2017-04-11,2017-04-12,LONG,UP,0.8475,STRONG BUY,1.2341607511189092
1285.300048828125,1285.9000244140625,0.5999755859375,0.00046679807293598796,1267.9361630339008,1308.4518965537573,CLOSE,2017-04-12,2017-04-13,LONG,UP,0.8775,STRONG BUY,1.2347368549792248
1291.800048828125,1289.4000244140625,-2.4000244140625,-0.0018578915647508426,1274.3585912951512,1315.0553255387567,CLOSE,2017-04-13,2017-04-17,LONG,UP,0.8425,STRONG BUY,1.232442847791672
1283.9000244140625,1291.699951171875,7.7999267578125,0.006075182342466406,1266.579385276301,1306.9942099310776,CLOSE,2017-04-17,2017-04-18,LONG,UP,0.7775,STRONG BUY,1.2399301628186752
1288.0,1281.4000244140625,6.5999755859375,0.005124204647467003,1305.4870194407004,1264.6839740790663,CLOSE,2017-04-18,2017-04-19,SHORT,DOWN,0.7925,STRONG SELL,1.2462838187215253
1279.699951171875,1281.9000244140625,2.2000732421875,0.001719210225938354,1261.5655812085238,1303.87911112301,CLOSE,2017-04-19,2017-04-20,LONG,UP,0.8525,STRONG BUY,1.248426442607093
1279.800048828125,1287.4000244140625,7.5999755859375,0.0059384085763214125,1262.3502688719216,1303.066422103063,CLOSE,2017-04-20,2017-04-21,LONG,UP,0.885,STRONG BUY,1.2558401089007774
1275.0,1275.800048828125,-0.800048828125,-0.0006274892769607843,1292.0819463781374,1252.2240714958166,CLOSE,2017-04-21,2017-04-24,SHORT,DOWN,0.8325,STRONG SELL,1.255052082698865
1275.5999755859375,1265.5999755859375,10.0,0.007839448252894935,1293.8617855528576,1251.2508956300442,CLOSE,2017-04-24,2017-04-25,SHORT,DOWN,0.8125,STRONG SELL,1.2648909985558707
1266.0,1262.0999755859375,3.9000244140625,0.0030805880047887046,1284.543114486582,1241.275847351224,CLOSE,2017-04-25,2017-04-26,SHORT,DOWN,0.8075,STRONG SELL,1.268787606593387
1266.699951171875,1263.699951171875,-3.0,-0.0023683588186962346,1249.0634851042564,1290.215239262033,CLOSE,2017-04-26,2017-04-27,LONG,UP,0.8575,STRONG BUY,1.2657826622762591
1265.9000244140625,1266.0999755859375,0.199951171875,0.00015795178767576837,1248.9768799670662,1288.4642170100576,CLOSE,2017-04-27,2017-04-28,LONG,UP,0.8375,STRONG BUY,1.2659825949105745
1268.699951171875,1253.300048828125,15.39990234375,0.01213833288913221,1284.789299586943,1247.247486618451,CLOSE,2017-04-28,2017-05-01,SHORT,DOWN,0.775,STRONG SELL,1.2813495130794466
1256.199951171875,1255.0999755859375,-1.0999755859375,-0.0008756373417395555,1239.5455562150262,1278.4058111143402,CLOSE,2017-05-01,2017-05-02,LONG,UP,0.66,STRONG BUY,1.2802275155979743
1255.0999755859375,1246.4000244140625,8.699951171875,0.006931679819221946,1271.1004851887258,1233.76596278222,CLOSE,2017-05-02,2017-05-03,SHORT,DOWN,0.885,STRONG SELL,1.2891016428318576
1239.800048828125,1226.5,13.300048828125,0.010727575660846584,1256.4898182081695,1217.5470229880657,CLOSE,2017-05-03,2017-05-04,SHORT,DOWN,0.8425,STRONG SELL,1.302930578239858
1227.0,1224.800048828125,2.199951171875,0.0017929512403219235,1244.8762222717041,1203.165036971061,CLOSE,2017-05-04,2017-05-05,SHORT,DOWN,0.8575,STRONG SELL,1.3052666692361663
1224.0,1225.300048828125,1.300048828125,0.0010621313955269608,1206.4470897823014,1247.4038802902646,CLOSE,2017-05-05,2017-05-08,LONG,UP,0.7275,STRONG BUY,1.306653033945097
1226.0999755859375,1214.300048828125,11.7999267578125,0.009623951547811968,1243.4705350738004,1202.9392296021203,CLOSE,2017-05-08,2017-05-09,SHORT,DOWN,0.7375,STRONG SELL,1.3192281994335862
1219.800048828125,1217.300048828125,-2.5,-0.0020495162321085138,1202.3631059638371,1243.049305980509,CLOSE,2017-05-09,2017-05-10,LONG,UP,0.8625,STRONG BUY,1.3165244198249917
1218.5,1222.699951171875,4.199951171875,0.0034468208222199425,1201.6764206606167,1240.9314391191779,CLOSE,2017-05-10,2017-05-11,LONG,UP,0.875,STRONG BUY,1.3210622436082056
1228.0,1226.199951171875,-1.800048828125,-0.0014658378079193811,1211.7995439337421,1249.6006080883437,CLOSE,2017-05-11,2017-05-12,LONG,UP,0.83,STRONG BUY,1.3191257806249097
1227.5,1228.5999755859375,1.0999755859375,0.0008961104569755601,1211.7281427068901,1248.5291430574798,CLOSE,2017-05-12,2017-05-15,LONG,UP,0.9125,STRONG BUY,1.3203078630309937
1230.4000244140625,1235.0,4.5999755859375,0.0037386016699146986,1215.0582997847462,1250.8556572531509,CLOSE,2017-05-15,2017-05-16,LONG,UP,0.92,STRONG BUY,1.325243968212523
1241.0,1257.5,16.5,0.01329572925060435,1225.821962139686,1261.2373838137519,CLOSE,2017-05-16,2017-05-17,LONG,UP,0.895,STRONG BUY,1.3428640532048732
1254.800048828125,1251.699951171875,3.10009765625,0.0024705909592091773,1271.4867930382602,1232.5510565479447,CLOSE,2017-05-17,2017-05-18,SHORT,DOWN,0.7225,STRONG SELL,1.346181720994168
1252.699951171875,1252.699951171875,0.0,0.0,1235.68369392262,1275.3882941708816,CLOSE,2017-05-18,2017-05-19,LONG,UP,0.8475,STRONG BUY,1.346181720994168
1251.699951171875,1260.699951171875,9.0,0.007190221579519884,1235.7919980118525,1272.9105553852382,CLOSE,2017-05-19,2017-05-22,LONG,UP,0.83,STRONG BUY,1.3558610658544155
1261.5,1254.800048828125,6.699951171875,0.005311098828279826,1277.2359565057352,1240.5187246590199,CLOSE,2017-05-22,2017-05-23,SHORT,DOWN,0.78,STRONG SELL,1.363062177972585
1251.9000244140625,1252.4000244140625,-0.5,-0.00039939291496860483,1267.6905554551022,1230.8459830260094,CLOSE,2017-05-23,2017-05-24,SHORT,DOWN,0.805,STRONG SELL,1.3625177805960411
1257.0999755859375,1255.800048828125,-1.2999267578125,-0.0010340679206573057,1241.569472013231,1277.8073136828796,CLOSE,2017-05-24,2017-05-25,LONG,UP,0.8325,STRONG BUY,1.3611088446678015
1267.5999755859375,1267.5999755859375,0.0,0.0,1252.5466482240604,1287.671078735107,CLOSE,2017-05-25,2017-05-26,LONG,UP,0.835,STRONG BUY,1.3611088446678015
1267.4000244140625,1262.0999755859375,5.300048828125,0.004181827935955177,1282.6423919741426,1247.076867667289,CLOSE,2017-05-26,2017-05-30,SHORT,DOWN,0.74,STRONG SELL,1.366800767658309
1262.4000244140625,1272.0,9.5999755859375,0.007604543251172137,1247.0035428669235,1282.9286664769147,CLOSE,2017-05-30,2017-05-31,LONG,UP,0.8,STRONG BUY,1.377194663211702
1268.0,1267.0,1.0,0.0007886435331230284,1283.8717276336158,1246.8376964885124,CLOSE,2017-05-31,2017-06-01,SHORT,DOWN,0.7125,STRONG SELL,1.3782807788766955
1265.199951171875,1276.800048828125,11.60009765625,0.009168588447624868,1249.2619236008165,1286.450654599953,CLOSE,2017-06-01,2017-06-02,LONG,UP,0.8175,STRONG BUY,1.3909176681034878
1279.199951171875,1279.300048828125,0.10009765625,7.825020330738798e-05,1262.2574969987493,1301.7898900693758,CLOSE,2017-06-02,2017-06-05,LONG,UP,0.83,STRONG BUY,1.3910265076938009
1279.4000244140625,1294.4000244140625,15.0,0.011724245516463606,1263.1106079134593,1301.119246414867,CLOSE,2017-06-05,2017-06-06,LONG,UP,0.845,STRONG BUY,1.407335243989912
1291.5999755859375,1290.0999755859375,1.5,0.0011613502851914512,1308.4294233018995,1269.1607119646549,CLOSE,2017-06-06,2017-06-07,SHORT,DOWN,0.86,STRONG SELL,1.4089696531768798
1285.4000244140625,1276.300048828125,9.0999755859375,0.0070794891964356685,1302.109508963092,1263.1207116820233,CLOSE,2017-06-07,2017-06-08,SHORT,DOWN,0.895,STRONG SELL,1.4189444386146512
1277.9000244140625,1268.5,9.4000244140625,0.007355837103432689,1295.7731172095898,1254.069234020026,CLOSE,2017-06-08,2017-06-09,SHORT,DOWN,0.7975,STRONG SELL,1.4293819627639226
1266.4000244140625,1266.0999755859375,0.300048828125,0.00023693052932767153,1284.4214729557798,1242.3714263584393,CLOSE,2017-06-09,2017-06-12,SHORT,DOWN,0.8025,STRONG SELL,1.4297206269889717
1264.0999755859375,1265.800048828125,-1.7000732421875,-0.001344888280216507,1281.4877596949875,1240.9162634405375,CLOSE,2017-06-12,2017-06-13,SHORT,DOWN,0.7075,STRONG SELL,1.4277978124737505
1269.4000244140625,1272.800048828125,3.4000244140625,0.0026784499359308774,1252.4827884654246,1291.9563390122464,CLOSE,2017-06-13,2017-06-14,LONG,UP,0.82,STRONG BUY,1.431622097433093
1263.199951171875,1252.199951171875,11.0,0.008708043401834573,1281.1802364640255,1239.2262374490078,CLOSE,2017-06-14,2017-06-15,SHORT,DOWN,0.81,STRONG SELL,1.4440887247925658
1252.800048828125,1254.0,1.199951171875,0.000957815393603664,1233.6933553425567,1278.275640142216,CLOSE,2017-06-15,2017-06-16,LONG,UP,0.7975,STRONG BUY,1.4454718952029015
1252.0999755859375,1244.199951171875,7.9000244140625,0.006309419829167854,1270.2704766796794,1227.8726407942816,CLOSE,2017-06-16,2017-06-19,SHORT,DOWN,0.87,STRONG SELL,1.4545919842409993
1242.199951171875,1241.0,1.199951171875,0.0009659887450027525,1260.368985285986,1217.9745723530605,CLOSE,2017-06-19,2017-06-20,SHORT,DOWN,0.825,STRONG SELL,1.4559971037263473
1244.0999755859375,1243.4000244140625,-0.699951171875,-0.0005626164983608667,1226.6930153371202,1267.3092559176937,CLOSE,2017-06-20,2017-06-21,LONG,UP,0.805,STRONG BUY,1.4551779357342252
1251.0,1247.5999755859375,-3.4000244140625,-0.002717845255045963,1234.3006797689554,1273.2657603080595,CLOSE,2017-06-21,2017-06-22,LONG,UP,0.85,STRONG BUY,1.4512229872863425
1250.0,1272.0039098228856,22.00390982288559,0.017603127858308473,1233.4970676328358,1272.0039098228856,TP,2017-06-22,2017-06-23,LONG,UP,0.8425,STRONG BUY,1.4767690510824603
1260.199951171875,1246.300048828125,13.89990234375,0.01102991817355993,1278.3098169413845,1236.0534634791957,CLOSE,2017-06-23,2017-06-26,SHORT,DOWN,0.7175,STRONG SELL,1.4930576928771457
1251.5999755859375,1246.4000244140625,-5.199951171875,-0.004154643075508721,1232.7908171300426,1276.678853527131,CLOSE,2017-06-26,2017-06-27,LONG,UP,0.8425,STRONG BUY,1.4868545710720986
1248.5,1248.0,-0.5,-0.00040048057669203043,1230.402207389448,1272.6303901474027,CLOSE,2017-06-27,2017-06-28,LONG,UP,0.8225,STRONG BUY,1.4862591146960185
1248.199951171875,1244.199951171875,4.0,0.003204614770449712,1265.2300416944524,1225.4931638084386,CLOSE,2017-06-28,2017-06-29,SHORT,DOWN,0.785,STRONG SELL,1.4910220026076888
1243.699951171875,1240.699951171875,3.0,0.0024121573673563735,1260.863604041333,1220.8150806792644,CLOSE,2017-06-29,2017-06-30,SHORT,DOWN,0.785,STRONG SELL,1.4946185823161693
1236.0,1217.9000244140625,18.0999755859375,0.014643993192506068,1252.4841036201328,1214.0211951731562,CLOSE,2017-06-30,2017-07-03,SHORT,DOWN,0.715,STRONG SELL,1.5165057666610002
1222.5,1220.4000244140625,-2.0999755859375,-0.001717771440439673,1204.7504830572539,1246.1660225903283,CLOSE,2017-07-03,2017-07-05,LONG,UP,0.865,STRONG BUY,1.5139007563657678
1225.0999755859375,1222.199951171875,-2.9000244140625,-0.002367173677132337,1207.7718500947378,1248.2041429075368,CLOSE,2017-07-05,2017-07-06,LONG,UP,0.8775,STRONG BUY,1.510317090345508
1219.0999755859375,1208.5999755859375,10.5,0.008612911336458171,1235.6939440247522,1196.9746843341845,CLOSE,2017-07-06,2017-07-07,SHORT,DOWN,0.7525,STRONG SELL,1.5233253175345913
1211.4000244140625,1212.0999755859375,0.699951171875,0.0005778034982404402,1194.5341991938126,1233.8877913743956,CLOSE,2017-07-07,2017-07-10,LONG,UP,0.905,STRONG BUY,1.524205500232021
1208.699951171875,1213.5999755859375,4.9000244140625,0.00405396261438727,1192.6638277530715,1230.081449063613,CLOSE,2017-07-10,2017-07-11,LONG,UP,0.885,STRONG BUY,1.530384572346605
1218.300048828125,1218.0999755859375,-0.2000732421875,-0.00016422328996863224,1202.745069234716,1239.040021619337,CLOSE,2017-07-11,2017-07-12,LONG,UP,0.88,STRONG BUY,1.530133247557217
1221.4000244140625,1216.300048828125,5.0999755859375,0.004175516197802674,1236.465367839527,1201.3128998467764,CLOSE,2017-07-12,2017-07-13,SHORT,DOWN,0.685,STRONG SELL,1.5365223437171887
1214.9000244140625,1226.5999755859375,11.699951171875,0.009630381872383123,1200.3643509919234,1234.280922310248,CLOSE,2017-07-13,2017-07-14,LONG,UP,0.825,STRONG BUY,1.5513196406426342
1229.9000244140625,1232.800048828125,2.9000244140625,0.0023579350813039478,1215.0419043250897,1249.7108511993597,CLOSE,2017-07-14,2017-07-17,LONG,UP,0.89,STRONG BUY,1.5549775516456212
1236.199951171875,1241.0999755859375,4.9000244140625,0.0039637798152454586,1221.6745487148155,1255.5671544479544,CLOSE,2017-07-17,2017-07-18,LONG,UP,0.89,STRONG BUY,1.561141140277994
1240.4000244140625,1241.199951171875,0.7999267578125,0.0006448941809642157,1226.0121611671054,1259.583842076672,CLOSE,2017-07-18,2017-07-19,LONG,UP,0.9025,STRONG BUY,1.5621479111150232
1236.5999755859375,1244.800048828125,8.2000732421875,0.00663114459330477,1223.1219623295553,1254.5706599277803,CLOSE,2017-07-19,2017-07-20,LONG,UP,0.91,STRONG BUY,1.5725067397897559
1250.699951171875,1254.300048828125,3.60009765625,0.002878466296314154,1237.306073872143,1268.5584542381844,CLOSE,2017-07-20,2017-07-21,LONG,UP,0.91,STRONG BUY,1.5770331474409676
1256.0,1253.9000244140625,2.0999755859375,0.0016719550843451432,1269.4550289211797,1238.059961438427,CLOSE,2017-07-21,2017-07-24,SHORT,DOWN,0.8325,STRONG SELL,1.5796698760300123
1252.699951171875,1251.699951171875,1.0,0.0007982757555506573,1265.4189039828923,1235.741347423852,CLOSE,2017-07-24,2017-07-25,SHORT,DOWN,0.845,STRONG SELL,1.5809308881938209
1244.800048828125,1249.0,-4.199951171875,-0.0033739966316910916,1257.1140842857326,1228.3813348846481,CLOSE,2017-07-25,2017-07-26,SHORT,DOWN,0.83,STRONG SELL,1.5755968327021184
1259.5999755859375,1259.5999755859375,0.0,0.0,1247.4262388384716,1275.8316245825588,CLOSE,2017-07-26,2017-07-27,LONG,UP,0.805,STRONG BUY,1.5755968327021184
1258.4000244140625,1268.4000244140625,10.0,0.007946598701518788,1245.9601286214936,1274.9865521374877,CLOSE,2017-07-27,2017-07-28,LONG,UP,0.7825,STRONG BUY,1.588117468446986
1268.9000244140625,1266.5999755859375,2.300048828125,0.0018126320307914638,1281.8549250342269,1251.6268235871767,CLOSE,2017-07-28,2017-07-31,SHORT,DOWN,0.81,STRONG SELL,1.5909961410389524
1268.4000244140625,1272.5999755859375,4.199951171875,0.003311219718570384,1255.8347595524813,1285.1537108961709,CLOSE,2017-07-31,2017-08-01,LONG,UP,0.76,STRONG BUY,1.5962642788333299
1268.5,1271.800048828125,-3.300048828125,-0.0026015363248916043,1281.378465460196,1251.3287127197386,CLOSE,2017-08-01,2017-08-02,SHORT,DOWN,0.83,STRONG SELL,1.5921115393278182
1265.9000244140625,1267.800048828125,-1.9000244140625,-0.0015009277015710224,1278.8978799669453,1248.569550343552,CLOSE,2017-08-02,2017-08-03,SHORT,DOWN,0.85,STRONG SELL,1.5897218950144503
1269.0,1258.300048828125,10.699951171875,0.008431797613770685,1282.6980165750542,1250.7359778999278,CLOSE,2017-08-03,2017-08-04,SHORT,DOWN,0.8625,STRONG SELL,1.603126108295392
1258.699951171875,1258.199951171875,0.5,0.0003972352581204837,1273.1016756171261,1239.49765191154,CLOSE,2017-08-04,2017-08-07,SHORT,DOWN,0.8025,STRONG SELL,1.6037629265088205
1256.9000244140625,1256.4000244140625,0.5,0.00039780411352373737,1270.680189265847,1238.5264712783496,CLOSE,2017-08-07,2017-08-08,SHORT,DOWN,0.765,STRONG SELL,1.6044009099981025
1260.199951171875,1273.0,12.800048828125,0.010157157057673333,1246.043374755374,1279.0753863938762,CLOSE,2017-08-08,2017-08-09,LONG,UP,0.8425,STRONG BUY,1.6206970620244272
1276.5999755859375,1283.699951171875,7.0999755859375,0.005561629109916545,1261.1617234405371,1297.1843117798046,CLOSE,2017-08-09,2017-08-10,LONG,UP,0.8625,STRONG BUY,1.6297107779829385
1286.300048828125,1287.699951171875,1.39990234375,0.0010883171037934514,1270.421669220175,1307.471221638725,CLOSE,2017-08-10,2017-08-11,LONG,UP,0.835,STRONG BUY,1.631484420096854
1288.4000244140625,1284.199951171875,4.2000732421875,0.0032599139728343345,1304.1192314342236,1267.4410817205144,CLOSE,2017-08-11,2017-08-14,SHORT,DOWN,0.795,STRONG SELL,1.6368029189543893
1280.5,1273.699951171875,6.800048828125,0.005310463747071456,1296.1249753315,1259.666699558,CLOSE,2017-08-14,2017-08-15,SHORT,DOWN,0.765,STRONG SELL,1.6454951015165975
1271.300048828125,1276.9000244140625,5.5999755859375,0.004404920452177687,1254.991151010538,1293.045245918241,CLOSE,2017-08-15,2017-08-16,LONG,UP,0.9075,STRONG BUY,1.6527433765432262
1283.800048828125,1286.4000244140625,2.5999755859375,0.002025218481889608,1267.241791800522,1305.8777248649292,CLOSE,2017-08-16,2017-08-17,LONG,UP,0.8975,STRONG BUY,1.6560905429752222
1288.5999755859375,1285.699951171875,2.9000244140625,0.002250523412235697,1305.2183544957766,1266.4421370394853,CLOSE,2017-08-17,2017-08-18,SHORT,DOWN,0.81,STRONG SELL,1.65981761351497
1285.199951171875,1290.800048828125,5.60009765625,0.004357374625748859,1268.0114669330512,1308.1179301569734,CLOSE,2017-08-18,2017-08-21,LONG,UP,0.7475,STRONG BUY,1.6670500606674712
1287.199951171875,1285.0999755859375,2.0999755859375,0.0016314291995005662,1303.8142684282382,1265.0475281633908,CLOSE,2017-08-21,2017-08-22,SHORT,DOWN,0.855,STRONG SELL,1.6697697348134732
1289.4000244140625,1288.9000244140625,-0.5,-0.00038777725339908634,1273.158147927127,1311.0558597299764,CLOSE,2017-08-22,2017-08-23,LONG,UP,0.7825,STRONG BUY,1.6691222360918982
1288.699951171875,1286.5,2.199951171875,0.0017071089122603612,1304.2424131413284,1267.9766685459372,CLOSE,2017-08-23,2017-08-24,SHORT,DOWN,0.7075,STRONG SELL,1.671971609536783
1285.4000244140625,1292.5,7.0999755859375,0.005523553330547008,1270.4427356837775,1305.3430760544425,CLOSE,2017-08-24,2017-08-25,LONG,UP,0.8675,STRONG BUY,1.68120683388922
1293.5,1309.699951171875,16.199951171875,0.012524121508987244,1278.2825280707623,1313.789962572317,CLOSE,2017-08-25,2017-08-28,LONG,UP,0.8275,STRONG BUY,1.7022624725585884
1318.800048828125,1313.0999755859375,-5.7000732421875,-0.004322166386976205,1302.6552482336765,1340.326449620723,CLOSE,2017-08-28,2017-08-29,LONG,UP,0.825,STRONG BUY,1.6949050109178847
1308.199951171875,1308.0999755859375,0.0999755859375,7.642225169626606e-05,1324.7022764727467,1286.1968507707127,CLOSE,2017-08-29,2017-08-30,SHORT,DOWN,0.77,STRONG SELL,1.6950345393752302
1306.5999755859375,1316.199951171875,9.5999755859375,0.0073472950905516775,1290.39782160957,1328.2028475544275,CLOSE,2017-08-30,2017-08-31,LONG,UP,0.78,STRONG BUY,1.7074884583246974
1320.199951171875,1324.5,4.300048828125,0.0032571193661293982,1302.9479405877926,1343.2026319506515,CLOSE,2017-08-31,2017-09-01,LONG,UP,0.84,STRONG BUY,1.7130499520497493
1335.199951171875,1339.199951171875,4.0,0.0029958059813358215,1317.9480842009414,1358.2024404664533,CLOSE,2017-09-01,2017-09-05,LONG,UP,0.8725,STRONG BUY,1.7181819173424269
1340.0,1333.9000244140625,6.0999755859375,0.004552220586520522,1357.5945855271393,1316.540552630481,CLOSE,2017-09-05,2017-09-06,SHORT,DOWN,0.73,STRONG SELL,1.7260034604379404
1336.4000244140625,1345.0999755859375,8.699951171875,0.0065099902820560385,1319.2371871486273,1359.2838074346428,CLOSE,2017-09-06,2017-09-07,LONG,UP,0.86,STRONG BUY,1.7372397261921864
1351.0,1346.0,-5.0,-0.003700962250185048,1333.4452251550313,1374.4063664599585,CLOSE,2017-09-07,2017-09-08,LONG,UP,0.7925,STRONG BUY,1.7308102675460273
1331.0,1331.0,0.0,0.0,1348.4472987748482,1307.736934966869,CLOSE,2017-09-08,2017-09-11,SHORT,DOWN,0.7725,STRONG SELL,1.7308102675460273
1327.0,1328.0,-1.0,-0.0007535795026375283,1345.2046293450599,1302.7271608732533,CLOSE,2017-09-11,2017-09-12,SHORT,DOWN,0.8425,STRONG SELL,1.72950596440545
1323.4000244140625,1323.4000244140625,0.0,0.0,1340.9257568946316,1300.032381106637,CLOSE,2017-09-12,2017-09-13,SHORT,DOWN,0.775,STRONG SELL,1.72950596440545
1319.5999755859375,1324.699951171875,5.0999755859375,0.003864789087824115,1302.8332266126301,1341.9556408836809,CLOSE,2017-09-13,2017-09-14,LONG,UP,0.71,STRONG BUY,1.7361901401840107
1320.5999755859375,1320.4000244140625,0.199951171875,0.0001514093408840808,1337.2083931942432,1298.4554187748633,CLOSE,2017-09-14,2017-09-15,SHORT,DOWN,0.82,STRONG SELL,1.7364530155887854
1309.800048828125,1306.300048828125,3.5,0.00267216358949707,1325.7471404298105,1288.5372600258777,CLOSE,2017-09-15,2017-09-18,SHORT,DOWN,0.845,STRONG SELL,1.741093102111914
1307.9000244140625,1306.199951171875,1.7000732421875,0.001299849537772683,1324.2508978028486,1286.098859895681,CLOSE,2017-09-18,2017-09-19,SHORT,DOWN,0.7525,STRONG SELL,1.7433562611759135
1312.0,1312.0,0.0,0.0,1296.2598954344642,1332.986806087381,CLOSE,2017-09-19,2017-09-20,LONG,UP,0.7325,STRONG BUY,1.7433562611759135
1299.0999755859375,1290.5999755859375,8.5,0.0065429914246332085,1315.1407921998054,1277.71222010078,CLOSE,2017-09-20,2017-09-21,SHORT,DOWN,0.785,STRONG SELL,1.754763026242868
1295.0,1293.300048828125,-1.699951171875,-0.0013127036076254826,1277.7799612329932,1317.9600516893427,CLOSE,2017-09-21,2017-09-22,LONG,UP,0.795,STRONG BUY,1.7524595424877911
1293.0999755859375,1306.800048828125,13.7000732421875,0.010594751759994147,1276.5635136323663,1315.1485915240323,CLOSE,2017-09-22,2017-09-25,LONG,UP,0.815,STRONG BUY,1.7710264163098823
1304.5,1297.0,7.5,0.005749329244921426,1321.8052808681598,1281.4262921757868,CLOSE,2017-09-25,2017-09-26,SHORT,DOWN,0.8375,STRONG SELL,1.781208630278701
1283.4000244140625,1283.4000244140625,0.0,0.0,1300.5192190232244,1260.5744316018468,CLOSE,2017-09-26,2017-09-27,SHORT,DOWN,0.855,STRONG SELL,1.781208630278701
1283.0999755859375,1285.5,2.4000244140625,0.0018704890185712226,1265.7464403503654,1306.2380225667002,CLOSE,2017-09-27,2017-09-28,LONG,UP,0.7575,STRONG BUY,1.7845403614614215
1284.199951171875,1281.5,2.699951171875,0.0021024383075324096,1301.4925196049062,1261.1431932611667,CLOSE,2017-09-28,2017-09-29,SHORT,DOWN,0.81,STRONG SELL,1.7882922474786955
1275.0,1272.699951171875,2.300048828125,0.0018039598651960784,1291.90381616075,1252.4615784523332,CLOSE,2017-09-29,2017-10-02,SHORT,DOWN,0.855,STRONG SELL,1.7915182549203883
1269.699951171875,1271.5,-1.800048828125,-0.0014176962253669753,1286.5856349910648,1247.185706079622,CLOSE,2017-10-02,2017-10-03,SHORT,DOWN,0.8125,STRONG SELL,1.7889784262527115
1273.800048828125,1273.699951171875,-0.10009765625,-7.85819221329817e-05,1257.616906005786,1295.377572591244,CLOSE,2017-10-03,2017-10-04,LONG,UP,0.76,STRONG BUY,1.7888378448893223
1277.800048828125,1269.9000244140625,7.9000244140625,0.006182520043967474,1293.9844009661676,1256.2209126440682,CLOSE,2017-10-04,2017-10-05,SHORT,DOWN,0.77,STRONG SELL,1.7998973707207584
1267.5999755859375,1271.5999755859375,4.0,0.0031555696410857322,1251.4787836103778,1289.094898220017,CLOSE,2017-10-05,2017-10-06,LONG,UP,0.82,STRONG BUY,1.8055770722208746
1280.5999755859375,1281.800048828125,1.2000732421875,0.0009371179642873314,1264.398154465775,1302.2024037461542,CLOSE,2017-10-06,2017-10-09,LONG,UP,0.89,STRONG BUY,1.8072691109311583
1282.5999755859375,1290.5999755859375,8.0,0.006237330541305612,1266.2268533585657,1304.4308052224333,CLOSE,2017-10-09,2017-10-10,LONG,UP,0.8225,STRONG BUY,1.8185416457531276
1287.300048828125,1285.800048828125,1.5,0.0011652295060234816,1303.7143818422694,1265.4142714759323,CLOSE,2017-10-10,2017-10-11,SHORT,DOWN,0.7275,STRONG SELL,1.8206606641366914
1291.5,1293.300048828125,1.800048828125,0.0013937660302942316,1275.4974076740868,1312.8367897678843,CLOSE,2017-10-11,2017-10-12,LONG,UP,0.7775,STRONG BUY,1.8231982391230581
1293.300048828125,1301.5,8.199951171875,0.006340331603099433,1277.5083611856476,1314.355632351428,CLOSE,2017-10-12,2017-10-13,LONG,UP,0.79,STRONG BUY,1.8347579205372853
1302.0,1299.9000244140625,2.0999755859375,0.0016128844746063748,1317.7351385251575,1281.0198152997898,CLOSE,2017-10-13,2017-10-16,SHORT,DOWN,0.8525,STRONG SELL,1.837717173101981
1295.0999755859375,1283.0,12.0999755859375,0.009342889208582643,1310.9861782608048,1273.9183720194478,CLOSE,2017-10-16,2017-10-17,SHORT,DOWN,0.89,STRONG SELL,1.8548867610469826
1279.9000244140625,1279.9000244140625,0.0,0.0,1296.462215227946,1257.8171033288845,CLOSE,2017-10-17,2017-10-18,SHORT,DOWN,0.84,STRONG SELL,1.8548867610469826
1286.4000244140625,1286.9000244140625,0.5,0.00038868158466317127,1270.6887069883917,1307.3484476482902,CLOSE,2017-10-18,2017-10-19,LONG,UP,0.805,STRONG BUY,1.8556077213726372
1279.5999755859375,1277.4000244140625,2.199951171875,0.0017192491511791625,1294.9390560526317,1259.1478682970117,CLOSE,2017-10-19,2017-10-20,SHORT,DOWN,0.8325,STRONG SELL,1.8587979733725288
1274.699951171875,1277.699951171875,3.0,0.002353495030137875,1259.4386621670874,1295.0483365115917,CLOSE,2017-10-20,2017-10-23,LONG,UP,0.845,STRONG BUY,1.8631726451648913
1275.5,1275.0,0.5,0.0003920031360250882,1290.6676307360303,1255.2764923519594,CLOSE,2017-10-23,2017-10-24,SHORT,DOWN,0.78,STRONG SELL,1.8639030146847522
1269.9000244140625,1275.4000244140625,5.5,0.004331049605686656,1255.3872244448914,1289.2504243729572,CLOSE,2017-10-24,2017-10-25,LONG,UP,0.7625,STRONG BUY,1.871975671101541
1273.5,1266.300048828125,7.199951171875,0.005653671905673341,1287.5654571142304,1254.7460571810261,CLOSE,2017-10-25,2017-10-26,SHORT,DOWN,0.7325,STRONG SELL,1.882559207361352
1268.4000244140625,1268.5,0.0999755859375,7.882023337525851e-05,1254.1928063891858,1287.342981780565,CLOSE,2017-10-26,2017-10-27,LONG,UP,0.815,STRONG BUY,1.882707591117419
1270.0,1274.0999755859375,4.0999755859375,0.0032283272330216536,1256.5718742084848,1287.90416772202,CLOSE,2017-10-27,2017-10-30,LONG,UP,0.8575,STRONG BUY,1.8887855873056398
1273.0999755859375,1267.0,6.0999755859375,0.0047914348463717615,1286.2332300179023,1255.588969676651,CLOSE,2017-10-30,2017-10-31,SHORT,DOWN,0.7125,STRONG SELL,1.897835580385981
1272.199951171875,1274.0999755859375,1.9000244140625,0.0014934951163237432,1259.094072056479,1289.6744566590696,CLOSE,2017-10-31,2017-11-01,LONG,UP,0.8625,STRONG BUY,1.9006699885568727
1274.9000244140625,1274.9000244140625,0.0,0.0,1261.8945600038958,1292.2406436276183,CLOSE,2017-11-01,2017-11-02,LONG,UP,0.7725,STRONG BUY,1.9006699885568727
1265.300048828125,1266.5,-1.199951171875,-0.0009483530590126439,1277.4622710120075,1249.0837525829481,CLOSE,2017-11-02,2017-11-03,SHORT,DOWN,0.74,STRONG SELL,1.8988674823590512
1269.0,1279.4000244140625,10.4000244140625,0.008195448710845153,1256.67793915933,1285.4294144542266,CLOSE,2017-11-03,2017-11-06,LONG,UP,0.8375,STRONG BUY,1.9144295534194165
1276.800048828125,1273.699951171875,3.10009765625,0.0024280212544598016,1289.74196246589,1259.5441639777716,CLOSE,2017-11-06,2017-11-07,SHORT,DOWN,0.7375,STRONG SELL,1.9190778290652848
1275.9000244140625,1281.5999755859375,5.699951171875,0.004467396396902347,1262.9182474647093,1293.2090603465335,CLOSE,2017-11-07,2017-11-08,LONG,UP,0.9125,STRONG BUY,1.9276511104442264
1279.699951171875,1285.5999755859375,5.9000244140625,0.004610474829400126,1266.4454361572411,1297.3726378580534,CLOSE,2017-11-08,2017-11-09,LONG,UP,0.8425,STRONG BUY,1.9365384973687945
1283.5,1272.4000244140625,11.0999755859375,0.008648208481447215,1296.5792003609658,1266.061066185379,CLOSE,2017-11-09,2017-11-10,SHORT,DOWN,0.79,STRONG SELL,1.9532860860263883
1277.300048828125,1277.300048828125,0.0,0.0,1263.74079658167,1295.379051823398,CLOSE,2017-11-10,2017-11-13,LONG,UP,0.92,STRONG BUY,1.9532860860263883
1276.9000244140625,1281.5,4.5999755859375,0.0036024555548491853,1263.7842875694191,1294.3876735402534,CLOSE,2017-11-13,2017-11-14,LONG,UP,0.9175,STRONG BUY,1.9603227123372038
1281.4000244140625,1276.5,4.9000244140625,0.003823961542612817,1294.0717774397247,1264.5043537131796,CLOSE,2017-11-14,2017-11-15,SHORT,DOWN,0.66,STRONG SELL,1.9678189110002917
1277.5,1277.4000244140625,-0.0999755859375,-7.825877568493151e-05,1264.7905228949767,1294.4459694733644,CLOSE,2017-11-15,2017-11-16,LONG,UP,0.8975,STRONG BUY,1.9676649119015472
1288.300048828125,1295.800048828125,7.5,0.005821625177164448,1276.3912486591748,1304.178449053392,CLOSE,2017-11-16,2017-11-17,LONG,UP,0.86,STRONG BUY,1.9791199194928966
1274.5999755859375,1274.5999755859375,0.0,0.0,1287.6295783586122,1257.227171889038,CLOSE,2017-11-17,2017-11-20,SHORT,DOWN,0.7625,STRONG SELL,1.9791199194928966
1281.0999755859375,1281.0999755859375,0.0,0.0,1266.7296223067908,1300.2604466247997,CLOSE,2017-11-20,2017-11-21,LONG,UP,0.9175,STRONG BUY,1.9791199194928966
1284.699951171875,1291.5999755859375,6.9000244140625,0.0053709229207710716,1270.6596231269532,1303.420388565104,CLOSE,2017-11-21,2017-11-22,LONG,UP,0.8775,STRONG BUY,1.9897496200314555
1286.699951171875,1286.699951171875,0.0,0.0,1300.8623986421596,1267.8166878781622,CLOSE,2017-11-22,2017-11-24,SHORT,DOWN,0.77,STRONG SELL,1.9897496200314555
1293.800048828125,1293.800048828125,0.0,0.0,1280.1242021327826,1312.0345110885814,CLOSE,2017-11-24,2017-11-27,LONG,UP,0.815,STRONG BUY,1.9897496200314555
1294.699951171875,1294.699951171875,0.0,0.0,1281.240225920173,1312.6462515074775,CLOSE,2017-11-27,2017-11-28,LONG,UP,0.77,STRONG BUY,1.9897496200314555
1293.4000244140625,1282.0999755859375,11.300048828125,0.008736700645451248,1305.994758827473,1276.6070451961816,CLOSE,2017-11-28,2017-11-29,SHORT,DOWN,0.825,STRONG SELL,2.0071334668210707
1283.0999755859375,1273.199951171875,9.9000244140625,0.007715707740966621,1296.4129406397408,1265.3493555142,CLOSE,2017-11-29,2017-11-30,SHORT,DOWN,0.8425,STRONG SELL,2.0226199220481753
1274.0999755859375,1278.800048828125,4.7000732421875,0.0036889359801031423,1260.152217090107,1292.6969869137117,CLOSE,2017-11-30,2017-12-01,LONG,UP,0.7825,STRONG BUY,2.030081237452692
1272.5,1274.300048828125,-1.800048828125,-0.0014145766822200392,1287.3372017017646,1252.7170643976472,CLOSE,2017-12-01,2017-12-04,SHORT,DOWN,0.845,STRONG SELL,2.027209531871179
1275.4000244140625,1261.5999755859375,13.800048828125,0.010820172937086892,1290.0881402799869,1255.8158699261635,CLOSE,2017-12-04,2017-12-05,SHORT,DOWN,0.8425,STRONG SELL,2.0491442895857364
1264.9000244140625,1262.800048828125,-2.0999755859375,-0.0016601909600802388,1249.5681973069766,1285.3424605568437,CLOSE,2017-12-05,2017-12-06,LONG,UP,0.7925,STRONG BUY,2.0457423187602664
1262.300048828125,1249.800048828125,12.5,0.009902558438149916,1277.2010389892248,1242.4320619466585,CLOSE,2017-12-06,2017-12-07,SHORT,DOWN,0.7575,STRONG SELL,2.0660004016211864
1246.300048828125,1245.199951171875,1.10009765625,0.0008826908554520265,1262.1616851649387,1225.1512003790401,CLOSE,2017-12-07,2017-12-08,SHORT,DOWN,0.8325,STRONG SELL,2.0678240412830577
1248.4000244140625,1243.699951171875,4.7000732421875,0.0037648775634985133,1264.0179776726886,1227.5760867358943,CLOSE,2017-12-08,2017-12-11,SHORT,DOWN,0.835,STRONG SELL,2.075609145621347
1241.300048828125,1238.5,2.800048828125,0.0022557389172492533,1256.7988547209006,1220.634974304424,CLOSE,2017-12-11,2017-12-12,SHORT,DOWN,0.7975,STRONG SELL,2.0802911779481237
1241.9000244140625,1245.4000244140625,3.5,0.002818262284559762,1226.6618448978356,1262.217597102365,CLOSE,2017-12-12,2017-12-13,LONG,UP,0.825,STRONG BUY,2.0861539841158376
1252.9000244140625,1253.800048828125,0.9000244140625,0.0007183529384025752,1237.036000577566,1274.0520561960577,CLOSE,2017-12-13,2017-12-14,LONG,UP,0.8775,STRONG BUY,2.087652578960287
1253.0999755859375,1254.300048828125,1.2000732421875,0.0009576835572328195,1237.051247013711,1274.4982803489063,CLOSE,2017-12-14,2017-12-15,LONG,UP,0.8925,STRONG BUY,2.089651889508372
1256.199951171875,1262.199951171875,6.0,0.00477630969050967,1240.5261239360016,1277.0983874863728,CLOSE,2017-12-15,2017-12-18,LONG,UP,0.855,STRONG BUY,2.0996327140780227
1261.0999755859375,1260.699951171875,0.4000244140625,0.0003172027767874938,1276.522098260599,1240.5371453530556,CLOSE,2017-12-18,2017-12-19,SHORT,DOWN,0.7225,STRONG SELL,2.100298723405162
1261.300048828125,1266.0999755859375,4.7999267578125,0.003805539183378385,1246.4652153986403,1281.0798267341047,CLOSE,2017-12-19,2017-12-20,LONG,UP,0.8475,STRONG BUY,2.1082914924938803
1266.4000244140625,1267.300048828125,0.9000244140625,0.000710695196392564,1251.9926764708914,1285.6098216716239,CLOSE,2017-12-20,2017-12-21,LONG,UP,0.89,STRONG BUY,2.1097898451301913
1266.300048828125,1275.4000244140625,9.0999755859375,0.007186271211439115,1252.5896569252586,1284.5805713652803,CLOSE,2017-12-21,2017-12-22,LONG,UP,0.9025,STRONG BUY,2.124951367156437
1282.4000244140625,1284.0999755859375,1.699951171875,0.0013256013252586451,1268.5975176471152,1300.8033667699924,CLOSE,2017-12-22,2017-12-26,LONG,UP,0.8925,STRONG BUY,2.12776820550485
1284.0,1287.0,3.0,0.002336448598130841,1270.2512489479907,1302.3316680693456,CLOSE,2017-12-26,2017-12-27,LONG,UP,0.8625,STRONG BUY,2.132739626545749
1288.199951171875,1294.0999755859375,5.9000244140625,0.0045800532818645505,1275.1118251950093,1305.650785807696,CLOSE,2017-12-27,2017-12-28,LONG,UP,0.8725,STRONG BUY,2.142507687671672
1294.199951171875,1306.300048828125,12.10009765625,0.009349480847448324,1281.2859796662922,1311.4185798459855,CLOSE,2017-12-28,2017-12-29,LONG,UP,0.8275,STRONG BUY,2.1625390222630694
1302.300048828125,1313.699951171875,11.39990234375,0.008753668061372035,1288.9906414842133,1320.045925286674,CLOSE,2017-12-29,2018-01-02,LONG,UP,0.86,STRONG BUY,2.1814691710337244
1320.0,1316.199951171875,-3.800048828125,-0.0028788248697916665,1306.0019867423164,1338.6640176769115,CLOSE,2018-01-02,2018-01-03,LONG,UP,0.895,STRONG BUY,2.1751891033314688
1319.4000244140625,1319.4000244140625,0.0,0.0,1305.5447263890705,1337.8737551140518,CLOSE,2018-01-03,2018-01-04,LONG,UP,0.8725,STRONG BUY,2.1751891033314688
1320.300048828125,1320.300048828125,0.0,0.0,1306.8129811447618,1338.2828057392758,CLOSE,2018-01-04,2018-01-05,LONG,UP,0.82,STRONG BUY,2.1751891033314688
1319.9000244140625,1318.5999755859375,1.300048828125,0.000984960075822504,1332.5201613072636,1303.073175223128,CLOSE,2018-01-05,2018-01-08,SHORT,DOWN,0.7175,STRONG SELL,2.1773315777556146
1309.5999755859375,1311.699951171875,-2.0999755859375,-0.0016035244540974697,1321.9293962627157,1293.1607480169,CLOSE,2018-01-08,2018-01-09,SHORT,DOWN,0.695,STRONG SELL,2.173840173326005
1320.300048828125,1317.4000244140625,-2.9000244140625,-0.002196488909196444,1307.8870153425453,1336.8507601422314,CLOSE,2018-01-09,2018-01-10,LONG,UP,0.8475,STRONG BUY,2.1690653574949286
1317.0999755859375,1320.5999755859375,3.5,0.002657353325394268,1304.6093016350421,1333.754207520465,CLOSE,2018-01-10,2018-01-11,LONG,UP,0.905,STRONG BUY,2.174829330535665
1327.800048828125,1333.4000244140625,5.5999755859375,0.004217484093994321,1315.7408594353851,1343.878968018445,CLOSE,2018-01-11,2018-01-12,LONG,UP,0.8775,STRONG BUY,2.1840016386443515
1331.0999755859375,1335.4000244140625,4.300048828125,0.0032304476801091964,1318.0164451941857,1348.54468277494,CLOSE,2018-01-12,2018-01-16,LONG,UP,0.875,STRONG BUY,2.191056941671265
1334.4000244140625,1338.0,3.5999755859375,0.002697823381349424,1321.7796007202148,1351.2272560058595,CLOSE,2018-01-16,2018-01-17,LONG,UP,0.825,STRONG BUY,2.1969680263183737
1328.9000244140625,1326.0,2.9000244140625,0.0021822743327446145,1341.8189840410505,1311.6747449114118,CLOSE,2018-01-17,2018-01-18,SHORT,DOWN,0.715,STRONG SELL,2.201762413252069
1330.0999755859375,1331.9000244140625,1.800048828125,0.001353318443098264,1316.8180845037343,1347.8091636955417,CLOSE,2018-01-18,2018-01-19,LONG,UP,0.8175,STRONG BUY,2.204742098933244
1328.4000244140625,1330.9000244140625,-2.5,-0.0018819632294893346,1341.4832089903941,1310.955778312287,CLOSE,2018-01-19,2018-01-22,SHORT,DOWN,0.7325,STRONG SELL,2.2005928553725442
1335.800048828125,1335.699951171875,-0.10009765625,-7.493461041404662e-05,1323.276377435817,1352.4982773512022,CLOSE,2018-01-22,2018-01-23,LONG,UP,0.78,STRONG BUY,2.2004279548042467
1355.9000244140625,1355.9000244140625,0.0,0.0,1343.7351866926338,1372.119808042634,CLOSE,2018-01-23,2018-01-24,LONG,UP,0.8325,STRONG BUY,2.2004279548042467
1356.300048828125,1362.4000244140625,6.0999755859375,0.004497511882572018,1342.7005566582268,1374.4327050546558,CLOSE,2018-01-24,2018-01-25,LONG,UP,0.7575,STRONG BUY,2.2103244056777225
1351.5999755859375,1351.5999755859375,0.0,0.0,1365.9102261625058,1332.5196414838465,CLOSE,2018-01-25,2018-01-26,SHORT,DOWN,0.735,STRONG SELL,2.2103244056777225
1338.699951171875,1335.4000244140625,3.2999267578125,0.002465023439288095,1353.220183850117,1319.339640934219,CLOSE,2018-01-26,2018-01-30,SHORT,DOWN,0.84,STRONG SELL,2.2157729071461483
1337.5,1339.0,1.5,0.0011214953271028037,1322.0026489318668,1358.163134757511,CLOSE,2018-01-30,2018-01-31,LONG,UP,0.8275,STRONG BUY,2.2182578861074336
1343.800048828125,1344.300048828125,0.5,0.00037207916492935857,1327.791796880651,1365.1443847580906,CLOSE,2018-01-31,2018-02-01,LONG,UP,0.79,STRONG BUY,2.2190832536492944
1348.5,1333.699951171875,14.800048828125,0.010975193791713014,1364.8433689609917,1326.7088413853446,CLOSE,2018-02-01,2018-02-02,SHORT,DOWN,0.83,STRONG SELL,2.2434381223980404
1331.0999755859375,1333.0,-1.9000244140625,-0.001427409247172533,1348.8902493797937,1307.3796105274628,CLOSE,2018-02-02,2018-02-05,SHORT,DOWN,0.86,STRONG SELL,2.24023581807667
1338.199951171875,1326.0999755859375,12.0999755859375,0.009041978797967696,1355.9194858917278,1314.5739048787377,CLOSE,2018-02-05,2018-02-06,SHORT,DOWN,0.82,STRONG SELL,2.260491982846167
1325.4000244140625,1311.5999755859375,13.800048828125,0.010411987757602294,1344.4467299937696,1300.0044169744529,CLOSE,2018-02-06,2018-02-07,SHORT,DOWN,0.7925,STRONG SELL,2.2840281976977197
1317.0999755859375,1316.9000244140625,-0.199951171875,-0.00015181168899957488,1297.206608734859,1343.6244647207088,CLOSE,2018-02-07,2018-02-08,LONG,UP,0.8475,STRONG BUY,2.2836814555193046
1320.9000244140625,1313.0999755859375,7.800048828125,0.005905101585250572,1340.883148159986,1294.255859419498,CLOSE,2018-02-08,2018-02-09,SHORT,DOWN,0.7675,STRONG SELL,2.2971668265024987
1323.800048828125,1324.199951171875,0.39990234375,0.0003020866664146204,1304.1621508227029,1349.9839128353547,CLOSE,2018-02-09,2018-02-12,LONG,UP,0.7975,STRONG BUY,2.2978607699713147
1324.5,1328.0999755859375,3.5999755859375,0.0027179883623537184,1304.9362349506014,1350.585020065865,CLOSE,2018-02-12,2018-02-13,LONG,UP,0.855,STRONG BUY,2.304106328802406
1332.800048828125,1355.5,22.699951171875,0.01703177546537015,1313.969415085268,1357.9075604852674,CLOSE,2018-02-13,2018-02-14,LONG,UP,0.83,STRONG BUY,2.343349350442907
1352.0,1352.0999755859375,-0.0999755859375,-7.394643930288461e-05,1372.86058847551,1324.1858820326534,CLOSE,2018-02-14,2018-02-15,SHORT,DOWN,0.8025,STRONG SELL,2.343176068102399
1354.0,1353.199951171875,-0.800048828125,-0.0005908780119091581,1333.9651599967922,1380.7131200042772,CLOSE,2018-02-15,2018-02-16,LONG,UP,0.715,STRONG BUY,2.3417915368857254
1348.4000244140625,1328.800048828125,19.5999755859375,0.014535727700282806,1368.7716615598983,1321.2378415529479,CLOSE,2018-02-16,2018-02-20,SHORT,DOWN,0.8075,STRONG SELL,2.375831180996723
1326.800048828125,1330.0,3.199951171875,0.0024117810175702855,1305.2371052814337,1355.5506402237136,CLOSE,2018-02-20,2018-02-21,LONG,UP,0.7875,STRONG BUY,2.3815611655400026
1322.0,1330.5999755859375,8.5999755859375,0.006505276540043495,1301.216555036722,1349.7112599510376,CLOSE,2018-02-21,2018-02-22,LONG,UP,0.805,STRONG BUY,2.3970538795188685
1328.0,1328.199951171875,-0.199951171875,-0.00015056564147213856,1348.3060586531221,1300.9252551291704,CLOSE,2018-02-22,2018-02-23,SHORT,DOWN,0.73,STRONG SELL,2.396692965563856
1335.0,1330.699951171875,-4.300048828125,-0.0032210103581460673,1315.672942920594,1360.7694094392077,CLOSE,2018-02-23,2018-02-26,LONG,UP,0.8175,STRONG BUY,2.388973192696479
1331.699951171875,1315.5,16.199951171875,0.012164865784983546,1350.9643665486224,1306.0140640028785,CLOSE,2018-02-26,2018-02-27,SHORT,DOWN,0.8225,STRONG SELL,2.418034730949555
1315.4000244140625,1315.5,-0.0999755859375,-7.6003941068827e-05,1335.4205555939775,1288.7059828408426,CLOSE,2018-02-27,2018-02-28,SHORT,DOWN,0.875,STRONG SELL,2.4178509507803616
1310.4000244140625,1302.9000244140625,7.5,0.0057234431168097545,1329.5905150367626,1284.8127035837958,CLOSE,2018-02-28,2018-03-01,SHORT,DOWN,0.7975,STRONG SELL,2.4316893831620776
1314.300048828125,1321.0999755859375,6.7999267578125,0.005173800886544551,1294.7338868115664,1340.388264850203,CLOSE,2018-03-01,2018-03-02,LONG,UP,0.755,STRONG BUY,2.4442704598484823
1323.5,1318.0999755859375,5.4000244140625,0.004080109115272006,1343.8435711679986,1296.3752384426687,CLOSE,2018-03-02,2018-03-05,SHORT,DOWN,0.83,STRONG SELL,2.4542433500319003
1321.5999755859375,1333.5999755859375,12.0,0.009079903315433813,1301.8737971269254,1347.9015468646203,CLOSE,2018-03-05,2018-03-06,LONG,UP,0.725,STRONG BUY,2.4765276423627363
1338.0999755859375,1326.0,12.0999755859375,0.009042654365671796,1358.0778555835916,1311.4628022557322,CLOSE,2018-03-06,2018-03-07,SHORT,DOWN,0.8225,STRONG SELL,2.4989220258596547
1324.800048828125,1319.9000244140625,4.9000244140625,0.0036986897897512173,1344.6473633530113,1298.3369627949432,CLOSE,2018-03-07,2018-03-08,SHORT,DOWN,0.8625,STRONG SELL,2.5081647632420863
1316.800048828125,1322.4000244140625,5.5999755859375,0.004252715202221591,1297.5668281978733,1342.4443430017939,CLOSE,2018-03-08,2018-03-09,LONG,UP,0.7375,STRONG BUY,2.5188312736604024
1319.4000244140625,1319.4000244140625,0.0,0.0,1338.26658904366,1294.2446049079326,CLOSE,2018-03-09,2018-03-12,SHORT,DOWN,0.8725,STRONG SELL,2.5188312736604024
1325.9000244140625,1325.9000244140625,0.0,0.0,1308.0596429722934,1349.6871996697546,CLOSE,2018-03-12,2018-03-13,LONG,UP,0.6975,STRONG BUY,2.5188312736604024
1322.199951171875,1324.4000244140625,-2.2000732421875,-0.0016639489664460809,1339.4624482249462,1299.1832884344467,CLOSE,2018-03-13,2018-03-14,SHORT,DOWN,0.86,STRONG SELL,2.514640066965943
1316.800048828125,1316.800048828125,0.0,0.0,1333.2259467962112,1294.8988515373433,CLOSE,2018-03-14,2018-03-15,SHORT,DOWN,0.9125,STRONG SELL,2.514640066965943
1310.0999755859375,1311.300048828125,-1.2000732421875,-0.000916016536562999,1326.1668782262252,1288.6774387322205,CLOSE,2018-03-15,2018-03-16,SHORT,DOWN,0.81,STRONG SELL,2.5123366150810984
1309.4000244140625,1316.800048828125,7.4000244140625,0.005651461949050981,1293.7628926864181,1330.249533384255,CLOSE,2018-03-16,2018-03-19,LONG,UP,0.795,STRONG BUY,2.526534989864437
1311.0999755859375,1311.0999755859375,0.0,0.0,1326.6487381458148,1290.3682921727677,CLOSE,2018-03-19,2018-03-20,SHORT,DOWN,0.755,STRONG SELL,2.526534989864437
1312.4000244140625,1320.699951171875,8.2999267578125,0.006324235449110195,1297.3511656182277,1332.4651694751756,CLOSE,2018-03-20,2018-03-21,LONG,UP,0.8775,STRONG BUY,2.542513392010755
1326.5999755859375,1326.5999755859375,0.0,0.0,1310.7295988567137,1347.7604778915693,CLOSE,2018-03-21,2018-03-22,LONG,UP,0.7725,STRONG BUY,2.542513392010755
1343.199951171875,1349.300048828125,6.10009765625,0.004541466555986671,1327.8310273075176,1363.6918496576848,CLOSE,2018-03-22,2018-03-23,LONG,UP,0.8125,STRONG BUY,2.55406013154872
1348.5,1354.4000244140625,5.9000244140625,0.004375249843576196,1331.796705707148,1370.771059057136,CLOSE,2018-03-23,2018-03-26,LONG,UP,0.7275,STRONG BUY,2.565234782739763
1341.0,1341.300048828125,-0.300048828125,-0.00022375005825876212,1357.506635646376,1318.9911524714987,CLOSE,2018-03-26,2018-03-27,SHORT,DOWN,0.7825,STRONG SELL,2.5646608113076774
1345.0,1322.64892380724,22.351076192760047,0.016617900515063233,1361.76330714457,1322.64892380724,TP,2018-03-27,2018-03-28,SHORT,DOWN,0.8875,STRONG SELL,2.60728008952487
1324.0,1322.800048828125,1.199951171875,0.0009063075316276435,1342.1373566342436,1299.8168578210084,CLOSE,2018-03-28,2018-03-29,SHORT,DOWN,0.84,STRONG SELL,2.609643087107069
1327.0,1342.0999755859375,15.0999755859375,0.0113790320918896,1309.579594795267,1350.2272069396438,CLOSE,2018-03-29,2018-04-02,LONG,UP,0.7675,STRONG BUY,2.639338299543638
1340.4000244140625,1332.800048828125,7.5999755859375,0.005669930951590161,1358.868961641002,1315.7747747781432,CLOSE,2018-04-02,2018-04-03,SHORT,DOWN,0.8525,STRONG SELL,2.654303165459938
1331.800048828125,1335.800048828125,4.0,0.0030034538619514786,1313.1931811617594,1356.6092057166127,CLOSE,2018-04-03,2018-04-04,LONG,UP,0.7175,STRONG BUY,2.6622752425530285
1333.5,1324.300048828125,9.199951171875,0.00689910099128234,1352.4599563947168,1308.2200581403777,CLOSE,2018-04-04,2018-04-05,SHORT,DOWN,0.7275,STRONG SELL,2.680642548317993
1326.5,1331.9000244140625,5.4000244140625,0.004070881578637392,1307.4800326432428,1351.8599564756762,CLOSE,2018-04-05,2018-04-06,LONG,UP,0.8525,STRONG BUY,2.6915551266868523
1333.0,1336.300048828125,3.300048828125,0.0024756555349774944,1313.838601740154,1358.5485310131278,CLOSE,2018-04-06,2018-04-09,LONG,UP,0.87,STRONG BUY,2.6982184900339314
1335.199951171875,1342.0,6.800048828125,0.005092906738168129,1316.2822242163038,1360.4235871126366,CLOSE,2018-04-09,2018-04-10,LONG,UP,0.9125,STRONG BUY,2.711960265162875
1340.0999755859375,1364.8076375309304,24.70766194499288,0.0184371781173937,1321.5692291271928,1364.8076375309304,TP,2018-04-10,2018-04-11,LONG,UP,0.8125,STRONG BUY,2.7619611596189775
1351.199951171875,1338.4000244140625,12.7999267578125,0.009473007119865064,1371.1177924008657,1324.642829533221,CLOSE,2018-04-11,2018-04-12,SHORT,DOWN,0.8125,STRONG SELL,2.7881252373488388
1335.9000244140625,1344.800048828125,8.9000244140625,0.006662193466136157,1315.0584549427788,1363.6887837091074,CLOSE,2018-04-12,2018-04-13,LONG,UP,0.7075,STRONG BUY,2.8067002670878733
1341.0,1347.5,6.5,0.004847129008202834,1320.564973821029,1368.2467015719612,CLOSE,2018-04-13,2018-04-16,LONG,UP,0.7825,STRONG BUY,2.820304705369806
1348.0,1347.199951171875,0.800048828125,0.0005935080327336796,1367.8111009692007,1321.5851987077324,CLOSE,2018-04-16,2018-04-17,SHORT,DOWN,0.8575,STRONG SELL,2.8219785788671996
1343.5,1351.199951171875,7.699951171875,0.005731262502326014,1324.1289802872489,1369.3280262836681,CLOSE,2018-04-17,2018-04-18,LONG,UP,0.6875,STRONG BUY,2.8381520788786285
1348.5999755859375,1346.800048828125,1.7999267578125,0.0013346631991673222,1367.7337743733358,1323.0882438694064,CLOSE,2018-04-18,2018-04-19,SHORT,DOWN,0.9275,STRONG SELL,2.841940056011948
1342.5,1336.699951171875,5.800048828125,0.004320334322625698,1361.7242391153632,1316.8676811795158,CLOSE,2018-04-19,2018-04-20,SHORT,DOWN,0.845,STRONG SELL,2.8542181871787813
1334.0,1322.5,11.5,0.008620689655172414,1353.0832220356945,1308.5557039524074,CLOSE,2018-04-20,2018-04-23,SHORT,DOWN,0.8175,STRONG SELL,2.8788235163785982
1326.4000244140625,1331.4000244140625,5.0,0.0037696018606519183,1307.1584663267881,1352.055435197095,CLOSE,2018-04-23,2018-04-24,LONG,UP,0.79,STRONG BUY,2.8896755348624272
1324.0,1321.199951171875,2.800048828125,0.0021148405046261328,1342.85287013517,1298.8628398197734,CLOSE,2018-04-24,2018-04-25,SHORT,DOWN,0.8225,STRONG SELL,2.8957867377287814
1315.699951171875,1316.300048828125,-0.60009765625,-0.0004561052508328374,1334.4276189131824,1290.7297275167987,CLOSE,2018-04-25,2018-04-26,SHORT,DOWN,0.8125,STRONG SELL,2.894465954192411
1315.300048828125,1320.300048828125,5.0,0.0038014139849342986,1297.3207859254826,1339.2723993649818,CLOSE,2018-04-26,2018-04-27,LONG,UP,0.6925,STRONG BUY,2.9054690175495943
1309.5999755859375,1316.199951171875,-6.5999755859375,-0.005039688232266924,1327.2485663895072,1286.0685211811779,CLOSE,2018-04-27,2018-04-30,SHORT,DOWN,0.86,STRONG SELL,2.890826359532633
1313.199951171875,1303.800048828125,9.39990234375,0.007158013016495853,1330.7343647654243,1289.8207330471428,CLOSE,2018-04-30,2018-05-01,SHORT,DOWN,0.7725,STRONG SELL,2.911518932242597
1309.0,1302.5999755859375,6.4000244140625,0.004889247069566463,1326.6533762037757,1285.4621650616325,CLOSE,2018-05-01,2018-05-02,SHORT,DOWN,0.7,STRONG SELL,2.9257540676500513
1310.699951171875,1310.699951171875,0.0,0.0,1293.5896654209919,1333.513665506386,CLOSE,2018-05-02,2018-05-03,LONG,UP,0.8275,STRONG BUY,2.9257540676500513
1312.699951171875,1312.699951171875,0.0,0.0,1295.9439741618473,1335.041253851912,CLOSE,2018-05-03,2018-05-04,LONG,UP,0.8175,STRONG BUY,2.9257540676500513
1310.5999755859375,1312.199951171875,-1.5999755859375,-0.00122079628852594,1326.3733828095346,1289.5687659544747,CLOSE,2018-05-04,2018-05-07,SHORT,DOWN,0.8025,STRONG SELL,2.9221823179431246
1310.0999755859375,1312.0,-1.9000244140625,-0.0014502896339744767,1325.014568007849,1290.213852356722,CLOSE,2018-05-07,2018-05-08,SHORT,DOWN,0.7975,STRONG SELL,2.9179443072188285
1311.300048828125,1311.300048828125,0.0,0.0,1325.5457365597438,1292.3057985193,CLOSE,2018-05-08,2018-05-09,SHORT,DOWN,0.8,STRONG SELL,2.9179443072188285
1312.199951171875,1320.800048828125,8.60009765625,0.0065539536475135406,1298.896817795528,1329.9374623403376,CLOSE,2018-05-09,2018-05-10,LONG,UP,0.765,STRONG BUY,2.9370683789543666
1319.0,1319.0,0.0,0.0,1332.3707667066078,1301.1723110578562,CLOSE,2018-05-10,2018-05-11,SHORT,DOWN,0.86,STRONG SELL,2.9370683789543666
1319.9000244140625,1316.5,3.4000244140625,0.0025759711729468737,1332.5085987303546,1303.0885919923396,CLOSE,2018-05-11,2018-05-14,SHORT,DOWN,0.9075,STRONG SELL,2.944634182431527
1304.5999755859375,1288.9000244140625,15.699951171875,0.012034302825142743,1316.672225781144,1288.5036419923288,CLOSE,2018-05-14,2018-05-15,SHORT,DOWN,0.8975,STRONG SELL,2.980070801892175
1290.9000244140625,1290.199951171875,-0.7000732421875,-0.0005423140668893102,1276.7329375628774,1309.789473548976,CLOSE,2018-05-15,2018-05-16,LONG,UP,0.8075,STRONG BUY,2.9784546675759827
1291.300048828125,1288.199951171875,3.10009765625,0.0024007570193026687,1305.3766268598615,1272.5312781191428,CLOSE,2018-05-16,2018-05-17,SHORT,DOWN,0.765,STRONG SELL,2.9856052135258406
1285.199951171875,1290.199951171875,5.0,0.0038904452147238916,1271.7966896792357,1303.070966495394,CLOSE,2018-05-17,2018-05-18,LONG,UP,0.8275,STRONG BUY,2.997220547041857
1287.4000244140625,1290.199951171875,-2.7999267578125,-0.002174869275062223,1300.3816243715132,1270.0912244707947,CLOSE,2018-05-18,2018-05-21,SHORT,DOWN,0.7175,STRONG SELL,2.9907019841635103
1291.699951171875,1291.699951171875,0.0,0.0,1279.1420421572554,1308.4438298580344,CLOSE,2018-05-21,2018-05-22,LONG,UP,0.7125,STRONG BUY,2.9907019841635103
1289.300048828125,1289.300048828125,0.0,0.0,1301.1216786274144,1273.5378757624055,CLOSE,2018-05-22,2018-05-23,SHORT,DOWN,0.7425,STRONG SELL,2.9907019841635103
1303.699951171875,1303.699951171875,0.0,0.0,1292.465591107133,1318.6790979248644,CLOSE,2018-05-23,2018-05-24,LONG,UP,0.765,STRONG BUY,2.9907019841635103
1303.300048828125,1303.300048828125,0.0,0.0,1315.2748012822158,1287.3337122226706,CLOSE,2018-05-24,2018-05-25,SHORT,DOWN,0.855,STRONG SELL,2.9907019841635103
1298.699951171875,1298.699951171875,0.0,0.0,1309.8622108446468,1283.8169382748458,CLOSE,2018-05-25,2018-05-29,SHORT,DOWN,0.8675,STRONG SELL,2.9907019841635103
1298.0,1301.5,3.5,0.002696456086286595,1287.1421769835422,1312.477097355277,CLOSE,2018-05-29,2018-05-30,LONG,UP,0.73,STRONG BUY,2.9987662807309774
1301.0,1300.0999755859375,0.9000244140625,0.0006917943228766333,1311.9929785152822,1286.342695312957,CLOSE,2018-05-30,2018-05-31,SHORT,DOWN,0.83,STRONG SELL,3.000840810219621
1298.5999755859375,1294.800048828125,3.7999267578125,0.0029261718999324224,1309.9006063403626,1283.5324679133707,CLOSE,2018-05-31,2018-06-01,SHORT,DOWN,0.8725,STRONG SELL,3.009621786274656
1293.9000244140625,1293.0999755859375,0.800048828125,0.0006183235281159369,1305.5934620258724,1278.3087742649827,CLOSE,2018-06-01,2018-06-04,SHORT,DOWN,0.7425,STRONG SELL,3.01148270623584
1292.0999755859375,1297.5,5.4000244140625,0.004179262066477258,1280.4810718479064,1307.5918472366454,CLOSE,2018-06-04,2018-06-05,LONG,UP,0.795,STRONG BUY,3.024068481673864
1296.0999755859375,1297.0999755859375,-1.0,-0.0007715454199803705,1307.9496745299016,1280.3003769939853,CLOSE,2018-06-05,2018-06-06,SHORT,DOWN,0.7425,STRONG SELL,3.0217352754871216
1298.4000244140625,1298.699951171875,0.2999267578125,0.00023099719052134947,1286.7217273059396,1313.971087224893,CLOSE,2018-06-06,2018-06-07,LONG,UP,0.7875,STRONG BUY,3.0224332878462588
1295.300048828125,1298.0999755859375,-2.7999267578125,-0.0021616047651242124,1306.8513351774088,1279.8983336957467,CLOSE,2018-06-07,2018-06-08,SHORT,DOWN,0.88,STRONG SELL,3.0158999816489804
1299.300048828125,1298.9000244140625,-0.4000244140625,-0.0003078768560220506,1288.0809998338682,1314.2587808204673,CLOSE,2018-06-08,2018-06-11,LONG,UP,0.7175,STRONG BUY,3.0149714558445533
1297.800048828125,1295.0999755859375,2.7000732421875,0.0020805001853911056,1308.946313840091,1282.9383621455036,CLOSE,2018-06-11,2018-06-12,SHORT,DOWN,0.87,STRONG SELL,3.021244104517387
1294.0,1296.9000244140625,2.9000244140625,0.0022411316955660743,1282.9856032129398,1308.6858623827468,CLOSE,2018-06-12,2018-06-13,LONG,UP,0.9225,STRONG BUY,3.028015110440063
1297.199951171875,1304.0,6.800048828125,0.005242097659641382,1286.0615827267477,1312.0511090987113,CLOSE,2018-06-13,2018-06-14,LONG,UP,0.86,STRONG BUY,3.04388826136386
1297.199951171875,1281.8667435601253,15.333207611749685,0.01182023449653837,1308.6998568806873,1281.8667435601253,TP,2018-06-14,2018-06-15,SHORT,DOWN,0.8075,STRONG SELL,3.079867734394441
1280.699951171875,1276.199951171875,-4.5,-0.0035137035773932673,1266.410758245277,1299.7522084073391,CLOSE,2018-06-15,2018-06-18,LONG,UP,0.815,STRONG BUY,3.0690459921182014
1278.699951171875,1275.5999755859375,3.0999755859375,0.0024243182171833997,1292.622056273638,1260.1371443695245,CLOSE,2018-06-18,2018-06-19,SHORT,DOWN,0.815,STRONG SELL,3.0764863362262673
1274.4000244140625,1271.199951171875,3.2000732421875,0.0025110429856267575,1288.6026960529205,1255.4631288955852,CLOSE,2018-06-19,2018-06-20,SHORT,DOWN,0.8375,STRONG SELL,3.084211525661225
1262.699951171875,1267.199951171875,-4.5,-0.003563792012364997,1276.3595774523212,1244.48711613128,CLOSE,2018-06-20,2018-06-21,SHORT,DOWN,0.795,STRONG SELL,3.0732200372616294
1268.0999755859375,1267.4000244140625,-0.699951171875,-0.0005519684451942213,1254.2160421285366,1286.6118868624721,CLOSE,2018-06-21,2018-06-22,LONG,UP,0.7175,STRONG BUY,3.071523716775922
1270.5999755859375,1265.5999755859375,5.0,0.003935148824234983,1283.8350514219394,1252.9532078046018,CLOSE,2018-06-22,2018-06-25,SHORT,DOWN,0.8275,STRONG SELL,3.083610619718603
1267.199951171875,1256.5999755859375,10.5999755859375,0.008364880046069214,1280.08966183237,1250.013670291215,CLOSE,2018-06-25,2018-06-26,SHORT,DOWN,0.825,STRONG SELL,3.109404652661334
1255.5,1252.800048828125,2.699951171875,0.002150498743030665,1268.6047287118101,1238.0270283842533,CLOSE,2018-06-26,2018-06-27,SHORT,DOWN,0.865,STRONG SELL,3.1160914234584562
1251.699951171875,1247.800048828125,3.89990234375,0.003115684665561269,1264.3293342711786,1234.860773706137,CLOSE,2018-06-27,2018-06-28,SHORT,DOWN,0.7975,STRONG SELL,3.125800181723013
1250.300048828125,1251.300048828125,1.0,0.0007998080148339392,1237.715621664486,1267.0792850463104,CLOSE,2018-06-28,2018-06-29,LONG,UP,0.7675,STRONG BUY,3.1283002217611244
1249.9000244140625,1239.800048828125,10.0999755859375,0.008080626761066145,1262.1748496374416,1233.5335907828903,CLOSE,2018-06-29,2018-07-02,SHORT,DOWN,0.7775,STRONG SELL,3.1535788482497367
1238.0999755859375,1251.5999755859375,13.5,0.010903804431149473,1225.469780735657,1254.9402353863115,CLOSE,2018-07-02,2018-07-03,LONG,UP,0.8625,STRONG BUY,3.1879648552692617
1255.5,1257.300048828125,1.800048828125,0.0014337306476503386,1241.939821683389,1273.5802377554812,CLOSE,2018-07-03,2018-07-05,LONG,UP,0.76,STRONG BUY,3.1925355381858935
1255.5,1254.300048828125,1.199951171875,0.0009557556128036639,1268.7023162842304,1237.8969116210262,CLOSE,2018-07-05,2018-07-06,SHORT,DOWN,0.7775,STRONG SELL,3.19558682194559
1258.199951171875,1258.0999755859375,-0.0999755859375,-7.945921937477721e-05,1245.619228907947,1274.9742475237792,CLOSE,2018-07-06,2018-07-09,LONG,UP,0.7125,STRONG BUY,3.195332903111274
1256.199951171875,1253.800048828125,2.39990234375,0.001910446136788332,1268.739193274094,1239.4809617022497,CLOSE,2018-07-09,2018-07-10,SHORT,DOWN,0.8025,STRONG SELL,3.201437414511775
1253.199951171875,1242.800048828125,10.39990234375,0.008298677584550643,1265.7863824194153,1236.4180428418213,CLOSE,2018-07-10,2018-07-11,SHORT,DOWN,0.85,STRONG SELL,3.2280051114219255
1240.9000244140625,1245.0,4.0999755859375,0.0033040337700641575,1228.0340525413465,1258.054653577684,CLOSE,2018-07-11,2018-07-12,LONG,UP,0.7325,STRONG BUY,3.2386705493200028
1244.699951171875,1239.5999755859375,5.0999755859375,0.004097353407249606,1257.268345777734,1227.942091697396,CLOSE,2018-07-12,2018-07-13,SHORT,DOWN,0.805,STRONG SELL,3.2519405271302184
1242.699951171875,1238.0999755859375,4.5999755859375,0.0037015979453444816,1255.1634630645367,1226.081935314993,CLOSE,2018-07-13,2018-07-16,SHORT,DOWN,0.9125,STRONG SELL,3.263977903503826
1225.699951171875,1225.699951171875,0.0,0.0,1237.8839343481523,1209.454640270172,CLOSE,2018-07-16,2018-07-17,SHORT,DOWN,0.9075,STRONG SELL,3.263977903503826
1226.699951171875,1226.300048828125,-0.39990234375,-0.00032599849977002975,1214.0576784638251,1243.5563147826083,CLOSE,2018-07-17,2018-07-18,LONG,UP,0.7375,STRONG BUY,3.2629138516040013
1227.199951171875,1222.4000244140625,4.7999267578125,0.003911283367660637,1239.4213472579213,1210.9047563904799,CLOSE,2018-07-18,2018-07-19,SHORT,DOWN,0.7675,STRONG SELL,3.2756760322818894
1229.5,1229.5,0.0,0.0,1216.4051269742292,1246.9598307010276,CLOSE,2018-07-19,2018-07-20,LONG,UP,0.805,STRONG BUY,3.2756760322818894
1222.0,1224.0,-2.0,-0.0016366612111292963,1234.9202366224233,1204.773017836769,CLOSE,2018-07-20,2018-07-23,SHORT,DOWN,0.8325,STRONG SELL,3.270314860379628
1223.9000244140625,1223.9000244140625,0.0,0.0,1236.7009584205985,1206.832112405348,CLOSE,2018-07-23,2018-07-24,SHORT,DOWN,0.7525,STRONG SELL,3.270314860379628
1231.4000244140625,1231.4000244140625,0.0,0.0,1219.5027311666431,1247.2630820772883,CLOSE,2018-07-24,2018-07-25,LONG,UP,0.6725,STRONG BUY,3.270314860379628
1227.800048828125,1225.300048828125,2.5,0.0020361621604316825,1239.651106843586,1211.9986381408437,CLOSE,2018-07-25,2018-07-26,SHORT,DOWN,0.845,STRONG SELL,3.2769737517510302
1222.5999755859375,1222.5999755859375,0.0,0.0,1234.258098270216,1207.0558120068995,CLOSE,2018-07-26,2018-07-27,SHORT,DOWN,0.8925,STRONG SELL,3.2769737517510302
1222.5,1221.300048828125,1.199951171875,0.000981555150817996,1233.6146931970643,1207.680409070581,CLOSE,2018-07-27,2018-07-30,SHORT,DOWN,0.7625,STRONG SELL,3.2801902822161573
1220.4000244140625,1223.699951171875,3.2999267578125,0.002703971396097651,1209.457804070918,1234.9896515382552,CLOSE,2018-07-30,2018-07-31,LONG,UP,0.7125,STRONG BUY,3.2890598229130275
1222.9000244140625,1217.9000244140625,5.0,0.004088641671583651,1234.6785121169044,1207.1953741436066,CLOSE,2018-07-31,2018-08-01,SHORT,DOWN,0.8675,STRONG SELL,3.3025076099653217
1214.699951171875,1210.5999755859375,4.0999755859375,0.0033752990456466813,1226.6335390485651,1198.7885006696215,CLOSE,2018-08-01,2018-08-02,SHORT,DOWN,0.8475,STRONG SELL,3.313654560749478
1206.5,1214.199951171875,7.699951171875,0.006382056503833403,1193.9723826859306,1223.2034897520925,CLOSE,2018-08-02,2018-08-03,LONG,UP,0.775,STRONG BUY,3.334802491390367
1214.4000244140625,1208.5999755859375,5.800048828125,0.00477606119196471,1227.4792404914128,1196.9610696442621,CLOSE,2018-08-03,2018-08-06,SHORT,DOWN,0.7525,STRONG SELL,3.3507297121523636
1207.800048828125,1209.5999755859375,1.7999267578125,0.0014902522644860707,1194.8193429532864,1225.107656661243,CLOSE,2018-08-06,2018-08-07,LONG,UP,0.88,STRONG BUY,3.3557231446935796
1212.0,1212.5999755859375,0.5999755859375,0.000495029361334571,1199.1964874019357,1229.0713501307525,CLOSE,2018-08-07,2018-08-08,LONG,UP,0.835,STRONG BUY,3.357384326178713
1214.5,1211.9000244140625,2.5999755859375,0.002140778580434335,1227.3853967079683,1197.3194710560422,CLOSE,2018-08-08,2018-08-09,SHORT,DOWN,0.8375,STRONG SELL,3.3645717426304826
1212.5,1211.0999755859375,1.4000244140625,0.0011546593105670104,1224.8614476476334,1196.0180698031554,CLOSE,2018-08-09,2018-08-10,SHORT,DOWN,0.92,STRONG SELL,3.3684566767191813
1207.0,1191.300048828125,15.699951171875,0.013007416049606462,1219.6356351901018,1190.1524864131977,CLOSE,2018-08-10,2018-08-13,SHORT,DOWN,0.9225,STRONG SELL,3.4122715941583426
1193.0999755859375,1193.0,-0.0999755859375,-8.379481014439001e-05,1179.245465042506,1211.5726563105127,CLOSE,2018-08-13,2018-08-14,LONG,UP,0.74,STRONG BUY,3.411985663507949
1187.800048828125,1177.5,10.300048828125,0.0086715342689933,1201.329231958298,1169.7611379878945,CLOSE,2018-08-14,2018-08-15,SHORT,DOWN,0.72,STRONG SELL,3.441572814114372
1173.199951171875,1176.199951171875,-3.0,-0.0025571088687852297,1187.7341952656852,1153.8209590467948,CLOSE,2018-08-15,2018-08-16,SHORT,DOWN,0.6775,STRONG SELL,3.43277233774883
1174.699951171875,1176.5,1.800048828125,0.0015323477508697263,1159.1895895035714,1195.3804333962798,CLOSE,2018-08-16,2018-08-17,LONG,UP,0.895,STRONG BUY,3.4380325387198276
1184.800048828125,1186.800048828125,2.0,0.0016880485462320684,1169.7011415647003,1204.9319251793581,CLOSE,2018-08-17,2018-08-20,LONG,UP,0.9275,STRONG BUY,3.443836104548712
1189.800048828125,1192.5999755859375,2.7999267578125,0.0023532750402643237,1174.3332063692305,1210.4225054399842,CLOSE,2018-08-20,2018-08-21,LONG,UP,0.8925,STRONG BUY,3.451940398096308
1194.699951171875,1196.300048828125,1.60009765625,0.0013393301428366784,1179.7164624502789,1214.6779361340032,CLOSE,2018-08-21,2018-08-22,LONG,UP,0.865,STRONG BUY,3.4565636859227538
1189.300048828125,1187.0,2.300048828125,0.0019339516805631596,1203.6097247741272,1170.220480900122,CLOSE,2018-08-22,2018-08-23,SHORT,DOWN,0.74,STRONG SELL,3.463248513072118
1185.300048828125,1204.645365391851,19.3453165637261,0.016321029078546236,1170.7910614053305,1204.645365391851,TP,2018-08-23,2018-08-24,LONG,UP,0.8125,STRONG BUY,3.5197722927601998
1210.300048828125,1209.0,-1.300048828125,-0.0010741541565529758,1194.3952800242578,1231.5064072332814,CLOSE,2018-08-24,2018-08-27,LONG,UP,0.7975,STRONG BUY,3.5159915147218115
1209.699951171875,1207.4000244140625,2.2999267578125,0.0019012373734366836,1225.1329586228433,1189.1226079039175,CLOSE,2018-08-27,2018-08-28,SHORT,DOWN,0.8775,STRONG SELL,3.5226762491942867
1205.199951171875,1204.5,0.699951171875,0.0005807759709867257,1221.1055957161893,1183.9924251127893,CLOSE,2018-08-28,2018-08-29,SHORT,DOWN,0.875,STRONG SELL,3.5247221349133846
1205.4000244140625,1197.699951171875,7.7000732421875,0.006387981654414233,1220.70526577664,1184.9930359306259,CLOSE,2018-08-29,2018-08-30,SHORT,DOWN,0.835,STRONG SELL,3.5472379952481194
1207.0999755859375,1200.300048828125,-6.7999267578125,-0.005633275532552101,1191.8593969364792,1227.4207471185484,CLOSE,2018-08-30,2018-08-31,LONG,UP,0.74,STRONG BUY,3.527255426241349
1193.800048828125,1192.699951171875,1.10009765625,0.0009215091399350281,1209.0770147169076,1173.4307609764148,CLOSE,2018-08-31,2018-09-04,SHORT,DOWN,0.84,STRONG SELL,3.530505824355516
1192.5,1194.9000244140625,2.4000244140625,0.002012599089360587,1177.199957630338,1212.9000564928826,CLOSE,2018-09-04,2018-09-05,LONG,UP,0.9175,STRONG BUY,3.5376113171625967
1202.0,1197.9000244140625,-4.0999755859375,-0.003410961385971298,1187.4178177995996,1221.4429096005338,CLOSE,2018-09-05,2018-09-06,LONG,UP,0.86,STRONG BUY,3.52554466156118
1198.300048828125,1193.5999755859375,4.7000732421875,0.003922284111382559,1212.6013582555615,1179.2316362582096,CLOSE,2018-09-06,2018-09-07,SHORT,DOWN,0.805,STRONG SELL,3.5393728493711913
1193.0,1193.0,0.0,0.0,1206.8369380299969,1174.5507492933375,CLOSE,2018-09-07,2018-09-10,SHORT,DOWN,0.69,STRONG SELL,3.5393728493711913
1190.4000244140625,1195.4000244140625,5.0,0.004200268731060464,1177.4871560020008,1207.6171822968115,CLOSE,2018-09-10,2018-09-11,LONG,UP,0.895,STRONG BUY,3.5542391664779696
1205.0,1204.699951171875,-0.300048828125,-0.0002490031768672199,1192.3773338587216,1221.8302215217045,CLOSE,2018-09-11,2018-09-12,LONG,UP,0.8975,STRONG BUY,3.5533541496341705
1203.4000244140625,1202.0,1.4000244140625,0.001163390714358822,1216.1496403580286,1186.4005364887744,CLOSE,2018-09-12,2018-09-13,SHORT,DOWN,0.93,STRONG SELL,3.5574880888566836
1195.0,1195.0,0.0,0.0,1207.3424952878122,1178.5433396162503,CLOSE,2018-09-13,2018-09-14,SHORT,DOWN,0.915,STRONG SELL,3.5574880888566836
1199.699951171875,1199.699951171875,0.0,0.0,1187.489062690335,1215.9811358139282,CLOSE,2018-09-14,2018-09-17,LONG,UP,0.865,STRONG BUY,3.5574880888566836
1198.699951171875,1196.800048828125,1.89990234375,0.0015849690674406172,1210.5421995302916,1182.9102866939863,CLOSE,2018-09-17,2018-09-18,SHORT,DOWN,0.755,STRONG SELL,3.5631265974353097
1202.199951171875,1202.199951171875,0.0,0.0,1190.892873873658,1217.2760542361646,CLOSE,2018-09-18,2018-09-19,LONG,UP,0.8975,STRONG BUY,3.5631265974353097
1206.199951171875,1206.199951171875,0.0,0.0,1195.1219612867,1220.9706043521082,CLOSE,2018-09-19,2018-09-20,LONG,UP,0.7225,STRONG BUY,3.5631265974353097
1196.199951171875,1196.199951171875,0.0,0.0,1206.915227493823,1181.9129160759442,CLOSE,2018-09-20,2018-09-21,SHORT,DOWN,0.7525,STRONG SELL,3.5631265974353097
1199.300048828125,1199.300048828125,0.0,0.0,1188.2787208148875,1213.995152845775,CLOSE,2018-09-21,2018-09-24,LONG,UP,0.9425,STRONG BUY,3.5631265974353097
1202.0999755859375,1200.0,-2.0999755859375,-0.0017469225759811804,1191.5337319676187,1216.1883004103624,CLOSE,2018-09-24,2018-09-25,LONG,UP,0.8425,STRONG BUY,3.556902091141171
1194.0,1194.0,0.0,0.0,1204.186511931296,1180.4179840916054,CLOSE,2018-09-25,2018-09-26,SHORT,DOWN,0.805,STRONG SELL,3.556902091141171
1194.5999755859375,1181.1309608138567,13.469014772080754,0.01127491632960595,1204.701736664998,1181.1309608138567,TP,2018-09-26,2018-09-27,SHORT,DOWN,0.69,STRONG SELL,3.5970058646113885
1181.699951171875,1191.5,9.800048828125,0.0082931786689222,1170.5197392240198,1196.606900435682,CLOSE,2018-09-27,2018-09-28,LONG,UP,0.835,STRONG BUY,3.6268364769197716
1191.5999755859375,1187.0999755859375,4.5,0.0037764351226906036,1203.2566035818813,1176.0578049246792,CLOSE,2018-09-28,2018-10-01,SHORT,DOWN,0.74,STRONG SELL,3.640532989575467
1193.0,1202.4000244140625,9.4000244140625,0.007879316357135372,1181.5545675654294,1208.2605765794274,CLOSE,2018-10-01,2018-10-02,LONG,UP,0.8725,STRONG BUY,3.6692179007089196
1202.5999755859375,1198.300048828125,4.2999267578125,0.0035755253992230175,1215.2528797481168,1185.7294367030318,CLOSE,2018-10-02,2018-10-03,SHORT,DOWN,0.8,STRONG SELL,3.6823372825081884
1199.300048828125,1197.199951171875,2.10009765625,0.0017511027855807006,1211.6920312644345,1182.7774055797124,CLOSE,2018-10-03,2018-10-04,SHORT,DOWN,0.83,STRONG SELL,3.688785433581036
1197.0999755859375,1201.199951171875,4.0999755859375,0.003424923289243832,1184.800274993572,1213.4995763757581,CLOSE,2018-10-04,2018-10-05,LONG,UP,0.7225,STRONG BUY,3.701419240721531
1201.0,1184.571795778872,16.428204221128,0.013678771208266443,1213.321153165846,1184.571795778872,TP,2018-10-05,2018-10-08,SHORT,DOWN,0.8725,STRONG SELL,3.7520501076612365
1185.5999755859375,1187.199951171875,1.5999755859375,0.0013495071009484232,1172.2839047890805,1203.3547366484136,CLOSE,2018-10-08,2018-10-09,LONG,UP,0.835,STRONG BUY,3.7571135259246393
1189.300048828125,1189.300048828125,0.0,0.0,1176.4315597483426,1206.4580342678348,CLOSE,2018-10-09,2018-10-10,LONG,UP,0.9325,STRONG BUY,3.7571135259246393
1198.0999755859375,1214.7181118982573,16.618136312319848,0.013870408689552518,1185.6363733516976,1214.7181118982573,TP,2018-10-10,2018-10-11,LONG,UP,0.8775,STRONG BUY,3.8092262260222594
1221.5999755859375,1218.0999755859375,3.5,0.002865095014692705,1236.9554555274974,1201.1260023305244,CLOSE,2018-10-11,2018-10-12,SHORT,DOWN,0.8225,STRONG SELL,3.8201400210922722
1222.4000244140625,1226.4000244140625,4.0,0.003272251243546346,1207.337793039757,1242.4829995798032,CLOSE,2018-10-12,2018-10-15,LONG,UP,0.7925,STRONG BUY,3.8326404790268125
1227.0999755859375,1227.300048828125,0.2000732421875,0.00016304559218328194,1211.5921814624194,1247.777034417295,CLOSE,2018-10-15,2018-10-16,LONG,UP,0.78,STRONG BUY,3.833265374163341
1225.9000244140625,1223.699951171875,2.2000732421875,0.0017946595957032128,1240.7394020558227,1206.1141875583824,CLOSE,2018-10-16,2018-10-17,SHORT,DOWN,0.795,STRONG SELL,3.8401447806499602
1226.5,1226.5,0.0,0.0,1212.334853155196,1245.3868624597387,CLOSE,2018-10-17,2018-10-18,LONG,UP,0.7675,STRONG BUY,3.8401447806499602
1225.300048828125,1225.300048828125,0.0,0.0,1238.7534047013137,1207.362240997207,CLOSE,2018-10-18,2018-10-19,SHORT,DOWN,0.875,STRONG SELL,3.8401447806499602
1224.5,1221.199951171875,3.300048828125,0.0026950174178236013,1237.120968079233,1207.6720425610224,CLOSE,2018-10-19,2018-10-22,SHORT,DOWN,0.845,STRONG SELL,3.850494037720776
1224.800048828125,1233.4000244140625,8.5999755859375,0.007021534326493423,1212.4698563357456,1241.2403054846309,CLOSE,2018-10-22,2018-10-23,LONG,UP,0.75,STRONG BUY,3.877530413780591
1231.5999755859375,1227.800048828125,3.7999267578125,0.00308535793531879,1244.828021934888,1213.9625804540035,CLOSE,2018-10-23,2018-10-24,SHORT,DOWN,0.8075,STRONG SELL,3.8894939830121884
1238.5999755859375,1229.0999755859375,-9.5,-0.007669950094667076,1225.716792306276,1255.777553292153,CLOSE,2018-10-24,2018-10-25,LONG,UP,0.7925,STRONG BUY,3.859661758268977
1234.300048828125,1232.5,-1.800048828125,-0.0014583559563446594,1221.1799579158164,1251.79350337787,CLOSE,2018-10-25,2018-10-26,LONG,UP,0.8425,STRONG BUY,3.8540329975543295
1224.5,1224.5,0.0,0.0,1237.293663694521,1207.4417817406388,CLOSE,2018-10-26,2018-10-29,SHORT,DOWN,0.825,STRONG SELL,3.8540329975543295
1227.699951171875,1222.5999755859375,5.0999755859375,0.004154089589292096,1240.4369246025017,1210.7173199310396,CLOSE,2018-10-29,2018-10-30,SHORT,DOWN,0.8975,STRONG SELL,3.8700429959062586
1216.0,1212.300048828125,3.699951171875,0.0030427230031866777,1228.6736077224123,1199.101856370117,CLOSE,2018-10-30,2018-10-31,SHORT,DOWN,0.85,STRONG SELL,3.881818464753224
1215.4000244140625,1232.6054400112305,17.205415597167985,0.014156175128812112,1202.4959627161863,1232.6054400112305,TP,2018-10-31,2018-11-01,LONG,UP,0.79,STRONG BUY,3.9367701667585275
1233.300048828125,1230.9000244140625,2.4000244140625,0.0019460182591762565,1247.8216723159965,1213.9378841776297,CLOSE,2018-11-01,2018-11-02,SHORT,DOWN,0.795,STRONG SELL,3.9444311933852196
1230.5999755859375,1229.800048828125,0.7999267578125,0.0006500298827258005,1244.630766208883,1211.8922547553436,CLOSE,2018-11-02,2018-11-05,SHORT,DOWN,0.8625,STRONG SELL,3.946995191531276
1230.699951171875,1223.800048828125,6.89990234375,0.00560648624157326,1244.2428334104807,1212.6427748537342,CLOSE,2018-11-05,2018-11-06,SHORT,DOWN,0.8575,STRONG SELL,3.969123965768152
1228.5999755859375,1226.199951171875,-2.4000244140625,-0.001953462853454716,1214.9530135072323,1246.795925024211,CLOSE,2018-11-06,2018-11-07,LONG,UP,0.77,STRONG BUY,3.9613704295402665
1222.9000244140625,1222.9000244140625,0.0,0.0,1236.0864813540543,1205.3180818274068,CLOSE,2018-11-07,2018-11-08,SHORT,DOWN,0.8525,STRONG SELL,3.9613704295402665
1207.9000244140625,1206.4000244140625,1.5,0.0012418246292590577,1220.4981551538206,1191.1025167610517,CLOSE,2018-11-08,2018-11-09,SHORT,DOWN,0.89,STRONG SELL,3.9662897569052884
1201.5999755859375,1201.300048828125,0.2999267578125,0.00024960616170639186,1215.0660969871415,1183.645147050999,CLOSE,2018-11-09,2018-11-12,SHORT,DOWN,0.84,STRONG SELL,3.9672797672677245
1196.300048828125,1199.199951171875,-2.89990234375,-0.0024240593708833285,1209.3507303705933,1178.8991401048338,CLOSE,2018-11-12,2018-11-13,SHORT,DOWN,0.7725,STRONG SELL,3.9576628455709635
1207.9000244140625,1207.9000244140625,0.0,0.0,1195.2458201246275,1224.7722967999757,CLOSE,2018-11-13,2018-11-14,LONG,UP,0.83,STRONG BUY,3.9576628455709635
1212.800048828125,1212.800048828125,0.0,0.0,1200.1175655691297,1229.7100265067854,CLOSE,2018-11-14,2018-11-15,LONG,UP,0.8925,STRONG BUY,3.9576628455709635
1216.699951171875,1220.800048828125,4.10009765625,0.003369851089663442,1204.398356958444,1233.102076789783,CLOSE,2018-11-15,2018-11-16,LONG,UP,0.9225,STRONG BUY,3.970999580023631
1223.0999755859375,1223.0999755859375,0.0,0.0,1210.4984952448945,1239.901949373995,CLOSE,2018-11-16,2018-11-19,LONG,UP,0.8575,STRONG BUY,3.970999580023631
1225.300048828125,1219.0,6.300048828125,0.005141637621046662,1237.2478441545734,1209.369655059527,CLOSE,2018-11-19,2018-11-20,SHORT,DOWN,0.8025,STRONG SELL,3.991417020857441
1225.800048828125,1225.800048828125,0.0,0.0,1213.655662221981,1241.9925643029837,CLOSE,2018-11-20,2018-11-21,LONG,UP,0.7975,STRONG BUY,3.991417020857441
1224.800048828125,1221.0,3.800048828125,0.0031025870971844297,1236.8055559082723,1208.7927060545953,CLOSE,2018-11-21,2018-11-23,SHORT,DOWN,0.885,STRONG SELL,4.003800739805835
1220.199951171875,1220.199951171875,0.0,0.0,1231.862212977882,1204.6502687638654,CLOSE,2018-11-23,2018-11-26,SHORT,DOWN,0.905,STRONG SELL,4.003800739805835
1221.9000244140625,1211.199951171875,10.7000732421875,0.008756913845974023,1232.9221298940827,1207.2038837740356,CLOSE,2018-11-26,2018-11-27,SHORT,DOWN,0.8675,STRONG SELL,4.038861677940762
1211.5,1221.4000244140625,9.9000244140625,0.00817170814202435,1200.1080396798252,1226.6892804268998,CLOSE,2018-11-27,2018-11-28,LONG,UP,0.855,STRONG BUY,4.071866076798901
1221.0,1224.0999755859375,3.0999755859375,0.002538882543765356,1209.3288861410317,1236.561485145291,CLOSE,2018-11-28,2018-11-29,LONG,UP,0.85,STRONG BUY,4.082204066501835
1224.0999755859375,1220.199951171875,3.9000244140625,0.003186034222568858,1235.816004651966,1208.4786034978995,CLOSE,2018-11-29,2018-11-30,SHORT,DOWN,0.76,STRONG SELL,4.09521010836122
1222.5,1233.9000244140625,11.4000244140625,0.009325173344836402,1210.6672561086098,1238.2769918551871,CLOSE,2018-11-30,2018-12-03,LONG,UP,0.815,STRONG BUY,4.133398652505214
1231.0,1241.0999755859375,10.0999755859375,0.008204691783864744,1218.5231637707736,1247.6357816389684,CLOSE,2018-12-03,2018-12-04,LONG,UP,0.785,STRONG BUY,4.167311914468861
1237.5,1238.0999755859375,-0.5999755859375,-0.0004848287563131313,1250.2642050699958,1220.4810599066723,CLOSE,2018-12-04,2018-12-06,SHORT,DOWN,0.7525,STRONG SELL,4.1652914818162
1238.300048828125,1246.800048828125,8.5,0.0068642491034737844,1225.4190038789213,1255.4747754270634,CLOSE,2018-12-06,2018-12-07,LONG,UP,0.7525,STRONG BUY,4.193883080135964
1249.5999755859375,1243.699951171875,5.9000244140625,0.004721530513231627,1262.8680966004324,1231.909147566611,CLOSE,2018-12-07,2018-12-10,SHORT,DOWN,0.8525,STRONG SELL,4.213684627067751
1245.800048828125,1241.9000244140625,3.9000244140625,0.003130538016699469,1258.9668781002342,1228.2442764653129,CLOSE,2018-12-10,2018-12-11,SHORT,DOWN,0.855,STRONG SELL,4.226875726983169
1245.300048828125,1244.4000244140625,-0.9000244140625,-0.0007227369941159622,1232.3022840213227,1262.6304019038614,CLOSE,2018-12-11,2018-12-12,LONG,UP,0.7075,STRONG BUY,4.2238208075257475
1243.5,1242.699951171875,0.800048828125,0.0006433846627462807,1255.9657763747316,1226.8789648336913,CLOSE,2018-12-12,2018-12-13,SHORT,DOWN,0.7775,STRONG SELL,4.2265383490514985
1241.699951171875,1237.0,4.699951171875,0.0037850941102472806,1253.6396032784896,1225.7804150297222,CLOSE,2018-12-13,2018-12-14,SHORT,DOWN,0.755,STRONG SELL,4.242536194463228
1239.300048828125,1247.4000244140625,8.0999755859375,0.006535927755023322,1227.2918030592039,1255.3110431866864,CLOSE,2018-12-14,2018-12-17,LONG,UP,0.81,STRONG BUY,4.2702651045283115
1248.199951171875,1249.199951171875,1.0,0.000801153692612428,1235.9351489135129,1264.553020849691,CLOSE,2018-12-17,2018-12-18,LONG,UP,0.8575,STRONG BUY,4.273686243185239
1255.800048828125,1252.0999755859375,-3.7000732421875,-0.0029463872418545433,1244.0255922040099,1271.4993243269453,CLOSE,2018-12-18,2018-12-19,LONG,UP,0.8775,STRONG BUY,4.261094308562628
1243.199951171875,1258.720720943101,15.520769771226014,0.012484532159606106,1231.5593738434554,1258.720720943101,TP,2018-12-19,2018-12-20,LONG,UP,0.8275,STRONG BUY,4.3142920774929925
1260.300048828125,1253.800048828125,6.5,0.005157501982201737,1273.2948732488783,1242.9736162671206,CLOSE,2018-12-20,2018-12-21,SHORT,DOWN,0.775,STRONG SELL,4.33654304743446
1260.300048828125,1267.5,7.199951171875,0.005712886529338619,1247.1834339990885,1277.7888686001738,CLOSE,2018-12-21,2018-12-24,LONG,UP,0.825,STRONG BUY,4.3613172257940445
1269.300048828125,1269.199951171875,-0.10009765625,-7.88605155592759e-05,1255.5453402898902,1287.6396602124382,CLOSE,2018-12-24,2018-12-26,LONG,UP,0.8425,STRONG BUY,4.360973290069101
1276.699951171875,1277.300048828125,0.60009765625,0.00047003812892698404,1262.867004913436,1295.1438795164604,CLOSE,2018-12-26,2018-12-27,LONG,UP,0.8975,STRONG BUY,4.3630231137946645
1273.5,1279.9000244140625,6.4000244140625,0.0050255393907047505,1259.7872537254227,1291.7836616994364,CLOSE,2018-12-27,2018-12-28,LONG,UP,0.8625,STRONG BUY,4.384949658315596
1278.0,1278.300048828125,-0.300048828125,-0.00023477999070813772,1291.4404046391724,1260.0794604811035,CLOSE,2018-12-28,2018-12-31,SHORT,DOWN,0.7125,STRONG SELL,4.383920159875561
1286.0,1281.0,-5.0,-0.0038880248833592537,1273.12318784482,1303.1690828735734,CLOSE,2018-12-31,2019-01-02,LONG,UP,0.855,STRONG BUY,4.366875369207304
1286.800048828125,1291.800048828125,5.0,0.0038856075616048092,1273.9430063539512,1303.9427721270235,CLOSE,2019-01-02,2019-01-03,LONG,UP,0.8875,STRONG BUY,4.383843333162481
1294.199951171875,1276.7102795371836,17.489671634691376,0.013513886798446244,1307.3172048978936,1276.7102795371836,TP,2019-01-03,2019-01-04,SHORT,DOWN,0.775,STRONG SELL,4.443086095708963
1286.800048828125,1286.800048828125,0.0,0.0,1272.5947522599915,1305.7404442523027,CLOSE,2019-01-04,2019-01-07,LONG,UP,0.8425,STRONG BUY,4.443086095708963
1280.5,1283.199951171875,-2.699951171875,-0.0021085132150527137,1294.1299287050078,1262.3267617266563,CLOSE,2019-01-07,2019-01-08,SHORT,DOWN,0.7675,STRONG SELL,4.433717789960544
1279.4000244140625,1289.300048828125,9.9000244140625,0.007738021123296833,1265.8222230105284,1297.5037596187744,CLOSE,2019-01-08,2019-01-09,LONG,UP,0.82,STRONG BUY,4.468025991873996
1284.699951171875,1284.699951171875,0.0,0.0,1298.3900629383263,1266.4464688166067,CLOSE,2019-01-09,2019-01-10,SHORT,DOWN,0.7575,STRONG SELL,4.468025991873996
1291.199951171875,1287.0999755859375,-4.0999755859375,-0.0031753219803148376,1277.9948369255721,1308.8067701669456,CLOSE,2019-01-10,2019-01-11,LONG,UP,0.8875,STRONG BUY,4.453838570733381
1292.4000244140625,1289.0999755859375,-3.300048828125,-0.0025534267763737844,1279.4417040424955,1309.6777849094851,CLOSE,2019-01-11,2019-01-14,LONG,UP,0.7825,STRONG BUY,4.442466020069223
1290.0999755859375,1286.199951171875,3.9000244140625,0.003023040452575148,1302.861278305406,1273.0849052933129,CLOSE,2019-01-14,2019-01-15,SHORT,DOWN,0.7925,STRONG SELL,4.455895774557082
1291.5999755859375,1291.5999755859375,0.0,0.0,1279.0537659178597,1308.3282551433747,CLOSE,2019-01-15,2019-01-16,LONG,UP,0.795,STRONG BUY,4.455895774557082
1291.5999755859375,1291.0,0.5999755859375,0.00046452121189094914,1303.828601464945,1275.295141080594,CLOSE,2019-01-16,2019-01-17,SHORT,DOWN,0.8275,STRONG SELL,4.45796563266234
1281.300048828125,1281.300048828125,0.0,0.0,1293.1051961984758,1265.559852334324,CLOSE,2019-01-17,2019-01-18,SHORT,DOWN,0.795,STRONG SELL,4.45796563266234
1282.5,1282.5,0.0,0.0,1270.4987969591164,1298.5016040545117,CLOSE,2019-01-18,2019-01-22,LONG,UP,0.9075,STRONG BUY,4.45796563266234
1281.699951171875,1283.0999755859375,1.4000244140625,0.0010923183798067866,1270.34169120534,1296.8442977939214,CLOSE,2019-01-22,2019-01-23,LONG,UP,0.84,STRONG BUY,4.462835150459444
1279.0999755859375,1279.0999755859375,0.0,0.0,1290.2040819736685,1264.294500402296,CLOSE,2019-01-23,2019-01-24,SHORT,DOWN,0.725,STRONG SELL,4.462835150459444
1297.4000244140625,1297.4000244140625,0.0,0.0,1286.5962139555331,1311.8051050254348,CLOSE,2019-01-24,2019-01-25,LONG,UP,0.8125,STRONG BUY,4.462835150459444
1300.800048828125,1302.4000244140625,1.5999755859375,0.0012299934854545082,1288.8072195993343,1316.7904877998458,CLOSE,2019-01-25,2019-01-28,LONG,UP,0.8725,STRONG BUY,4.468324408621166
1308.199951171875,1308.199951171875,0.0,0.0,1296.024472119583,1324.433923241598,CLOSE,2019-01-28,2019-01-29,LONG,UP,0.8875,STRONG BUY,4.468324408621166
1310.4000244140625,1309.9000244140625,-0.5,-0.0003815628744539836,1298.4728017128828,1326.3029880156355,CLOSE,2019-01-29,2019-01-30,LONG,UP,0.9025,STRONG BUY,4.46661946191582
1320.0,1319.699951171875,-0.300048828125,-0.00022730971827651514,1307.2854308316055,1336.9527588911928,CLOSE,2019-01-30,2019-01-31,LONG,UP,0.845,STRONG BUY,4.465604155904283
1320.300048828125,1316.9000244140625,3.4000244140625,0.00257519070538572,1333.7671487702057,1302.3439155720173,CLOSE,2019-01-31,2019-02-01,SHORT,DOWN,0.855,STRONG SELL,4.4771039382205
1318.0999755859375,1314.300048828125,3.7999267578125,0.0028828820485512197,1331.1729891133496,1300.6692908827215,CLOSE,2019-02-01,2019-02-04,SHORT,DOWN,0.87,STRONG SELL,4.490010900793494
1311.0999755859375,1314.199951171875,-3.0999755859375,-0.002364408240151255,1324.2891945854428,1293.5143502532637,CLOSE,2019-02-04,2019-02-05,SHORT,DOWN,0.8875,STRONG SELL,4.479394682021288
1312.5,1309.5,3.0,0.002285714285714286,1325.1864150266053,1295.5847799645262,CLOSE,2019-02-05,2019-02-06,SHORT,DOWN,0.8675,STRONG SELL,4.489633298437337
1302.9000244140625,1309.4000244140625,-6.5,-0.004988870886638571,1315.665975992897,1285.878755642283,CLOSE,2019-02-06,2019-02-07,SHORT,DOWN,0.795,STRONG SELL,4.46723509758308
1309.5,1313.699951171875,4.199951171875,0.003207293754772814,1296.7673228294193,1326.4769028941075,CLOSE,2019-02-07,2019-02-08,LONG,UP,0.7675,STRONG BUY,4.481562832812661
1313.4000244140625,1307.0,6.4000244140625,0.004872867591819709,1325.8875051265884,1296.7500501306947,CLOSE,2019-02-08,2019-02-11,SHORT,DOWN,0.73,STRONG SELL,4.503400895101377
1310.0,1309.199951171875,-0.800048828125,-0.000610724296278626,1297.440196481226,1326.7464046916987,CLOSE,2019-02-11,2019-02-12,LONG,UP,0.7925,STRONG BUY,4.5006505587588554
1311.5999755859375,1310.800048828125,-0.7999267578125,-0.0006098862249941296,1299.401586604219,1327.864494228229,CLOSE,2019-02-12,2019-02-13,LONG,UP,0.86,STRONG BUY,4.497905673979556
1305.0,1309.800048828125,-4.800048828125,-0.0036781983357279694,1317.1735066702454,1288.768657773006,CLOSE,2019-02-13,2019-02-14,SHORT,DOWN,0.7225,STRONG SELL,4.481361484815263
1313.5999755859375,1318.0999755859375,4.5,0.003425700429076785,1301.2031401161894,1330.1290895456016,CLOSE,2019-02-14,2019-02-15,LONG,UP,0.85,STRONG BUY,4.496713286776643
1320.9000244140625,1337.534201662322,16.634177248259448,0.012593063018253933,1308.4243914778679,1337.534201662322,TP,2019-02-15,2019-02-19,LONG,UP,0.745,STRONG BUY,4.553340680572042
1342.199951171875,1343.300048828125,1.10009765625,0.0008196227807112529,1328.2582920168372,1360.7888300452587,CLOSE,2019-02-19,2019-02-20,LONG,UP,0.795,STRONG BUY,4.557072702322178
1331.300048828125,1323.5,7.800048828125,0.00585897133782199,1344.8887323292315,1313.181804159983,CLOSE,2019-02-20,2019-02-21,SHORT,DOWN,0.8025,STRONG SELL,4.583772460669455
1324.199951171875,1329.199951171875,5.0,0.0037758648122401444,1309.181885305055,1344.2240389943015,CLOSE,2019-02-21,2019-02-22,LONG,UP,0.77,STRONG BUY,4.6010801658110125
1329.199951171875,1325.9000244140625,3.2999267578125,0.0024826413474535224,1344.2488747083642,1309.1347197898897,CLOSE,2019-02-22,2019-02-25,SHORT,DOWN,0.8325,STRONG SELL,4.612502997673603
1323.300048828125,1325.0999755859375,-1.7999267578125,-0.001360180375876553,1337.916906397722,1303.8109054019958,CLOSE,2019-02-25,2019-02-26,SHORT,DOWN,0.83,STRONG SELL,4.606229161612496
1327.699951171875,1317.699951171875,10.0,0.007531822224723023,1341.5513162992797,1309.2314643353352,CLOSE,2019-02-26,2019-02-27,SHORT,DOWN,0.8725,STRONG SELL,4.640922460784096
1321.0999755859375,1312.800048828125,8.2999267578125,0.006282587927633029,1335.1833886771772,1302.3220914642845,CLOSE,2019-02-27,2019-02-28,SHORT,DOWN,0.8575,STRONG SELL,4.670079464209299
1312.199951171875,1293.0204943200722,19.179456851802797,0.014616260909531635,1326.5845438107272,1293.0204943200722,TP,2019-02-28,2019-03-01,SHORT,DOWN,0.8325,STRONG SELL,4.738338564126428
1285.5,1284.800048828125,0.699951171875,0.0005444972165499805,1301.4178386375836,1264.2762151498885,CLOSE,2019-03-01,2019-03-04,SHORT,DOWN,0.7975,STRONG SELL,4.740918576285666
1287.0,1282.0,5.0,0.003885003885003885,1303.334421592042,1265.2207712106108,CLOSE,2019-03-04,2019-03-05,SHORT,DOWN,0.865,STRONG SELL,4.759337063373023
1287.0999755859375,1284.9000244140625,-2.199951171875,-0.0017092309949532068,1271.3965841076129,1308.0378308903703,CLOSE,2019-03-05,2019-03-06,LONG,UP,0.7725,STRONG BUY,4.751202256948876
1281.0,1283.800048828125,-2.800048828125,-0.002185830466920375,1296.1281466140804,1260.8291378478928,CLOSE,2019-03-06,2019-03-07,SHORT,DOWN,0.76,STRONG SELL,4.740816934301136
1292.0999755859375,1297.0,4.9000244140625,0.0037922951061433556,1277.6345511142133,1311.3872082149032,CLOSE,2019-03-07,2019-03-08,LONG,UP,0.765,STRONG BUY,4.758795511160208
1291.0,1288.800048828125,2.199951171875,0.0017040675227536794,1305.8893201079516,1271.147573189398,CLOSE,2019-03-08,2019-03-11,SHORT,DOWN,0.7725,STRONG SELL,4.766904820038202
1294.699951171875,1296.300048828125,1.60009765625,0.0012358829972934653,1279.9955877317905,1314.3057690919877,CLOSE,2019-03-11,2019-03-12,LONG,UP,0.8325,STRONG BUY,4.772796156655003
1307.5,1307.5,0.0,0.0,1293.0423768056357,1326.7768309258188,CLOSE,2019-03-12,2019-03-13,LONG,UP,0.7775,STRONG BUY,4.772796156655003
1293.4000244140625,1293.4000244140625,0.0,0.0,1308.0249550058159,1273.9001169583914,CLOSE,2019-03-13,2019-03-14,SHORT,DOWN,0.76,STRONG SELL,4.772796156655003
1300.9000244140625,1301.800048828125,0.9000244140625,0.0006918474880249767,1285.8090200517981,1321.021363563748,CLOSE,2019-03-14,2019-03-15,LONG,UP,0.8475,STRONG BUY,4.77609820368684
1297.300048828125,1300.300048828125,-3.0,-0.0023124950952633934,1312.5238307457075,1277.0016729380152,CLOSE,2019-03-15,2019-03-18,SHORT,DOWN,0.775,STRONG SELL,4.765053500016318
1306.9000244140625,1305.0,-1.9000244140625,-0.0014538406753143644,1292.2386659537628,1326.448502361129,CLOSE,2019-03-18,2019-03-19,LONG,UP,0.7725,STRONG BUY,4.7581258714179455
1300.699951171875,1300.5,0.199951171875,0.00015372582408022123,1315.0212099835037,1281.6049394230365,CLOSE,2019-03-19,2019-03-20,SHORT,DOWN,0.7975,STRONG SELL,4.758857318238607
1306.0999755859375,1306.0999755859375,0.0,0.0,1292.3195209751393,1324.4739150670018,CLOSE,2019-03-20,2019-03-21,LONG,UP,0.825,STRONG BUY,4.758857318238607
1311.5999755859375,1311.5999755859375,0.0,0.0,1298.2038417774174,1329.4614873306311,CLOSE,2019-03-21,2019-03-22,LONG,UP,0.835,STRONG BUY,4.758857318238607
1320.699951171875,1321.9000244140625,1.2000732421875,0.0009086645616384393,1307.6713983496777,1338.0713549348047,CLOSE,2019-03-22,2019-03-25,LONG,UP,0.79,STRONG BUY,4.763181523237584
1315.5999755859375,1314.300048828125,1.2999267578125,0.0009880866387471183,1328.9086370095627,1297.8550936877707,CLOSE,2019-03-25,2019-03-26,SHORT,DOWN,0.8325,STRONG SELL,4.767887959258622
1309.9000244140625,1309.9000244140625,0.0,0.0,1323.072350263065,1292.3369232820594,CLOSE,2019-03-26,2019-03-27,SHORT,DOWN,0.805,STRONG SELL,4.767887959258622
1308.4000244140625,1291.4628555894792,16.937168824583296,0.012944946888218093,1321.1029010325,1291.4628555894792,TP,2019-03-27,2019-03-28,SHORT,DOWN,0.8375,STRONG SELL,4.8296080156602
1289.5999755859375,1293.0,3.4000244140625,0.002636495408211898,1275.2973018244531,1308.6702072679166,CLOSE,2019-03-28,2019-03-29,LONG,UP,0.8225,STRONG BUY,4.842341255016951
1291.800048828125,1288.4000244140625,3.4000244140625,0.0026320051753728306,1306.4096770795816,1272.3205444928496,CLOSE,2019-03-29,2019-04-01,SHORT,DOWN,0.7725,STRONG SELL,4.8550863222610765
1286.300048828125,1290.0,3.699951171875,0.002876429317751963,1271.6411004615381,1305.8453133169073,CLOSE,2019-04-01,2019-04-02,LONG,UP,0.74,STRONG BUY,4.869051634898645
1291.4000244140625,1289.9000244140625,1.5,0.001161530100388982,1305.6976219416856,1272.3365610438984,CLOSE,2019-04-02,2019-04-03,SHORT,DOWN,0.84,STRONG SELL,4.874707184932927
1290.5999755859375,1289.0,1.5999755859375,0.0012397145639268315,1304.4763135315093,1272.0981916585083,CLOSE,2019-04-03,2019-04-04,SHORT,DOWN,0.7625,STRONG SELL,4.880750430424967
1292.0,1290.4000244140625,-1.5999755859375,-0.0012383711965460527,1277.7112602377615,1311.0516530163181,CLOSE,2019-04-04,2019-04-05,LONG,UP,0.8,STRONG BUY,4.874706249674399
1292.199951171875,1297.0999755859375,4.9000244140625,0.0037920017019183044,1278.0318330625753,1311.090775317608,CLOSE,2019-04-05,2019-04-08,LONG,UP,0.7975,STRONG BUY,4.893191144069517
1298.5,1303.5,5.0,0.003850596842510589,1284.0903241300923,1317.712901159877,CLOSE,2019-04-08,2019-04-09,LONG,UP,0.8025,STRONG BUY,4.912032850438672
1304.0,1309.0999755859375,5.0999755859375,0.0039110242223447085,1289.7838671749294,1322.9548437667606,CLOSE,2019-04-09,2019-04-10,LONG,UP,0.76,STRONG BUY,4.931243929897692
1307.0,1288.5999755859375,18.4000244140625,0.014078059995457155,1321.0149778646303,1288.3133628471596,CLOSE,2019-04-10,2019-04-11,SHORT,DOWN,0.8025,STRONG SELL,5.000666277795025
1293.4000244140625,1290.5999755859375,-2.800048828125,-0.0021648745749741896,1278.1896878254772,1313.6804731988427,CLOSE,2019-04-11,2019-04-12,LONG,UP,0.83,STRONG BUY,4.989840462512296
1284.800048828125,1286.800048828125,-2.0,-0.0015566624564065153,1299.4382237491104,1265.2824822668113,CLOSE,2019-04-12,2019-04-15,SHORT,DOWN,0.775,STRONG SELL,4.982072965200845
1285.199951171875,1272.5999755859375,12.5999755859375,0.009803902944789682,1299.6818200368414,1265.8907926852532,CLOSE,2019-04-15,2019-04-16,SHORT,DOWN,0.8475,STRONG SELL,5.030916725015534
1273.5,1272.199951171875,1.300048828125,0.001020847136336867,1288.5117458377813,1253.4843388829584,CLOSE,2019-04-16,2019-04-17,SHORT,DOWN,0.865,STRONG SELL,5.036052521947416
1270.800048828125,1271.9000244140625,-1.0999755859375,-0.0008655772298339525,1284.9431011504287,1251.9426457317202,CLOSE,2019-04-17,2019-04-18,SHORT,DOWN,0.845,STRONG SELL,5.03169342955617
1273.5,1273.5,0.0,0.0,1259.992165700718,1291.510445732376,CLOSE,2019-04-18,2019-04-22,LONG,UP,0.7775,STRONG BUY,5.03169342955617
1266.4000244140625,1269.300048828125,-2.9000244140625,-0.0022899750143358395,1279.114439361889,1249.447471150294,CLOSE,2019-04-22,2019-04-23,SHORT,DOWN,0.8175,STRONG SELL,5.020170977322689
1268.4000244140625,1275.5,7.0999755859375,0.005597583924060025,1255.7902105339379,1285.213109587562,CLOSE,2019-04-23,2019-04-24,LONG,UP,0.8175,STRONG BUY,5.048271805681384
1280.5999755859375,1275.800048828125,-4.7999267578125,-0.0037481858888965677,1268.0658679288351,1297.3121191287405,CLOSE,2019-04-24,2019-04-25,LONG,UP,0.845,STRONG BUY,5.029349944536014
1284.9000244140625,1284.9000244140625,0.0,0.0,1272.6933477865969,1301.1755932506833,CLOSE,2019-04-25,2019-04-26,LONG,UP,0.8275,STRONG BUY,5.029349944536014
1284.800048828125,1278.5999755859375,6.2000732421875,0.004825710621541951,1297.1098173664077,1268.3870241104146,CLOSE,2019-04-26,2019-04-29,SHORT,DOWN,0.81,STRONG SELL,5.053620131982813
1281.699951171875,1282.800048828125,1.10009765625,0.0008583113818832296,1269.4337322975991,1298.0549096709096,CLOSE,2019-04-29,2019-04-30,LONG,UP,0.79,STRONG BUY,5.057957711661808
1278.699951171875,1281.4000244140625,-2.7000732421875,-0.0021115768712691324,1290.5935908310798,1262.8417649596017,CLOSE,2019-04-30,2019-05-01,SHORT,DOWN,0.8125,STRONG SELL,5.047277445142005
1269.199951171875,1269.699951171875,-0.5,-0.00039394895937266706,1280.7369127471634,1253.817335738157,CLOSE,2019-05-01,2019-05-02,SHORT,DOWN,0.83,STRONG SELL,5.045289075444827
1270.0999755859375,1279.199951171875,9.0999755859375,0.0071647710895667025,1257.8013631772992,1286.498125464122,CLOSE,2019-05-02,2019-05-03,LONG,UP,0.855,STRONG BUY,5.081437416751081
1282.199951171875,1281.699951171875,-0.5,-0.0003899547800973021,1269.7619539352822,1298.7839474873322,CLOSE,2019-05-03,2019-05-06,LONG,UP,0.83,STRONG BUY,5.079455885940654
1280.5,1283.5,3.0,0.0023428348301444747,1268.629002566021,1296.3279965786387,CLOSE,2019-05-06,2019-05-07,LONG,UP,0.7875,STRONG BUY,5.091356212108417
1279.4000244140625,1279.4000244140625,0.0,0.0,1290.7445220313286,1264.2740275910407,CLOSE,2019-05-07,2019-05-08,SHORT,DOWN,0.7175,STRONG SELL,5.091356212108417
1278.9000244140625,1283.5,4.5999755859375,0.0035968218767100366,1267.9265649566792,1293.5313036905736,CLOSE,2019-05-08,2019-05-09,LONG,UP,0.885,STRONG BUY,5.109668913514252
1285.4000244140625,1285.699951171875,0.2999267578125,0.0002333333998100854,1274.5461030066485,1299.8719196239479,CLOSE,2019-05-09,2019-05-10,LONG,UP,0.82,STRONG BUY,5.110861169933746
1286.699951171875,1300.0999755859375,13.4000244140625,0.010414257342481666,1276.2784579537183,1300.5952754627508,CLOSE,2019-05-10,2019-05-13,LONG,UP,0.735,STRONG BUY,5.164086993399133
1297.800048828125,1294.699951171875,3.10009765625,0.0023887328861247124,1309.4378561118933,1282.2829724497672,CLOSE,2019-05-13,2019-05-14,SHORT,DOWN,0.845,STRONG SELL,5.1764226178270745
1296.9000244140625,1296.300048828125,-0.5999755859375,-0.00046262285036856874,1285.5149150347709,1312.080170253118,CLOSE,2019-05-14,2019-05-15,LONG,UP,0.755,STRONG BUY,5.174027886440903
1285.199951171875,1285.0,0.199951171875,0.0001555798159599056,1296.0075605857373,1270.7898052867254,CLOSE,2019-05-15,2019-05-16,SHORT,DOWN,0.78,STRONG SELL,5.174832860747246
1280.0,1274.5,5.5,0.004296875,1291.2463568301712,1265.0048575597716,CLOSE,2019-05-16,2019-05-17,SHORT,DOWN,0.8125,STRONG SELL,5.19706847069577
1276.0999755859375,1276.0999755859375,0.0,0.0,1264.5319299579214,1291.5240364232923,CLOSE,2019-05-17,2019-05-20,LONG,UP,0.875,STRONG BUY,5.19706847069577
1272.0,1272.0,0.0,0.0,1282.9131826102225,1257.4490898530366,CLOSE,2019-05-20,2019-05-21,SHORT,DOWN,0.71,STRONG SELL,5.19706847069577
1273.5999755859375,1273.5999755859375,0.0,0.0,1263.027022920809,1287.6972458061089,CLOSE,2019-05-21,2019-05-22,LONG,UP,0.9125,STRONG BUY,5.19706847069577
1284.800048828125,1284.800048828125,0.0,0.0,1274.8108811120123,1298.1189391162752,CLOSE,2019-05-22,2019-05-23,LONG,UP,0.915,STRONG BUY,5.19706847069577
1283.0,1283.0,0.0,0.0,1293.4756635837675,1269.0324485549766,CLOSE,2019-05-23,2019-05-24,SHORT,DOWN,0.7525,STRONG SELL,5.19706847069577
1276.5,1276.5,0.0,0.0,1286.4202642736548,1263.2729809684604,CLOSE,2019-05-24,2019-05-28,SHORT,DOWN,0.7825,STRONG SELL,5.19706847069577
1280.5999755859375,1280.5999755859375,0.0,0.0,1270.6918730461152,1293.8107789723672,CLOSE,2019-05-28,2019-05-29,LONG,UP,0.855,STRONG BUY,5.19706847069577
1279.4000244140625,1287.0999755859375,7.699951171875,0.006018407866922944,1269.7603603857342,1292.2529097851668,CLOSE,2019-05-29,2019-05-30,LONG,UP,0.8425,STRONG BUY,5.228346548464743
1287.699951171875,1301.6919196470521,13.991968475177146,0.010865860841606552,1277.205974815492,1301.6919196470521,TP,2019-05-30,2019-05-31,LONG,UP,0.7825,STRONG BUY,5.285157034492055
1307.0,1322.749691988111,15.749691988110953,0.012050261658845412,1295.1877310089167,1322.749691988111,TP,2019-05-31,2019-06-03,LONG,UP,0.7725,STRONG BUY,5.348844559665772
1324.300048828125,1323.4000244140625,-0.9000244140625,-0.0006796227296517379,1310.974370479262,1342.0676199599422,CLOSE,2019-06-03,2019-06-04,LONG,UP,0.8875,STRONG BUY,5.345209363325649
1328.9000244140625,1328.300048828125,-0.5999755859375,-0.000451482861701384,1315.6904737946384,1346.5127585732946,CLOSE,2019-06-04,2019-06-05,LONG,UP,0.9075,STRONG BUY,5.3427960929059015
1330.800048828125,1337.5999755859375,6.7999267578125,0.005109653222360771,1316.4018920657245,1349.9975911779925,CLOSE,2019-06-05,2019-06-06,LONG,UP,0.915,STRONG BUY,5.370095928178435
1333.0999755859375,1341.199951171875,8.0999755859375,0.006076045108602839,1318.390972877994,1352.7119791965285,CLOSE,2019-06-06,2019-06-07,LONG,UP,0.9,STRONG BUY,5.402724873275571
1335.800048828125,1324.699951171875,11.10009765625,0.00830969999289035,1351.3762551651885,1315.0317737120404,CLOSE,2019-06-07,2019-06-10,SHORT,DOWN,0.7125,STRONG SELL,5.447619896116618
1328.4000244140625,1326.4000244140625,-2.0,-0.0015055705835914676,1312.1042640025817,1350.1277049627035,CLOSE,2019-06-10,2019-06-11,LONG,UP,0.8625,STRONG BUY,5.439418119850437
1326.9000244140625,1331.9000244140625,5.0,0.003768181406287877,1310.7718130861026,1348.4043061846758,CLOSE,2019-06-11,2019-06-12,LONG,UP,0.92,STRONG BUY,5.459914834070683
1331.5999755859375,1339.199951171875,7.5999755859375,0.0057074014157993055,1315.7559248257671,1352.7253765994978,CLOSE,2019-06-12,2019-06-13,LONG,UP,0.93,STRONG BUY,5.491076759724803
1345.4000244140625,1340.0999755859375,-5.300048828125,-0.003939385113682627,1329.6698344224758,1366.3736110695115,CLOSE,2019-06-13,2019-06-14,LONG,UP,0.8825,STRONG BUY,5.469445293679454
1339.0,1338.699951171875,0.300048828125,0.00022408426297610158,1355.342327125279,1317.2102304996276,CLOSE,2019-06-14,2019-06-17,SHORT,DOWN,0.795,STRONG SELL,5.470670910296977
1349.300048828125,1346.5999755859375,-2.7000732421875,-0.0020010917842421556,1333.5571684087809,1370.290556053917,CLOSE,2019-06-17,2019-06-18,LONG,UP,0.845,STRONG BUY,5.459723595684089
1344.0,1344.5999755859375,-0.5999755859375,-0.000446410406203497,1359.7541137097035,1322.9945150537287,CLOSE,2019-06-18,2019-06-19,SHORT,DOWN,0.745,STRONG SELL,5.4572863182559805
1381.5,1392.9000244140625,11.4000244140625,0.008251917780718421,1366.5926113139249,1401.3765182481002,CLOSE,2019-06-19,2019-06-20,LONG,UP,0.7925,STRONG BUY,5.502319396260068
1406.0,1396.199951171875,-9.800048828125,-0.006970162751155761,1386.982419559917,1431.3567739201108,CLOSE,2019-06-20,2019-06-21,LONG,UP,0.885,STRONG BUY,5.463967334559294
1406.0,1414.300048828125,8.300048828125,0.005903306421141536,1386.658680537222,1431.7884259503708,CLOSE,2019-06-21,2019-06-24,LONG,UP,0.8675,STRONG BUY,5.496222808010306
1418.0999755859375,1414.9000244140625,-3.199951171875,-0.0022565060482092093,1397.525890611851,1445.5320888847193,CLOSE,2019-06-24,2019-06-25,LONG,UP,0.705,STRONG BUY,5.4838205480017255
1407.199951171875,1411.5999755859375,-4.4000244140625,-0.003126794035487486,1428.3401729335267,1379.0129888230063,CLOSE,2019-06-25,2019-06-26,SHORT,DOWN,0.84,STRONG SELL,5.466673770620551
1407.0,1408.4000244140625,-1.4000244140625,-0.000995042227478678,1427.6052033057413,1379.5263955923451,CLOSE,2019-06-26,2019-06-27,SHORT,DOWN,0.8075,STRONG SELL,5.461234199374933
1408.300048828125,1409.699951171875,1.39990234375,0.0009940369915593535,1387.9023678915996,1435.496956743492,CLOSE,2019-06-27,2019-06-28,LONG,UP,0.7325,STRONG BUY,5.46666286818868
1386.5999755859375,1385.5999755859375,1.0,0.0007211885313768512,1407.0085312239833,1359.388568068543,CLOSE,2019-06-28,2019-07-01,SHORT,DOWN,0.7275,STRONG SELL,5.470605362754122
1391.0999755859375,1404.5999755859375,13.5,0.009704550526150171,1369.2670415280645,1420.210554329768,CLOSE,2019-07-01,2019-07-02,LONG,UP,0.9,STRONG BUY,5.523695128905597
1431.0,1417.699951171875,-13.300048828125,-0.009294233981918238,1407.2122702861045,1462.7169729518605,CLOSE,2019-07-02,2019-07-03,LONG,UP,0.815,STRONG BUY,5.472356613932767
1418.300048828125,1396.699951171875,21.60009765625,0.015229568435887138,1443.5386576068204,1384.6485704565314,CLOSE,2019-07-03,2019-07-05,SHORT,DOWN,0.8225,STRONG SELL,5.555698243490236
1395.9000244140625,1397.0,1.0999755859375,0.0007880045609994322,1369.45344865639,1431.1621254242923,CLOSE,2019-07-05,2019-07-08,LONG,UP,0.865,STRONG BUY,5.560076159045643
1394.5,1397.5,3.0,0.002151308712800287,1369.5781770377976,1427.7290972829367,CLOSE,2019-07-08,2019-07-09,LONG,UP,0.9275,STRONG BUY,5.5720375993304305
1409.9000244140625,1410.0999755859375,0.199951171875,0.00014181939741301678,1385.5476121461468,1442.3699074379501,CLOSE,2019-07-09,2019-07-10,LONG,UP,0.885,STRONG BUY,5.57282782234513
1424.0,1404.300048828125,19.699951171875,0.013834235373507725,1447.9629516329865,1392.0493978226848,CLOSE,2019-07-10,2019-07-11,SHORT,DOWN,0.785,STRONG SELL,5.649923634135485
1405.5999755859375,1409.9000244140625,4.300048828125,0.003059226595626885,1381.2379543011778,1438.082670632284,CLOSE,2019-07-11,2019-07-12,LONG,UP,0.935,STRONG BUY,5.667208030780293
1414.4000244140625,1411.4000244140625,-3.0,-0.002121040687370461,1391.1567267827343,1445.3910879225002,CLOSE,2019-07-12,2019-07-15,LONG,UP,0.89,STRONG BUY,5.655187651963215
1413.5999755859375,1409.199951171875,4.4000244140625,0.0031126375849282882,1435.729463627807,1384.0939915301115,CLOSE,2019-07-15,2019-07-16,SHORT,DOWN,0.73,STRONG SELL,5.672790201598537
1404.5999755859375,1421.300048828125,16.7000732421875,0.011889558260330285,1383.1190276357863,1433.2412395194724,CLOSE,2019-07-16,2019-07-17,LONG,UP,0.9025,STRONG BUY,5.740237171199073
1422.300048828125,1426.0999755859375,3.7999267578125,0.002671677302509672,1400.5641607413218,1451.2812329438627,CLOSE,2019-07-17,2019-07-18,LONG,UP,0.85,STRONG BUY,5.755573232560389
1440.5,1425.0999755859375,15.4000244140625,0.010690749332913918,1463.3297479918754,1410.0603360108328,CLOSE,2019-07-18,2019-07-19,SHORT,DOWN,0.74,STRONG SELL,5.81710462325692
1425.300048828125,1425.300048828125,0.0,0.0,1402.2902802198769,1455.9797403057892,CLOSE,2019-07-19,2019-07-22,LONG,UP,0.7025,STRONG BUY,5.81710462325692
1418.5999755859375,1420.0999755859375,-1.5,-0.0010573805341991783,1440.105480239467,1389.9259693812314,CLOSE,2019-07-22,2019-07-23,SHORT,DOWN,0.7,STRONG SELL,5.810953730062889
1422.800048828125,1422.800048828125,0.0,0.0,1401.8663659355618,1450.7116260182092,CLOSE,2019-07-23,2019-07-24,LONG,UP,0.845,STRONG BUY,5.810953730062889
1413.9000244140625,1413.9000244140625,0.0,0.0,1433.627737804534,1387.5964065601004,CLOSE,2019-07-24,2019-07-25,SHORT,DOWN,0.7575,STRONG SELL,5.810953730062889
1422.800048828125,1418.5,-4.300048828125,-0.003022243941913477,1403.5278837783233,1448.4962688945272,CLOSE,2019-07-25,2019-07-26,LONG,UP,0.9275,STRONG BUY,5.793391610355466
1419.5999755859375,1419.5999755859375,0.0,0.0,1400.7293963697712,1444.7607478741593,CLOSE,2019-07-26,2019-07-29,LONG,UP,0.9175,STRONG BUY,5.793391610355466
1426.300048828125,1429.699951171875,3.39990234375,0.0023837216766159574,1408.6595136003343,1449.820762465179,CLOSE,2019-07-29,2019-07-30,LONG,UP,0.7475,STRONG BUY,5.8072014435181964
1431.300048828125,1426.0999755859375,5.2000732421875,0.0036331119016205253,1449.212693914087,1407.4165220468426,CLOSE,2019-07-30,2019-07-31,SHORT,DOWN,0.815,STRONG SELL,5.828299656197751
1411.300048828125,1430.5689440139736,-19.268895185848578,-0.013653294493859425,1430.5689440139736,1385.6081885803271,SL,2019-07-31,2019-08-01,SHORT,DOWN,0.7675,STRONG SELL,5.748724164593223
1448.0,1445.5999755859375,-2.4000244140625,-0.001657475424076312,1425.3610337462321,1478.185288338357,CLOSE,2019-08-01,2019-08-02,LONG,UP,0.855,STRONG BUY,5.739195795570616
1440.4000244140625,1464.5999755859375,24.199951171875,0.016800854458274013,1416.474558365642,1472.3006458119564,CLOSE,2019-08-02,2019-08-05,LONG,UP,0.8275,STRONG BUY,5.835619188839536
1469.699951171875,1472.4000244140625,2.7000732421875,0.0018371595100309956,1444.3441691171474,1503.5076605781785,CLOSE,2019-08-05,2019-08-06,LONG,UP,0.8675,STRONG BUY,5.846340152129232
1473.5,1507.364308567014,33.86430856701395,0.022982225020029827,1448.1017685747397,1507.364308567014,TP,2019-08-06,2019-08-07,LONG,UP,0.865,STRONG BUY,5.980702057049101
1498.4000244140625,1497.699951171875,0.7000732421875,0.0004672138486258088,1526.0019535946615,1461.597452173264,CLOSE,2019-08-07,2019-08-08,SHORT,DOWN,0.8225,STRONG SELL,5.98349632387466
1506.199951171875,1496.5999755859375,9.5999755859375,0.006373639554607867,1533.5981711252882,1469.6689912339907,CLOSE,2019-08-08,2019-08-09,SHORT,DOWN,0.8225,STRONG SELL,6.021632972719359
1496.0,1505.300048828125,9.300048828125,0.0062166101792279415,1469.2837931417523,1531.6216091443303,CLOSE,2019-08-09,2019-08-12,LONG,UP,0.7525,STRONG BUY,6.059067117553141
1510.4000244140625,1502.199951171875,8.2000732421875,0.0054290738278878125,1538.0793645854487,1473.494237518881,CLOSE,2019-08-12,2019-08-13,SHORT,DOWN,0.8,STRONG SELL,6.091962240262464
1500.0,1515.9000244140625,15.9000244140625,0.010600016276041667,1469.1870334220498,1541.083955437267,CLOSE,2019-08-13,2019-08-14,LONG,UP,0.735,STRONG BUY,6.1565371391622765
1519.800048828125,1519.5999755859375,-0.2000732421875,-0.00013164445042739066,1488.670151291457,1561.3065788770157,CLOSE,2019-08-14,2019-08-15,LONG,UP,0.7375,STRONG BUY,6.155726665214056
1524.5999755859375,1512.5,12.0999755859375,0.007936492050176776,1554.8027349684796,1484.329629742548,CLOSE,2019-08-15,2019-08-16,SHORT,DOWN,0.79,STRONG SELL,6.204581540955588
1507.199951171875,1500.4000244140625,6.7999267578125,0.004511628833669637,1537.3775160714565,1466.963197972433,CLOSE,2019-08-16,2019-08-19,SHORT,DOWN,0.8325,STRONG SELL,6.232574309936618
1497.5,1504.5999755859375,7.0999755859375,0.004741219089106845,1467.377978066181,1537.6626959117586,CLOSE,2019-08-19,2019-08-20,LONG,UP,0.73,STRONG BUY,6.262124310229166
1504.9000244140625,1504.5999755859375,0.300048828125,0.00019938123679798925,1533.7918993082449,1466.3775245551526,CLOSE,2019-08-20,2019-08-21,SHORT,DOWN,0.8725,STRONG SELL,6.263372860319122
1495.0999755859375,1497.300048828125,-2.2000732421875,-0.001471522492216803,1522.5924256132364,1458.443375549539,CLOSE,2019-08-21,2019-08-22,SHORT,DOWN,0.865,STRONG SELL,6.2541561662780225
1493.5,1526.5999755859375,33.0999755859375,0.02216268870836123,1466.814161393457,1529.0811181420574,CLOSE,2019-08-22,2019-08-23,LONG,UP,0.775,STRONG BUY,6.39276508252472
1543.199951171875,1526.300048828125,16.89990234375,0.010951207152978818,1571.6332272621582,1505.2889163848306,CLOSE,2019-08-23,2019-08-26,SHORT,DOWN,0.8025,STRONG SELL,6.462773577223778
1530.5,1541.0,10.5,0.006860503103560928,1502.0619579161655,1568.4173894451128,CLOSE,2019-08-26,2019-08-27,LONG,UP,0.6575,STRONG BUY,6.507111455407934
1538.0999755859375,1537.800048828125,0.2999267578125,0.00019499822025433896,1566.199578244978,1500.6338387072167,CLOSE,2019-08-27,2019-08-28,SHORT,DOWN,0.855,STRONG SELL,6.508380330560734
1537.5,1526.5,11.0,0.007154471544715447,1563.935340094667,1502.2528798737771,CLOSE,2019-08-28,2019-08-29,SHORT,DOWN,0.8875,STRONG SELL,6.554944352437916
1524.5999755859375,1519.0999755859375,5.5,0.0036075036652720846,1552.3292278069341,1487.6276392912753,CLOSE,2019-08-29,2019-08-30,SHORT,DOWN,0.835,STRONG SELL,6.5785913382149905
1522.9000244140625,1545.9000244140625,23.0,0.015102764220421677,1495.6835680757597,1559.1886328651328,CLOSE,2019-08-30,2019-09-03,LONG,UP,0.825,STRONG BUY,6.67794625209856
1549.0,1550.300048828125,1.300048828125,0.0008392826521142673,1520.7061398384844,1586.7251468820207,CLOSE,2019-09-03,2019-09-04,LONG,UP,0.7775,STRONG BUY,6.683550936539698
1551.0,1513.3409489890166,37.659051010983376,0.024280497105727515,1579.2442882582375,1513.3409489890166,TP,2019-09-04,2019-09-05,SHORT,DOWN,0.8825,STRONG SELL,6.845830875710332
1517.300048828125,1506.199951171875,11.10009765625,0.007315690568139819,1547.8126022107742,1476.616644317926,CLOSE,2019-09-05,2019-09-06,SHORT,DOWN,0.7925,STRONG SELL,6.895912856078846
1509.0,1502.199951171875,6.800048828125,0.004506327917909211,1539.6366567124599,1468.1511243833868,CLOSE,2019-09-06,2019-09-09,SHORT,DOWN,0.845,STRONG SELL,6.926988100701663
1498.5,1490.300048828125,8.199951171875,0.005472106220804137,1528.5554669472842,1458.4260440702876,CLOSE,2019-09-09,2019-09-10,SHORT,DOWN,0.79,STRONG SELL,6.964893315378948
1491.699951171875,1494.4000244140625,2.7000732421875,0.0018100645777097,1462.1520254253455,1531.0971855005812,CLOSE,2019-09-10,2019-09-11,LONG,UP,0.855,STRONG BUY,6.977500222056642
1499.5,1498.699951171875,-0.800048828125,-0.0005335437333277759,1471.3769234767158,1536.9974353643788,CLOSE,2019-09-11,2019-09-12,LONG,UP,0.89,STRONG BUY,6.9737774205388705
1490.9000244140625,1490.9000244140625,0.0,0.0,1519.2643097571122,1453.0809772899963,CLOSE,2019-09-12,2019-09-13,SHORT,DOWN,0.6925,STRONG SELL,6.9737774205388705
1506.5999755859375,1503.0999755859375,-3.5,-0.0023231116797534806,1478.9974327576258,1543.4033660236864,CLOSE,2019-09-13,2019-09-16,LONG,UP,0.9175,STRONG BUY,6.957576556761215
1497.9000244140625,1505.0999755859375,7.199951171875,0.0048066967451258465,1470.5655177434091,1534.346033308267,CLOSE,2019-09-16,2019-09-17,LONG,UP,0.8225,STRONG BUY,6.991019517350564
1508.9000244140625,1507.5,-1.4000244140625,-0.0009278443842600896,1482.7465591657551,1543.7713114118058,CLOSE,2019-09-17,2019-09-18,LONG,UP,0.8875,STRONG BUY,6.984532939151137
1496.0999755859375,1498.4000244140625,-2.300048828125,-0.0015373630543802405,1522.5389049864307,1460.8480697186133,CLOSE,2019-09-18,2019-09-19,SHORT,DOWN,0.63,STRONG SELL,6.973795176258384
1503.0,1507.300048828125,4.300048828125,0.0028609772642215568,1477.228134369464,1537.3624875073813,CLOSE,2019-09-19,2019-09-20,LONG,UP,0.9275,STRONG BUY,6.993747045702998
1515.5,1523.699951171875,8.199951171875,0.005410723307076873,1490.6154078701384,1548.6794561731488,CLOSE,2019-09-20,2019-09-23,LONG,UP,0.8475,STRONG BUY,7.031588275846983
1515.0999755859375,1532.0999755859375,17.0,0.011220381673774074,1490.2357219285213,1548.2523137958256,CLOSE,2019-09-23,2019-09-24,LONG,UP,0.8075,STRONG BUY,7.110485380074821
1527.5999755859375,1504.5999755859375,23.0,0.015056297700697429,1552.6060708836162,1494.2585151890326,CLOSE,2019-09-24,2019-09-25,SHORT,DOWN,0.785,STRONG SELL,7.217542964753684
1507.5,1507.5,0.0,0.0,1481.3336257950125,1542.3884989399833,CLOSE,2019-09-25,2019-09-26,LONG,UP,0.7125,STRONG BUY,7.217542964753684
1504.199951171875,1499.0999755859375,5.0999755859375,0.0033904904610349636,1528.8080155494415,1471.389198668453,CLOSE,2019-09-26,2019-09-27,SHORT,DOWN,0.8675,STRONG SELL,7.242013975327791
1495.9000244140625,1465.699951171875,30.2000732421875,0.02018856390754906,1521.096801094738,1462.3043221731618,CLOSE,2019-09-27,2019-09-30,SHORT,DOWN,0.8275,STRONG SELL,7.388219837288059
1468.699951171875,1482.0,13.300048828125,0.00905566097248992,1441.4886611556115,1504.9816711935596,CLOSE,2019-09-30,2019-10-01,LONG,UP,0.8675,STRONG BUY,7.455125051324764
1476.5999755859375,1501.0,24.4000244140625,0.016524464863532318,1448.4180686595635,1514.1758514877697,CLOSE,2019-10-01,2019-10-02,LONG,UP,0.9075,STRONG BUY,7.578317003288619
1497.4000244140625,1507.0999755859375,9.699951171875,0.006477862303809313,1468.0596848839361,1536.5204771208978,CLOSE,2019-10-02,2019-10-03,LONG,UP,0.8725,STRONG BUY,7.62740829733054
1505.5999755859375,1506.199951171875,-0.5999755859375,-0.000398496011999473,1535.158859676691,1466.1881301315993,CLOSE,2019-10-03,2019-10-04,SHORT,DOWN,0.83,STRONG SELL,7.6243688055421615
1504.800048828125,1497.699951171875,7.10009765625,0.004718299724790186,1533.4904385823181,1466.5461958225344,CLOSE,2019-10-04,2019-10-07,SHORT,DOWN,0.9375,STRONG SELL,7.660342862779049
1489.4000244140625,1497.199951171875,-7.7999267578125,-0.005236958929741545,1517.873240855735,1451.4357358251657,CLOSE,2019-10-07,2019-10-08,SHORT,DOWN,0.86,STRONG SELL,7.620225961818937
1507.699951171875,1506.0999755859375,-1.5999755859375,-0.0010612029168628034,1479.439107333179,1545.3810762901362,CLOSE,2019-10-08,2019-10-09,LONG,UP,0.71,STRONG BUY,7.612139355801101
1511.199951171875,1494.800048828125,16.39990234375,0.01085223853470385,1538.5671633078068,1474.7103349906324,CLOSE,2019-10-09,2019-10-10,SHORT,DOWN,0.9,STRONG SELL,7.694748107849661
1491.9000244140625,1482.699951171875,9.2000732421875,0.006166682144670378,1519.5195759244925,1455.0739557334891,CLOSE,2019-10-10,2019-10-11,SHORT,DOWN,0.835,STRONG SELL,7.7421991736140745
1484.4000244140625,1491.699951171875,7.2999267578125,0.004917762488379102,1456.8247265829489,1521.1670881888808,CLOSE,2019-10-11,2019-10-14,LONG,UP,0.92,STRONG BUY,7.780273470287634
1488.9000244140625,1477.5999755859375,11.300048828125,0.007589528271095294,1515.8127957399404,1453.016329312892,CLOSE,2019-10-14,2019-10-15,SHORT,DOWN,0.8,STRONG SELL,7.839322075747235
1482.0,1488.0,6.0,0.004048582995951417,1454.995278537243,1518.006295283676,CLOSE,2019-10-15,2019-10-16,LONG,UP,0.8525,STRONG BUY,7.8710602218028916
1486.199951171875,1492.300048828125,6.10009765625,0.0041044932422720426,1460.009850054951,1521.1200859944404,CLOSE,2019-10-16,2019-10-17,LONG,UP,0.705,STRONG BUY,7.903366935292798
1487.300048828125,1488.199951171875,-0.89990234375,-0.000605057697980345,1512.4122751163848,1453.8170804437787,CLOSE,2019-10-17,2019-10-18,SHORT,DOWN,0.835,STRONG SELL,7.898584942288636
1489.9000244140625,1482.4000244140625,7.5,0.005033894809787353,1513.8292423862524,1457.9944004511426,CLOSE,2019-10-18,2019-10-21,SHORT,DOWN,0.8525,STRONG SELL,7.938345588034288
1483.4000244140625,1481.699951171875,1.7000732421875,0.001146065265071721,1506.5200151468885,1452.573370103628,CLOSE,2019-10-21,2019-10-22,SHORT,DOWN,0.7825,STRONG SELL,7.947443450174869
1486.4000244140625,1489.9000244140625,3.5,0.0023546824155763163,1464.7385992162822,1515.2819246777697,CLOSE,2019-10-22,2019-10-23,LONG,UP,0.82,STRONG BUY,7.966157155515782
1490.5,1498.9000244140625,8.4000244140625,0.005635709100343844,1469.4643804246057,1518.5474927671924,CLOSE,2019-10-23,2019-10-24,LONG,UP,0.7675,STRONG BUY,8.011052099891891
1501.4000244140625,1499.5,-1.9000244140625,-0.001265501787109671,1480.227671227145,1529.6298286632857,CLOSE,2019-10-24,2019-10-25,LONG,UP,0.7475,STRONG BUY,8.000914099142848
1504.0999755859375,1490.0,14.0999755859375,0.009374360624163105,1525.4100204467247,1475.6865824382214,CLOSE,2019-10-25,2019-10-28,SHORT,DOWN,0.8325,STRONG SELL,8.075917553231164
1485.9000244140625,1487.0,-1.0999755859375,-0.0007402756362234097,1507.1986348832868,1457.5018771217635,CLOSE,2019-10-28,2019-10-29,SHORT,DOWN,0.7925,STRONG SELL,8.069939148226359
1487.199951171875,1493.199951171875,6.0,0.00403442724380952,1466.9833869233878,1514.1553701698579,CLOSE,2019-10-29,2019-10-30,LONG,UP,0.8025,STRONG BUY,8.102496730581848
1496.0999755859375,1511.4000244140625,15.300048828125,0.010226621935564726,1475.784591882264,1523.187153857502,CLOSE,2019-10-30,2019-10-31,LONG,UP,0.7875,STRONG BUY,8.185357901379657
1511.0,1508.0,3.0,0.001985440105890139,1531.996430340632,1483.004759545824,CLOSE,2019-10-31,2019-11-01,SHORT,DOWN,0.885,STRONG SELL,8.201609439238121
1511.5999755859375,1508.0,3.5999755859375,0.0023815663165395666,1532.0180868578748,1484.3758272233545,CLOSE,2019-11-01,2019-11-04,SHORT,DOWN,0.8875,STRONG SELL,8.221142116020024
1507.0999755859375,1481.3061270226908,25.793848563246684,0.017114888846852,1526.4453620083725,1481.3061270226908,TP,2019-11-04,2019-11-05,SHORT,DOWN,0.885,STRONG SELL,8.36184604952988
1483.199951171875,1490.199951171875,7.0,0.004719525505963849,1462.3220975826273,1511.037089290872,CLOSE,2019-11-05,2019-11-06,LONG,UP,0.7925,STRONG BUY,8.401309995237579
1489.0999755859375,1464.199951171875,24.9000244140625,0.016721526306025712,1509.5794058300828,1461.7940685937438,CLOSE,2019-11-06,2019-11-07,SHORT,DOWN,0.78,STRONG SELL,8.54179272132802
1469.0999755859375,1461.300048828125,7.7999267578125,0.005309323318654041,1490.9023036697868,1440.030204807472,CLOSE,2019-11-07,2019-11-08,SHORT,DOWN,0.7875,STRONG SELL,8.587143860606478
1461.0,1455.5,5.5,0.0037645448323066393,1482.0807253733399,1432.8923661688802,CLOSE,2019-11-08,2019-11-11,SHORT,DOWN,0.8325,STRONG SELL,8.619470548651199
1454.9000244140625,1452.0999755859375,2.800048828125,0.001924564424454302,1475.760697975021,1427.0857929994513,CLOSE,2019-11-11,2019-11-12,SHORT,DOWN,0.7625,STRONG SELL,8.636059275026765
1456.800048828125,1461.699951171875,4.89990234375,0.0033634693708938066,1436.5294207628713,1483.8275529151301,CLOSE,2019-11-12,2019-11-13,LONG,UP,0.84,STRONG BUY,8.66510639588354
1463.800048828125,1471.800048828125,8.0,0.005465227307790134,1443.777314920155,1490.497027372085,CLOSE,2019-11-13,2019-11-14,LONG,UP,0.805,STRONG BUY,8.71246317198323
1469.0999755859375,1467.300048828125,1.7999267578125,0.0012251901080419087,1488.7746675350793,1442.8670529870817,CLOSE,2019-11-14,2019-11-15,SHORT,DOWN,0.7225,STRONG SELL,8.723137595678224
1472.0,1470.9000244140625,-1.0999755859375,-0.0007472660230553669,1453.2485003329398,1497.0019995560804,CLOSE,2019-11-15,2019-11-18,LONG,UP,0.8325,STRONG BUY,8.716619091338536
1467.699951171875,1473.300048828125,5.60009765625,0.003815560293354674,1449.7842781411896,1491.587515212789,CLOSE,2019-11-18,2019-11-19,LONG,UP,0.7275,STRONG BUY,8.749877877035745
1472.5999755859375,1473.300048828125,-0.7000732421875,-0.00047539946611023515,1489.943111006172,1449.4757950256246,CLOSE,2019-11-19,2019-11-20,SHORT,DOWN,0.8775,STRONG SELL,8.745718189764473
1463.0999755859375,1463.0999755859375,0.0,0.0,1479.9757389588563,1440.5989577553792,CLOSE,2019-11-20,2019-11-21,SHORT,DOWN,0.8975,STRONG SELL,8.745718189764473
1468.5999755859375,1463.0999755859375,5.5,0.00374506338787431,1485.3631922795964,1446.2490199943923,CLOSE,2019-11-21,2019-11-22,SHORT,DOWN,0.885,STRONG SELL,8.778471458757627
1457.0999755859375,1456.5999755859375,0.5,0.00034314735322052084,1473.2551053729067,1435.5598025366455,CLOSE,2019-11-22,2019-11-25,SHORT,DOWN,0.8575,STRONG SELL,8.781483768004021
1459.800048828125,1459.800048828125,0.0,0.0,1443.984573784589,1480.887348886173,CLOSE,2019-11-25,2019-11-26,LONG,UP,0.79,STRONG BUY,8.781483768004021
1461.0999755859375,1453.4000244140625,7.699951171875,0.005269968722562689,1476.1286388308838,1441.061757926009,CLOSE,2019-11-26,2019-11-27,SHORT,DOWN,0.7225,STRONG SELL,8.827761912799094
1453.5999755859375,1465.5999755859375,12.0,0.008255366126545835,1438.584071385552,1473.6211811864514,CLOSE,2019-11-27,2019-11-29,LONG,UP,0.7575,STRONG BUY,8.900638319467227
1462.800048828125,1462.300048828125,0.5,0.0003418102155523982,1478.1898170141972,1442.280357913362,CLOSE,2019-11-29,2019-12-02,SHORT,DOWN,0.775,STRONG SELL,8.903680648569757
1461.5999755859375,1478.199951171875,16.5999755859375,0.011357400015885177,1445.9916272605333,1482.4111066864764,CLOSE,2019-12-02,2019-12-03,LONG,UP,0.7775,STRONG BUY,9.00480331130926
1477.5,1474.0,3.5,0.0023688663282571912,1494.232754632239,1455.189660490348,CLOSE,2019-12-03,2019-12-04,SHORT,DOWN,0.845,STRONG SELL,9.026134486666
1474.699951171875,1476.9000244140625,2.2000732421875,0.0014918785617638387,1457.8552425945616,1497.159562608293,CLOSE,2019-12-04,2019-12-05,LONG,UP,0.765,STRONG BUY,9.039600383202256
1475.0,1459.0999755859375,15.9000244140625,0.010779677568855933,1491.2522241616348,1453.3303677844867,CLOSE,2019-12-05,2019-12-06,SHORT,DOWN,0.8075,STRONG SELL,9.137044360684483
1458.800048828125,1459.300048828125,0.5,0.0003427474521965208,1441.7051185449438,1481.5932892056996,CLOSE,2019-12-06,2019-12-09,LONG,UP,0.855,STRONG BUY,9.140176059359712
1460.699951171875,1462.5999755859375,1.9000244140625,0.0013007629749957673,1444.226089953285,1482.6650994633283,CLOSE,2019-12-09,2019-12-10,LONG,UP,0.8925,STRONG BUY,9.152065261962669
1463.0999755859375,1469.4000244140625,6.300048828125,0.004305959218953563,1446.956400631845,1484.6247421913943,CLOSE,2019-12-10,2019-12-11,LONG,UP,0.7975,STRONG BUY,9.191473681749882
1475.0999755859375,1466.699951171875,8.4000244140625,0.005694545829495965,1491.4618718463225,1453.2841139054242,CLOSE,2019-12-11,2019-12-12,SHORT,DOWN,0.7725,STRONG SELL,9.243814949871211
1463.0999755859375,1475.5999755859375,12.5,0.008543503662484884,1445.7424926396313,1486.2432861810123,CLOSE,2019-12-12,2019-12-13,LONG,UP,0.775,STRONG BUY,9.322789516750769
1473.800048828125,1475.0,-1.199951171875,-0.000814188581978354,1491.289145366994,1450.4812534429661,CLOSE,2019-12-13,2019-12-16,SHORT,DOWN,0.9,STRONG SELL,9.315199007974043
1474.0999755859375,1474.5999755859375,-0.5,-0.0003391900198636499,1490.5327002389388,1452.1896760486025,CLOSE,2019-12-16,2019-12-17,SHORT,DOWN,0.895,STRONG SELL,9.312039385437494
1472.5999755859375,1472.5999755859375,0.0,0.0,1488.1696510938025,1451.8404082421175,CLOSE,2019-12-17,2019-12-18,SHORT,DOWN,0.8325,STRONG SELL,9.312039385437494
1475.9000244140625,1478.199951171875,2.2999267578125,0.001558321512140078,1461.228182871045,1495.4624798047525,CLOSE,2019-12-18,2019-12-19,LONG,UP,0.7475,STRONG BUY,9.326550536733716
1476.699951171875,1474.699951171875,2.0,0.0013543712779382476,1490.9988092648332,1457.6348070479307,CLOSE,2019-12-19,2019-12-20,SHORT,DOWN,0.7725,STRONG SELL,9.339182148902909
1482.300048828125,1482.5,0.199951171875,0.00013489250845878144,1468.6475377418067,1500.503396943216,CLOSE,2019-12-20,2019-12-23,LONG,UP,0.795,STRONG BUY,9.340441934609927
1488.699951171875,1499.0999755859375,10.4000244140625,0.0069859775342074855,1475.186899931566,1506.7173528256203,CLOSE,2019-12-23,2019-12-24,LONG,UP,0.8475,STRONG BUY,9.40569405212468
1505.199951171875,1509.300048828125,4.10009765625,0.002723955480504676,1490.8735490645233,1524.301820648344,CLOSE,2019-12-24,2019-12-26,LONG,UP,0.8825,STRONG BUY,9.431314743985917
1513.800048828125,1513.800048828125,0.0,0.0,1499.08266759535,1533.4232238051586,CLOSE,2019-12-26,2019-12-27,LONG,UP,0.915,STRONG BUY,9.431314743985917
1512.5999755859375,1514.5,1.9000244140625,0.0012561314588984344,1498.4516930126463,1531.4643523503257,CLOSE,2019-12-27,2019-12-30,LONG,UP,0.93,STRONG BUY,9.44316171513461
1513.800048828125,1519.5,5.699951171875,0.003765326323174247,1500.1159319115754,1532.045538050191,CLOSE,2019-12-30,2019-12-31,LONG,UP,0.9625,STRONG BUY,9.478718300514597
1518.0999755859375,1524.5,6.4000244140625,0.004215812210649894,1504.3647267792196,1536.4136406615612,CLOSE,2019-12-31,2020-01-02,LONG,UP,0.9625,STRONG BUY,9.518678796867217
1530.0999755859375,1548.6340861807132,18.53411059477571,0.012113006267893212,1516.199392639856,1548.6340861807132,TP,2020-01-02,2020-01-03,LONG,UP,0.9375,STRONG BUY,9.633978612795731
1580.0,1564.0708924959374,-15.929107504062586,-0.010081713610166193,1564.0708924959374,1601.2388100054166,SL,2020-01-03,2020-01-06,LONG,UP,0.865,STRONG BUY,9.536851599495058
1558.300048828125,1571.800048828125,13.5,0.008663286643770748,1540.208729485625,1582.4218079514583,CLOSE,2020-01-06,2020-01-07,LONG,UP,0.765,STRONG BUY,9.619472078580587
1579.699951171875,1598.4276048470535,-18.727653675178544,-0.011855196717127032,1598.4276048470535,1554.729746271637,SL,2020-01-07,2020-01-08,SHORT,DOWN,0.7725,STRONG SELL,9.505431344774104
1555.699951171875,1551.699951171875,4.0,0.002571189898789215,1578.6506191213712,1525.0990605725467,CLOSE,2020-01-08,2020-01-09,SHORT,DOWN,0.7775,STRONG SELL,9.529871613831421
1551.199951171875,1557.5,6.300048828125,0.004061403446644994,1528.377904977421,1581.6293460978136,CLOSE,2020-01-09,2020-01-10,LONG,UP,0.7125,STRONG BUY,9.568576267249922
1557.4000244140625,1548.4000244140625,9.0,0.005778862115650763,1580.0276413532765,1527.2298684951104,CLOSE,2020-01-10,2020-01-13,SHORT,DOWN,0.845,STRONG SELL,9.623871750141447
1546.699951171875,1542.4000244140625,4.2999267578125,0.0027800652314979458,1568.739878571067,1517.3133813062857,CLOSE,2020-01-13,2020-01-14,SHORT,DOWN,0.79,STRONG SELL,9.65062674138641
1548.0,1552.0999755859375,4.0999755859375,0.002648563040011305,1526.087924557893,1577.216100589476,CLOSE,2020-01-14,2020-01-15,LONG,UP,0.7825,STRONG BUY,9.676187034686592
1555.699951171875,1549.0,6.699951171875,0.0043067116938764905,1577.27902122526,1526.9278577673617,CLOSE,2020-01-15,2020-01-16,SHORT,DOWN,0.76,STRONG SELL,9.717859582541012
1554.0999755859375,1558.800048828125,4.7000732421875,0.003024305589101786,1533.2479845807295,1581.902630259548,CLOSE,2020-01-16,2020-01-17,LONG,UP,0.735,STRONG BUY,9.747249359590596
1559.300048828125,1556.4000244140625,2.9000244140625,0.0018598244874307428,1579.7126171359744,1532.083291084326,CLOSE,2020-01-17,2020-01-21,SHORT,DOWN,0.815,STRONG SELL,9.765377532634657
1549.800048828125,1555.300048828125,-5.5,-0.00354884490044945,1570.383142739543,1522.3559236129008,CLOSE,2020-01-21,2020-01-22,SHORT,DOWN,0.8075,STRONG SELL,9.730721722377004
1553.0999755859375,1564.5999755859375,11.5,0.007404545863611516,1533.2049676584265,1579.6266528226188,CLOSE,2020-01-22,2020-01-23,LONG,UP,0.8375,STRONG BUY,9.802773297656385
1556.300048828125,1571.0999755859375,14.7999267578125,0.009509687266897321,1536.4975388510725,1582.7033954641952,CLOSE,2020-01-23,2020-01-24,LONG,UP,0.8675,STRONG BUY,9.89599460606539
1584.300048828125,1576.800048828125,-7.5,-0.004733951757148275,1564.3262974110962,1610.9317173841634,CLOSE,2020-01-24,2020-01-27,LONG,UP,0.7825,STRONG BUY,9.849147445011276
1576.4000244140625,1569.199951171875,7.2000732421875,0.00456741507909055,1596.3827962028101,1549.7563286957322,CLOSE,2020-01-27,2020-01-28,SHORT,DOWN,0.75,STRONG SELL,9.894132589567807
1569.800048828125,1569.800048828125,0.0,0.0,1550.4303217039753,1595.6263516603246,CLOSE,2020-01-28,2020-01-29,LONG,UP,0.82,STRONG BUY,9.894132589567807
1576.800048828125,1583.5,6.699951171875,0.004249081027651155,1558.7495774639592,1600.867343980346,CLOSE,2020-01-29,2020-01-30,LONG,UP,0.7725,STRONG BUY,9.936173560639205
1573.4000244140625,1582.9000244140625,-9.5,-0.006037879657169715,1591.78974259206,1548.8804001767323,CLOSE,2020-01-30,2020-01-31,SHORT,DOWN,0.8025,STRONG SELL,9.876180140427314
1592.9000244140625,1577.199951171875,15.7000732421875,0.009856282881257828,1612.0119055793461,1567.4175161936844,CLOSE,2020-01-31,2020-02-03,SHORT,DOWN,0.86,STRONG SELL,9.973522565677627
1577.699951171875,1550.4518938734882,27.24805729838681,0.017270747380164177,1598.135994145665,1550.4518938734882,TP,2020-02-03,2020-02-04,SHORT,DOWN,0.84,STRONG SELL,10.145772754399811
1553.199951171875,1557.800048828125,4.60009765625,0.0029616905748543637,1531.0200645879538,1582.7731332837698,CLOSE,2020-02-04,2020-02-05,LONG,UP,0.89,STRONG BUY,10.175821393941131
1553.5999755859375,1565.0999755859375,11.5,0.007402162835167911,1531.6115094722963,1582.9179304041256,CLOSE,2020-02-05,2020-02-06,LONG,UP,0.91,STRONG BUY,10.251144480880669
1564.9000244140625,1568.5999755859375,3.699951171875,0.0023643370912850192,1542.9821630228244,1594.12383960238,CLOSE,2020-02-06,2020-02-07,LONG,UP,0.925,STRONG BUY,10.275381642004936
1569.300048828125,1574.699951171875,5.39990234375,0.0034409623244339906,1547.7263177776115,1598.065023562143,CLOSE,2020-02-07,2020-02-10,LONG,UP,0.9075,STRONG BUY,10.310738843104255
1570.9000244140625,1565.5999755859375,5.300048828125,0.003373893147720773,1591.5863434880328,1543.318265648769,CLOSE,2020-02-10,2020-02-11,SHORT,DOWN,0.6625,STRONG SELL,10.345526174234942
1565.199951171875,1567.4000244140625,2.2000732421875,0.0014056180110025504,1544.6198055934228,1592.6401452764778,CLOSE,2020-02-11,2020-02-12,LONG,UP,0.895,STRONG BUY,10.360068032158745
1570.199951171875,1575.0999755859375,4.9000244140625,0.0031206372222884757,1550.2648212234685,1596.780124436417,CLOSE,2020-02-12,2020-02-13,LONG,UP,0.9625,STRONG BUY,10.39239804608534
1575.800048828125,1582.699951171875,6.89990234375,0.0043786661568396635,1556.463861964761,1601.5816313126104,CLOSE,2020-02-13,2020-02-14,LONG,UP,0.92,STRONG BUY,10.43790288769814
1579.800048828125,1600.0,20.199951171875,0.0127863973588677,1560.998600061028,1604.8686471842543,CLOSE,2020-02-14,2020-02-18,LONG,UP,0.8875,STRONG BUY,10.571366061613523
1600.5999755859375,1607.5,6.9000244140625,0.004310898737541579,1580.5164874450618,1627.3779597737719,CLOSE,2020-02-18,2020-02-19,LONG,UP,0.87,STRONG BUY,10.616938150222621
1606.5,1616.5999755859375,10.0999755859375,0.006286944031084656,1586.693898637602,1632.9081351498642,CLOSE,2020-02-19,2020-02-20,LONG,UP,0.8975,STRONG BUY,10.683686246154558
1619.300048828125,1644.5999755859375,25.2999267578125,0.015623989374990672,1598.980097563041,1646.3933171815702,CLOSE,2020-02-20,2020-02-21,LONG,UP,0.9075,STRONG BUY,10.850608046550212
1657.0,1686.2151812444938,29.215181244493806,0.01763137069673736,1635.0886140666296,1686.2151812444938,TP,2020-02-21,2020-02-24,LONG,UP,0.835,STRONG BUY,11.041919139303939
1645.0999755859375,1646.9000244140625,-1.800048828125,-0.0010941881070078274,1669.9462625240672,1611.9715930017646,CLOSE,2020-02-24,2020-02-25,SHORT,DOWN,0.8425,STRONG SELL,11.02983720270317
1644.0,1640.0,4.0,0.0024330900243309003,1671.3679781124708,1607.5093625167056,CLOSE,2020-02-25,2020-02-26,SHORT,DOWN,0.945,STRONG SELL,11.056673789571063
1641.0999755859375,1640.0,1.0999755859375,0.0006702672611671725,1667.7666643159328,1605.5443906126106,CLOSE,2020-02-26,2020-02-27,SHORT,DOWN,0.9325,STRONG SELL,11.064084716029617
1640.300048828125,1604.4984342100356,35.80161461808939,0.021826259557613886,1667.151259791692,1604.4984342100356,TP,2020-02-27,2020-02-28,SHORT,DOWN,0.9125,STRONG SELL,11.305572300809109
1583.9000244140625,1592.300048828125,8.4000244140625,0.005303380443579417,1550.5667544749579,1628.3443843328687,CLOSE,2020-02-28,2020-03-02,LONG,UP,0.8375,STRONG BUY,11.365530051852692
1594.5,1642.084058959204,47.58405895920396,0.02984262085870427,1558.8119557805971,1642.084058959204,TP,2020-03-02,2020-03-03,LONG,UP,0.85,STRONG BUY,11.704707256048343
1645.4000244140625,1641.0999755859375,4.300048828125,0.002613375935530495,1684.2174940463651,1593.6433982376589,CLOSE,2020-03-03,2020-03-04,SHORT,DOWN,0.6775,STRONG SELL,11.735296056323728
1637.300048828125,1666.4000244140625,29.0999755859375,0.01777314769321934,1599.6909724996362,1687.4454839327766,CLOSE,2020-03-04,2020-03-05,LONG,UP,0.835,STRONG BUY,11.943869206356423
1670.800048828125,1670.800048828125,0.0,0.0,1632.0523272471512,1722.463677602757,CLOSE,2020-03-05,2020-03-06,LONG,UP,0.85,STRONG BUY,11.943869206356423
1696.0999755859375,1674.5,-21.5999755859375,-0.01273508395545819,1655.941376975033,1749.6447737338099,CLOSE,2020-03-06,2020-03-09,LONG,UP,0.7425,STRONG BUY,11.791763029260462
1671.5999755859375,1659.0999755859375,12.5,0.007477865627282291,1713.5936769118553,1615.608373818047,CLOSE,2020-03-09,2020-03-10,SHORT,DOWN,0.8025,STRONG SELL,11.879940248702027
1656.5999755859375,1641.4000244140625,15.199951171875,0.009175390194303724,1698.9798384870687,1600.0934917177624,CLOSE,2020-03-10,2020-03-11,SHORT,DOWN,0.8375,STRONG SELL,11.988943335968882
1637.0,1580.0296935509803,56.970306449019745,0.03480165329811835,1679.7277298367649,1580.0296935509803,TP,2020-03-11,2020-03-12,SHORT,DOWN,0.8625,STRONG SELL,12.406178385358057
1574.9000244140625,1515.699951171875,59.2000732421875,0.03758973415738738,1623.2650566466946,1510.4133147705531,CLOSE,2020-03-12,2020-03-13,SHORT,DOWN,0.7725,STRONG SELL,12.872523332772792
1569.0999755859375,1498.3623166312502,70.73765895468728,0.04508167742993701,1622.153219801953,1498.3623166312502,TP,2020-03-13,2020-03-16,SHORT,DOWN,0.7775,STRONG SELL,13.452838277370192
1469.300048828125,1524.9000244140625,55.5999755859375,0.0378411309727258,1407.5006077703963,1551.6993035717633,CLOSE,2020-03-16,2020-03-17,LONG,UP,0.8125,STRONG BUY,13.961908892579057
1537.5,1477.300048828125,60.199951171875,0.039154439786585366,1602.2137562332928,1451.2149916889432,CLOSE,2020-03-17,2020-03-18,SHORT,DOWN,0.6925,STRONG SELL,14.508579613619334
1481.5,1478.5999755859375,-2.9000244140625,-0.001957492010842052,1414.4765173006701,1570.8646435991063,CLOSE,2020-03-18,2020-03-19,LONG,UP,0.9,STRONG BUY,14.480179184937008
1483.5,1484.0,0.5,0.0003370407819346141,1419.0567686807005,1569.4243084257328,CLOSE,2020-03-19,2020-03-20,LONG,UP,0.9275,STRONG BUY,14.48505959585205
1505.300048828125,1567.0,61.699951171875,0.04098847350726413,1444.8813314158401,1585.8583387111714,CLOSE,2020-03-20,2020-03-23,LONG,UP,0.91,STRONG BUY,15.078780077347773
1592.699951171875,1679.3612203489895,86.66126917711449,0.05441154758204831,1527.703999289039,1679.3612203489895,TP,2020-03-23,2020-03-24,LONG,UP,0.8675,STRONG BUY,15.899239837005624
1676.5,1632.300048828125,44.199951171875,0.026364420621458395,1749.5498124626333,1579.100250049822,CLOSE,2020-03-24,2020-03-25,SHORT,DOWN,0.8025,STRONG SELL,16.318414083629886
1660.5,1650.0999755859375,-10.4000244140625,-0.00626318844568654,1587.8037429546193,1757.4283427271741,CLOSE,2020-03-25,2020-03-26,LONG,UP,0.7775,STRONG BUY,16.216208781089367
1623.9000244140625,1623.9000244140625,0.0,0.0,1694.425115010331,1529.8665702857045,CLOSE,2020-03-26,2020-03-27,SHORT,DOWN,0.8325,STRONG SELL,16.216208781089367
1641.199951171875,1622.0,19.199951171875,0.011698727603644854,1709.4946729225396,1550.1403221709888,CLOSE,2020-03-27,2020-03-30,SHORT,DOWN,0.86,STRONG SELL,16.405917790383167
1618.699951171875,1583.4000244140625,35.2999267578125,0.02180757881178457,1687.0022032606616,1527.6302817201595,CLOSE,2020-03-30,2020-03-31,SHORT,DOWN,0.875,STRONG SELL,16.763691135576607
1570.0,1578.199951171875,-8.199951171875,-0.005222898835589172,1638.352091225302,1478.863878366264,CLOSE,2020-03-31,2020-04-01,SHORT,DOWN,0.7375,STRONG SELL,16.676136072664427
1590.9000244140625,1625.699951171875,34.7999267578125,0.021874364337023323,1524.2159397048536,1679.8121373596744,CLOSE,2020-04-01,2020-04-02,LONG,UP,0.8,STRONG BUY,17.040915948851666
1624.5,1633.699951171875,9.199951171875,0.005663250952216066,1556.9004927700203,1714.6326763066397,CLOSE,2020-04-02,2020-04-03,LONG,UP,0.7875,STRONG BUY,17.137422932325634
1629.0999755859375,1677.0,47.9000244140625,0.02940275313480029,1564.593295532541,1715.1088823237994,CLOSE,2020-04-03,2020-04-06,LONG,UP,0.8225,STRONG BUY,17.64131034817147
1695.699951171875,1664.800048828125,30.89990234375,0.018222505887551334,1763.1847176597944,1605.7202625213158,CLOSE,2020-04-06,2020-04-07,SHORT,DOWN,0.735,STRONG SELL,17.962779229855144
1669.699951171875,1665.4000244140625,-4.2999267578125,-0.002575269140299493,1599.9212368173003,1762.7382369779746,CLOSE,2020-04-07,2020-04-08,LONG,UP,0.8475,STRONG BUY,17.916520238830486
1662.699951171875,1736.199951171875,73.5,0.04420520969414657,1596.3518592711985,1751.1640737061105,CLOSE,2020-04-08,2020-04-09,LONG,UP,0.8825,STRONG BUY,18.708523772977408
1722.0,1744.800048828125,22.800048828125,0.013240446473940185,1652.5160575208004,1814.6452566389328,CLOSE,2020-04-09,2020-04-13,LONG,UP,0.8475,STRONG BUY,18.956232980599953
1756.800048828125,1756.699951171875,-0.10009765625,-5.697726176451909e-05,1687.3399489199842,1849.4135153723125,CLOSE,2020-04-13,2020-04-14,LONG,UP,0.7675,STRONG BUY,18.955152906351348
1739.4000244140625,1727.199951171875,12.2000732421875,0.007013954852793129,1807.7022600430503,1648.3303769087454,CLOSE,2020-04-14,2020-04-15,SHORT,DOWN,0.8175,STRONG SELL,19.08810349306429
1731.0,1720.4000244140625,10.5999755859375,0.006123613856694107,1798.0663616554887,1641.5781844593484,CLOSE,2020-04-15,2020-04-16,SHORT,DOWN,0.8525,STRONG SELL,19.204991668112427
1715.699951171875,1689.199951171875,26.5,0.015445591160563767,1781.7901415218935,1627.5796973718502,CLOSE,2020-04-16,2020-04-17,SHORT,DOWN,0.8525,STRONG SELL,19.501624117660125
1686.0,1701.5999755859375,15.5999755859375,0.00925265455868179,1620.3341115764895,1773.554517898014,CLOSE,2020-04-17,2020-04-20,LONG,UP,0.7225,STRONG BUY,19.68206590895409
1697.0,1678.199951171875,18.800048828125,0.011078402373674131,1760.2897509203244,1612.6136654395673,CLOSE,2020-04-20,2020-04-21,SHORT,DOWN,0.7575,STRONG SELL,19.900111754638658
1696.0,1728.699951171875,32.699951171875,0.01928063158719045,1632.1738079484264,1781.1015894020982,CLOSE,2020-04-21,2020-04-22,LONG,UP,0.795,STRONG BUY,20.283798477923764
1734.0,1733.300048828125,-0.699951171875,-0.00040366272887831605,1669.3221073806817,1820.2371901590911,CLOSE,2020-04-22,2020-04-23,LONG,UP,0.755,STRONG BUY,20.275610664478148
1744.0,1723.5,20.5,0.011754587155963303,1805.8151886194453,1661.5797485074065,CLOSE,2020-04-23,2020-04-24,SHORT,DOWN,0.82,STRONG SELL,20.513942097174134
1731.9000244140625,1711.9000244140625,20.0,0.011548010692341444,1792.4605567035474,1651.1526480280827,CLOSE,2020-04-24,2020-04-27,SHORT,DOWN,0.8625,STRONG SELL,20.750837319854373
1716.5999755859375,1710.5,6.0999755859375,0.0035535218878558813,1774.9776127118878,1638.7631260846706,CLOSE,2020-04-27,2020-04-28,SHORT,DOWN,0.93,STRONG SELL,20.824575874461814
1710.0,1703.4000244140625,6.5999755859375,0.0038596348455774854,1765.2256630455252,1636.3657826059664,CLOSE,2020-04-28,2020-04-29,SHORT,DOWN,0.8725,STRONG SELL,20.90495113315126
1719.300048828125,1684.199951171875,35.10009765625,0.02041534151073527,1771.8131645132555,1649.282561247951,CLOSE,2020-04-29,2020-04-30,SHORT,DOWN,0.845,STRONG SELL,21.331732849799778
1686.5999755859375,1694.5,7.9000244140625,0.004683994147051954,1633.712796735459,1757.116214053242,CLOSE,2020-04-30,2020-05-01,LONG,UP,0.7975,STRONG BUY,21.431650561614717
1702.5999755859375,1706.9000244140625,4.300048828125,0.0025255778748881803,1650.1690237962075,1772.5079113055774,CLOSE,2020-05-01,2020-05-04,LONG,UP,0.84,STRONG BUY,21.485777864095468
1701.5,1704.4000244140625,-2.9000244140625,-0.0017043928381207758,1751.7394552333205,1634.514059688906,CLOSE,2020-05-04,2020-05-05,SHORT,DOWN,0.835,STRONG SELL,21.44915765818245
1704.0,1684.199951171875,19.800048828125,0.01161974696486209,1751.6902162783178,1640.413044962243,CLOSE,2020-05-05,2020-05-06,SHORT,DOWN,0.8875,STRONG SELL,21.69839144277996
1686.199951171875,1721.800048828125,35.60009765625,0.021112619313924573,1639.751885351774,1748.1307055986763,CLOSE,2020-05-06,2020-05-07,LONG,UP,0.8625,STRONG BUY,22.156501321035893
1726.199951171875,1709.9000244140625,16.2999267578125,0.009442664360375446,1773.358879896567,1663.3213795389524,CLOSE,2020-05-07,2020-05-08,SHORT,DOWN,0.7825,STRONG SELL,22.365717726410654
1702.300048828125,1695.300048828125,7.0,0.004112083533580844,1748.7797657424037,1640.32709294242,CLOSE,2020-05-08,2020-05-11,SHORT,DOWN,0.7475,STRONG SELL,22.457687425990144
1699.300048828125,1704.4000244140625,5.0999755859375,0.0030012213496107155,1654.029589560346,1759.6606611851635,CLOSE,2020-05-11,2020-05-12,LONG,UP,0.9025,STRONG BUY,22.525087916955908
1702.0,1713.9000244140625,11.9000244140625,0.006991788727416275,1658.0560099558684,1760.5919867255088,CLOSE,2020-05-12,2020-05-13,LONG,UP,0.8925,STRONG BUY,22.68257857273774
1724.300048828125,1738.0999755859375,13.7999267578125,0.008003204991608772,1681.4163411713532,1781.4783257038207,CLOSE,2020-05-13,2020-05-14,LONG,UP,0.9175,STRONG BUY,22.86411189879363
1739.699951171875,1753.4000244140625,13.7000732421875,0.007874963284880836,1696.7507992936003,1796.9654870095746,CLOSE,2020-05-14,2020-05-15,LONG,UP,0.83,STRONG BUY,23.04416594053804
1755.699951171875,1731.800048828125,23.89990234375,0.013612748765982228,1797.2205974332865,1700.339089489993,CLOSE,2020-05-15,2020-05-18,SHORT,DOWN,0.7,STRONG SELL,23.35786038200819
1744.199951171875,1744.199951171875,0.0,0.0,1701.4986420178636,1801.1350300438903,CLOSE,2020-05-18,2020-05-19,LONG,UP,0.85,STRONG BUY,23.35786038200819
1751.5999755859375,1750.5999755859375,-1.0,-0.0005709066076376739,1710.0523366030832,1806.9968275630767,CLOSE,2020-05-19,2020-05-20,LONG,UP,0.8575,STRONG BUY,23.344525225175822
1746.800048828125,1720.5,26.300048828125,0.015056130119625828,1786.226430499425,1694.2315399330582,CLOSE,2020-05-20,2020-05-21,SHORT,DOWN,0.7625,STRONG SELL,23.69600343454696
1726.5999755859375,1734.5999755859375,8.0,0.004633383593837435,1686.7647666498085,1779.7135875007764,CLOSE,2020-05-21,2020-05-22,LONG,UP,0.8675,STRONG BUY,23.805796108100104
1726.4000244140625,1704.800048828125,21.5999755859375,0.012511570482205303,1764.900572953247,1675.0659596951498,CLOSE,2020-05-22,2020-05-26,SHORT,DOWN,0.805,STRONG SELL,24.103644003991608
1685.5999755859375,1710.300048828125,24.7000732421875,0.014653579496879987,1646.6566169326434,1737.5244537903297,CLOSE,2020-05-26,2020-05-27,LONG,UP,0.8475,STRONG BUY,24.456848667568597
1709.300048828125,1713.300048828125,4.0,0.0023401391714359047,1670.4919222312603,1761.0442176239446,CLOSE,2020-05-27,2020-05-28,LONG,UP,0.9075,STRONG BUY,24.514081097145453
1718.800048828125,1736.9000244140625,18.0999755859375,0.010530588242813952,1680.3210688994516,1770.1053553996896,CLOSE,2020-05-28,2020-05-29,LONG,UP,0.9225,STRONG BUY,24.77222879133044
1740.4000244140625,1737.800048828125,-2.5999755859375,-0.0014938953973025995,1701.9909716231514,1791.6120948019438,CLOSE,2020-05-29,2020-06-01,LONG,UP,0.8775,STRONG BUY,24.735221672758147
1743.0,1725.199951171875,17.800048828125,0.01021230569599828,1780.797694493067,1692.603074009244,CLOSE,2020-06-01,2020-06-02,SHORT,DOWN,0.775,STRONG SELL,24.987825317938633
1726.300048828125,1697.800048828125,28.5,0.016509296874171343,1763.9371884829595,1676.1171959550122,CLOSE,2020-06-02,2020-06-03,SHORT,DOWN,0.7775,STRONG SELL,25.40035674435242
1694.5,1718.9000244140625,24.4000244140625,0.014399542292158453,1655.0726508032117,1747.069798929051,CLOSE,2020-06-03,2020-06-04,LONG,UP,0.845,STRONG BUY,25.766110255528638
1711.800048828125,1676.199951171875,35.60009765625,0.020796878514299226,1751.0254471266494,1659.4995177634257,CLOSE,2020-06-04,2020-06-05,SHORT,DOWN,0.7475,STRONG SELL,26.301964920298904
1679.0999755859375,1698.300048828125,19.2000732421875,0.011434740945361194,1637.287100505723,1734.8504756928903,CLOSE,2020-06-05,2020-06-08,LONG,UP,0.9025,STRONG BUY,26.6027210755165
1694.5999755859375,1714.699951171875,20.0999755859375,0.01186119194825763,1653.2558772971668,1749.7254399709652,CLOSE,2020-06-08,2020-06-09,LONG,UP,0.84,STRONG BUY,26.91826105653916
1716.0999755859375,1713.300048828125,2.7999267578125,0.0016315638935059744,1757.5873551841598,1660.7834694549742,CLOSE,2020-06-09,2020-06-10,SHORT,DOWN,0.74,STRONG SELL,26.962179919354977
1737.199951171875,1732.0,-5.199951171875,-0.002993294564835345,1695.5795246434475,1792.6938532097784,CLOSE,2020-06-10,2020-06-11,LONG,UP,0.7425,STRONG BUY,26.88147417274626
1724.9000244140625,1729.300048828125,-4.4000244140625,-0.002550886632143889,1766.8475554859394,1668.9699829848935,CLOSE,2020-06-11,2020-06-12,SHORT,DOWN,0.85,STRONG SELL,26.81290257962668
1730.0,1720.300048828125,9.699951171875,0.00560690819183526,1770.8905619509503,1675.4792507320662,CLOSE,2020-06-12,2020-06-15,SHORT,DOWN,0.85,STRONG SELL,26.96324006274727
1726.300048828125,1729.5999755859375,3.2999267578125,0.001911560368692922,1685.469532248113,1780.7407376014744,CLOSE,2020-06-15,2020-06-16,LONG,UP,0.7275,STRONG BUY,27.014781923862774
1714.699951171875,1729.199951171875,-14.5,-0.00845628997078485,1753.6104230059375,1662.8193220597918,CLOSE,2020-06-16,2020-06-17,SHORT,DOWN,0.865,STRONG SELL,26.786337094417075
1730.5,1724.800048828125,5.699951171875,0.0032938174931378215,1768.2275836045646,1680.1965551939138,CLOSE,2020-06-17,2020-06-18,SHORT,DOWN,0.8475,STRONG SELL,26.874566400115754
1723.699951171875,1745.9000244140625,22.2000732421875,0.012879314191019472,1686.8672028150136,1772.8102823143568,CLOSE,2020-06-18,2020-06-19,LONG,UP,0.785,STRONG BUY,27.22069238453026
1755.199951171875,1756.699951171875,1.5,0.0008546034877670271,1718.0838329292314,1804.6881088287332,CLOSE,2020-06-19,2020-06-22,LONG,UP,0.8275,STRONG BUY,27.243955283181513
1755.4000244140625,1772.0999755859375,16.699951171875,0.00951347324804174,1718.6100627060496,1804.453306691413,CLOSE,2020-06-22,2020-06-23,LONG,UP,0.8075,STRONG BUY,27.503139922938907
1778.300048828125,1765.800048828125,12.5,0.007029184983848663,1814.8300237344495,1729.5934156196925,CLOSE,2020-06-23,2020-06-24,SHORT,DOWN,0.79,STRONG SELL,27.696464581093917
1761.699951171875,1762.0999755859375,-0.4000244140625,-0.0002270672788498436,1797.6134966833838,1713.8152238231964,CLOSE,2020-06-24,2020-06-25,SHORT,DOWN,0.7825,STRONG SELL,27.69017562024773
1766.0,1772.5,6.5,0.003680634201585504,1732.008850596456,1811.3215325380586,CLOSE,2020-06-25,2020-06-26,LONG,UP,0.8825,STRONG BUY,27.792093027683524
1779.800048828125,1774.800048828125,-5.0,-0.0028093043391543638,1747.1225503376131,1823.370046815474,CLOSE,2020-06-26,2020-06-29,LONG,UP,0.86,STRONG BUY,27.71401658014667
1777.300048828125,1793.0,15.699951171875,0.008833596320568871,1746.1316626042346,1818.8578971266456,CLOSE,2020-06-29,2020-06-30,LONG,UP,0.8425,STRONG BUY,27.958831015037237
1793.5999755859375,1773.199951171875,20.4000244140625,0.011373787183175095,1824.5563263750298,1752.324841200481,CLOSE,2020-06-30,2020-07-01,SHORT,DOWN,0.765,STRONG SELL,28.276828808892628
1773.4000244140625,1784.0,10.5999755859375,0.005977205052447075,1741.2048467700615,1816.3269279393971,CLOSE,2020-07-01,2020-07-02,LONG,UP,0.9425,STRONG BUY,28.445845212916325
1788.199951171875,1788.5,0.300048828125,0.00016779377939719027,1756.6651381280035,1830.2463685637035,CLOSE,2020-07-02,2020-07-06,LONG,UP,0.9125,STRONG BUY,28.450618248792747
1789.300048828125,1804.199951171875,14.89990234375,0.008327224018972372,1759.3641536174653,1829.2145757756712,CLOSE,2020-07-06,2020-07-07,LONG,UP,0.8825,STRONG BUY,28.68753292042871
1801.5,1815.5,14.0,0.007771301693033583,1771.4631077675572,1841.5491896432573,CLOSE,2020-07-07,2020-07-08,LONG,UP,0.8275,STRONG BUY,28.910472393582193
1816.0999755859373,1799.199951171875,16.900024414062273,0.009305668543170227,1845.748520988998,1776.5685817151896,CLOSE,2020-07-08,2020-07-09,SHORT,DOWN,0.9075,STRONG SELL,29.179503667103344
1805.5,1798.199951171875,7.300048828125,0.004043228373373027,1835.2379454802976,1765.84940602627,CLOSE,2020-07-09,2020-07-10,SHORT,DOWN,0.8075,STRONG SELL,29.29748306425112
1805.0,1811.0,6.0,0.0033240997229916896,1776.5504739652818,1842.9327013796244,CLOSE,2020-07-10,2020-07-13,LONG,UP,0.76,STRONG BUY,29.394870819589354
1791.0,1810.5999755859373,-19.599975585937273,-0.01094359329198061,1818.7888508352519,1753.948198886331,CLOSE,2020-07-13,2020-07-14,SHORT,DOWN,0.8375,STRONG SELL,29.07318530846946
1806.0999755859373,1811.4000244140625,5.300048828125227,0.0029345268256292284,1778.0996140960606,1843.4337909057729,CLOSE,2020-07-14,2020-07-15,LONG,UP,0.71,STRONG BUY,29.158501350663656
1810.9000244140625,1798.699951171875,12.2000732421875,0.006737021965712864,1837.6932198418833,1775.175763843635,CLOSE,2020-07-15,2020-07-16,SHORT,DOWN,0.845,STRONG SELL,29.35494281475034
1798.5,1808.300048828125,9.800048828125,0.0054490124148596055,1771.7884640042446,1834.115381327674,CLOSE,2020-07-16,2020-07-17,LONG,UP,0.82,STRONG BUY,29.51489826258541
1807.0,1815.9000244140625,8.9000244140625,0.0049253040476272825,1780.9535763340195,1841.728564887974,CLOSE,2020-07-17,2020-07-20,LONG,UP,0.88,STRONG BUY,29.660268110463434
1822.0,1842.4000244140625,20.4000244140625,0.011196500776104555,1796.7104585071477,1855.7193886571365,CLOSE,2020-07-20,2020-07-21,LONG,UP,0.8825,STRONG BUY,29.992359325381706
1858.0999755859373,1864.0999755859373,6.0,0.003229105042158965,1831.777544199717,1893.196550767564,CLOSE,2020-07-21,2020-07-22,LONG,UP,0.8475,STRONG BUY,30.089207804105538
1868.699951171875,1889.0999755859373,20.400024414062273,0.010916693394929065,1841.6219817861772,1904.8039103528051,CLOSE,2020-07-22,2020-07-23,LONG,UP,0.855,STRONG BUY,30.417682460199263
1884.300048828125,1897.300048828125,13.0,0.006899113550458643,1856.349069408314,1921.5680213878727,CLOSE,2020-07-23,2020-07-24,LONG,UP,0.86,STRONG BUY,30.62753750543397
1901.699951171875,1931.0,29.300048828125,0.015407293253633192,1874.3526131391936,1938.1630685487835,CLOSE,2020-07-24,2020-07-27,LONG,UP,0.8675,STRONG BUY,31.099424957416836
1931.5,1944.699951171875,13.199951171875,0.006834041507571835,1901.7453342012377,1971.172887731683,CLOSE,2020-07-27,2020-07-28,LONG,UP,0.8425,STRONG BUY,31.31195971843744
1953.199951171875,1953.5,0.300048828125,0.00015361910486685074,1923.8456212602453,1992.3390577207144,CLOSE,2020-07-28,2020-07-29,LONG,UP,0.86,STRONG BUY,31.31676983366101
1963.4000244140625,1942.300048828125,21.0999755859375,0.010746651382076032,1991.6004788493035,1925.799418500408,CLOSE,2020-07-29,2020-07-30,SHORT,DOWN,0.695,STRONG SELL,31.653320241476077
1948.5999755859373,1962.800048828125,14.200073242187727,0.007287320856050927,1918.6531276547203,1988.5291061608932,CLOSE,2020-07-30,2020-07-31,LONG,UP,0.89,STRONG BUY,31.883988142235044
1984.300048828125,1966.0,-18.300048828125,-0.009222420187376665,1952.335126453658,2026.9199453274146,CLOSE,2020-07-31,2020-08-03,LONG,UP,0.9275,STRONG BUY,31.58994060633802
1971.0,2014.689910867644,43.6899108676439,0.022166367766435262,1938.2325668492672,2014.689910867644,TP,2020-08-03,2020-08-04,LONG,UP,0.925,STRONG BUY,32.290174847537955
2024.0,2031.0999755859373,7.099975585937273,0.0035078930760559647,1988.1945315916187,2071.7406245445086,CLOSE,2020-08-04,2020-08-05,LONG,UP,0.91,STRONG BUY,32.40344532831027
2045.5,2051.5,6.0,0.0029332681495966755,2007.00206504936,2096.8305799341865,CLOSE,2020-08-05,2020-08-06,LONG,UP,0.7775,STRONG BUY,32.498493322429
2040.0999755859373,2010.0999755859373,30.0,0.014705161687668614,2079.2659177987525,1987.8787193021838,CLOSE,2020-08-06,2020-08-07,SHORT,DOWN,0.745,STRONG SELL,32.976388921340934
2026.4000244140625,2024.4000244140625,-2.0,-0.0009869719581050162,1985.1673611720846,2081.3769087366995,CLOSE,2020-08-07,2020-08-10,LONG,UP,0.735,STRONG BUY,32.943842150196005
2012.4000244140625,1956.5357642227298,55.86426019133273,0.027760017647385175,2054.298219557562,1956.5357642227298,TP,2020-08-10,2020-08-11,SHORT,DOWN,0.8125,STRONG SELL,33.858363789658114
1923.0,1934.9000244140625,11.9000244140625,0.006188260225721529,1871.1945304652436,1992.0739593796752,CLOSE,2020-08-11,2020-08-12,LONG,UP,0.86,STRONG BUY,34.067888155605665
1921.5,1956.699951171875,35.199951171875,0.018318996186247723,1865.3592068605835,1996.3543908525555,CLOSE,2020-08-12,2020-08-13,LONG,UP,0.8325,STRONG BUY,34.69197766880172
1938.699951171875,1937.0,1.699951171875,0.0008768510933563702,1995.169973372762,1863.4065882373593,CLOSE,2020-08-13,2020-08-14,SHORT,DOWN,0.775,STRONG SELL,34.7223973673513
1949.5999755859373,1985.0,35.40002441406273,0.01815758353373159,1895.0528173452701,2022.329519906827,CLOSE,2020-08-14,2020-08-17,LONG,UP,0.855,STRONG BUY,35.3528721980404
2001.0999755859373,1999.4000244140625,-1.6999511718747726,-0.0008495083667056734,1945.306185791032,2075.4916953124775,CLOSE,2020-08-17,2020-08-18,LONG,UP,0.785,STRONG BUY,35.32283963732109
1980.0,1958.699951171875,21.300048828125,0.01075760041824495,2035.097812656932,1906.5362497907572,CLOSE,2020-08-18,2020-08-19,SHORT,DOWN,0.8275,STRONG SELL,35.70282863177714
1941.199951171875,1933.800048828125,7.39990234375,0.003812024793882147,1998.865785057832,1864.3121726572656,CLOSE,2020-08-19,2020-08-20,SHORT,DOWN,0.76,STRONG SELL,35.8389286997332
1941.0,1934.5999755859373,-6.400024414062727,-0.0032972820268226313,1883.5531647119237,2017.5957803841015,CLOSE,2020-08-20,2020-08-21,LONG,UP,0.7475,STRONG BUY,35.72075764427099
1930.199951171875,1927.699951171875,2.5,0.0012952026024465415,1987.4112956092963,1853.9181585886467,CLOSE,2020-08-21,2020-08-24,SHORT,DOWN,0.77,STRONG SELL,35.767023262533215
1927.5,1911.800048828125,15.699951171875,0.00814524055609598,1982.531967923476,1854.1240427686987,CLOSE,2020-08-24,2020-08-25,SHORT,DOWN,0.7925,STRONG SELL,36.05835427098203
1909.699951171875,1940.699951171875,31.0,0.016232916579893637,1856.809557617375,1980.2204759112083,CLOSE,2020-08-25,2020-08-26,LONG,UP,0.815,STRONG BUY,36.64368652787113
1948.9000244140625,1921.5999755859373,27.300048828125227,0.014007926772094427,2002.4161146064107,1877.5452374909316,CLOSE,2020-08-26,2020-08-27,SHORT,DOWN,0.7325,STRONG SELL,37.15698860541314
1927.0999755859373,1964.5999755859373,37.5,0.019459291409413295,1871.9528892201072,2000.6294240737107,CLOSE,2020-08-27,2020-08-28,LONG,UP,0.8675,STRONG BUY,37.88003727458213
1970.0,1967.5999755859373,-2.4000244140627274,-0.0012182865046003691,1913.466983384352,2045.3773554875306,CLOSE,2020-08-28,2020-08-31,LONG,UP,0.855,STRONG BUY,37.83388853637675
1961.699951171875,1968.199951171875,6.5,0.0033134527001017905,1907.276435743059,2034.2646384102964,CLOSE,2020-08-31,2020-09-01,LONG,UP,0.7475,STRONG BUY,37.95924933650296
1967.300048828125,1934.4000244140625,32.9000244140625,0.01672344004345462,2020.4718950466238,1896.4042538701267,CLOSE,2020-09-01,2020-09-02,SHORT,DOWN,0.7975,STRONG SELL,38.594058566876505
1937.0999755859373,1927.5999755859373,9.5,0.004904238356167665,1990.0952535128804,1866.43960501668,CLOSE,2020-09-02,2020-09-03,SHORT,DOWN,0.835,STRONG SELL,38.783333029220366
1927.9000244140625,1923.9000244140625,4.0,0.002074796384327917,1978.802787720666,1860.0296733385912,CLOSE,2020-09-03,2020-09-04,SHORT,DOWN,0.73,STRONG SELL,38.86380054836158
1930.9000244140625,1933.0,2.0999755859375,0.0010875630842538022,1881.2760299150737,1997.0653504127142,CLOSE,2020-09-04,2020-09-08,LONG,UP,0.84,STRONG BUY,38.90606738315178
1926.9000244140625,1944.699951171875,17.7999267578125,0.009237597453051647,1877.0920242905595,1993.3106912454,CLOSE,2020-09-08,2020-09-09,LONG,UP,0.845,STRONG BUY,39.26546597211864
1944.0999755859373,1954.199951171875,10.099975585937727,0.005195193515134771,1895.5354066584769,2008.8527341558845,CLOSE,2020-09-09,2020-09-10,LONG,UP,0.7975,STRONG BUY,39.46945766630574
1944.0,1937.800048828125,6.199951171875,0.003189275294174383,1991.0885256739923,1881.2152991013436,CLOSE,2020-09-10,2020-09-11,SHORT,DOWN,0.745,STRONG SELL,39.595336632515355
1946.300048828125,1953.0999755859373,6.799926757812273,0.0034937710461994467,1900.8178568797305,2006.9429714259845,CLOSE,2020-09-11,2020-09-14,LONG,UP,0.8225,STRONG BUY,39.73367367320656
1955.800048828125,1956.300048828125,0.5,0.0002556498555665696,1911.9273070091358,2014.2970379201106,CLOSE,2020-09-14,2020-09-15,LONG,UP,0.8175,STRONG BUY,39.743831581142246
1961.300048828125,1960.199951171875,-1.10009765625,-0.0005609022734218088,1918.9110716661282,2017.8186850441205,CLOSE,2020-09-15,2020-09-16,LONG,UP,0.7225,STRONG BUY,39.72153917565389
1939.0,1940.0,-1.0,-0.0005157297576070139,1978.9076190346332,1885.789841287156,CLOSE,2020-09-16,2020-09-17,SHORT,DOWN,0.835,STRONG SELL,39.701053595883046
1950.5,1952.0999755859373,1.5999755859372726,0.0008202899697191862,1910.6036394678408,2003.6951473762124,CLOSE,2020-09-17,2020-09-18,LONG,UP,0.7775,STRONG BUY,39.733619971935035
1946.199951171875,1895.0758892388296,51.12406193304537,0.02626865852209162,1984.542997621659,1895.0758892388296,TP,2020-09-18,2020-09-21,SHORT,DOWN,0.7675,STRONG SELL,40.77736886682436
1913.0999755859373,1898.5999755859373,14.5,0.007579321616769659,1956.0649420577233,1855.8133536235557,CLOSE,2020-09-21,2020-09-22,SHORT,DOWN,0.765,STRONG SELL,41.08643366015167
1875.5,1859.9000244140625,15.5999755859375,0.008317768907458011,1916.9496117238014,1820.2338510349316,CLOSE,2020-09-22,2020-09-23,SHORT,DOWN,0.83,STRONG SELL,41.42818112056842
1851.5,1868.300048828125,16.800048828125,0.009073750379759654,1808.864651488055,1908.34713134926,CLOSE,2020-09-23,2020-09-24,LONG,UP,0.845,STRONG BUY,41.80409009474392
1856.300048828125,1857.699951171875,-1.39990234375,-0.0007541358115212856,1897.6900205350873,1801.1134198855086,CLOSE,2020-09-24,2020-09-25,SHORT,DOWN,0.7875,STRONG SELL,41.772564133335415
1872.800048828125,1872.800048828125,0.0,0.0,1833.0807893859458,1925.7590614176975,CLOSE,2020-09-25,2020-09-28,LONG,UP,0.85,STRONG BUY,41.772564133335415
1876.5,1894.300048828125,17.800048828125,0.009485770758393285,1837.9999629119495,1927.8333827840672,CLOSE,2020-09-28,2020-09-29,LONG,UP,0.76,STRONG BUY,42.16880910069452
1893.0,1887.5,5.5,0.0029054410987849975,1931.2143201531896,1842.0475731290803,CLOSE,2020-09-29,2020-09-30,SHORT,DOWN,0.745,STRONG SELL,42.29132809174249
1884.0999755859373,1908.4000244140625,24.300048828125227,0.012897430679371534,1846.4831173354307,1934.2557865866127,CLOSE,2020-09-30,2020-10-01,LONG,UP,0.8575,STRONG BUY,42.8367775641443
1893.9000244140625,1900.199951171875,-6.2999267578125,-0.003326430474999112,1931.7335330308833,1843.4553462583015,CLOSE,2020-10-01,2020-10-02,SHORT,DOWN,0.83,STRONG SELL,42.69428400180417
1898.9000244140625,1912.5,13.5999755859375,0.007162028232704879,1861.7224833142357,1948.4700792138317,CLOSE,2020-10-02,2020-10-05,LONG,UP,0.755,STRONG BUY,43.000061669200214
1906.5999755859373,1901.0999755859373,5.5,0.002884716285758756,1944.4326949372833,1856.1563497841428,CLOSE,2020-10-05,2020-10-06,SHORT,DOWN,0.83,STRONG SELL,43.12410464738599
1874.0999755859373,1883.5999755859373,-9.5,-0.005069099900622871,1913.9017837963947,1821.0308979719941,CLOSE,2020-10-06,2020-10-07,SHORT,DOWN,0.78,STRONG SELL,42.905504252803475
1893.0,1888.5999755859373,-4.400024414062727,-0.0023243657760500407,1853.0411780902896,1946.2784292129472,CLOSE,2020-10-07,2020-10-08,LONG,UP,0.845,STRONG BUY,42.80577616711409
1909.300048828125,1919.5,10.199951171875,0.00534224632641446,1871.0918518232377,1960.2443115013082,CLOSE,2020-10-08,2020-10-09,LONG,UP,0.835,STRONG BUY,43.03445516759218
1924.0,1922.5,-1.5,-0.0007796257796257797,1884.1816742097474,1977.0911010536702,CLOSE,2020-10-09,2020-10-12,LONG,UP,0.78,STRONG BUY,43.000904396931375
1921.9000244140625,1888.5,33.4000244140625,0.01737864820738805,1959.6241840764399,1871.601144864226,CLOSE,2020-10-12,2020-10-13,SHORT,DOWN,0.765,STRONG SELL,43.74820198704517
1889.699951171875,1901.300048828125,11.60009765625,0.006138592345867574,1850.866802913953,1941.4774821824374,CLOSE,2020-10-13,2020-10-14,LONG,UP,0.89,STRONG BUY,44.016754364908316
1897.300048828125,1903.199951171875,5.89990234375,0.0031096306287421954,1858.2085487856127,1949.422048884808,CLOSE,2020-10-14,2020-10-15,LONG,UP,0.8,STRONG BUY,44.153630212459255
1898.5,1900.800048828125,-2.300048828125,-0.0012115084688569923,1936.5885436011386,1847.7152751984818,CLOSE,2020-10-15,2020-10-16,SHORT,DOWN,0.7,STRONG SELL,44.10013771552608
1907.300048828125,1906.4000244140625,-0.9000244140625,-0.0004718840198297531,1871.4285492872239,1955.1287148826598,CLOSE,2020-10-16,2020-10-19,LONG,UP,0.8775,STRONG BUY,44.079327565265835
1901.300048828125,1910.4000244140625,9.0999755859375,0.004786185952893817,1867.1015083085606,1946.8981028542107,CLOSE,2020-10-19,2020-10-20,LONG,UP,0.8625,STRONG BUY,44.29029942367171
1913.5999755859373,1924.5999755859373,11.0,0.0057483278325355545,1880.3120398718997,1957.9838898713206,CLOSE,2020-10-20,2020-10-21,LONG,UP,0.845,STRONG BUY,44.54489458456014
1924.300048828125,1901.0999755859373,23.200073242187727,0.012056369928544296,1957.0209917498094,1880.672124932546,CLOSE,2020-10-21,2020-10-22,SHORT,DOWN,0.7625,STRONG SELL,45.08194431209961
1899.9000244140625,1902.0,2.0999755859375,0.0011053084683154007,1866.6877176567061,1944.1831000905377,CLOSE,2020-10-22,2020-10-23,LONG,UP,0.89,STRONG BUY,45.1317737669159
1895.5,1902.699951171875,7.199951171875,0.0037984443006462676,1862.8278475478564,1939.0628699361912,CLOSE,2020-10-23,2020-10-26,LONG,UP,0.915,STRONG BUY,45.303204295758896
1904.5999755859373,1908.800048828125,4.200073242187727,0.0022052259246173743,1872.8151197375184,1946.9797833838293,CLOSE,2020-10-26,2020-10-27,LONG,UP,0.8275,STRONG BUY,45.40310809634015
1870.9000244140625,1876.199951171875,-5.2999267578125,-0.002832822004731309,1901.068115307907,1830.67590322227,CLOSE,2020-10-27,2020-10-28,SHORT,DOWN,0.7125,STRONG SELL,45.27448917264164
1876.0999755859373,1865.5999755859373,10.5,0.005596716665763334,1908.1739197460138,1833.3347167058353,CLOSE,2020-10-28,2020-10-29,SHORT,DOWN,0.735,STRONG SELL,45.52787766072808
1862.800048828125,1877.4000244140625,14.5999755859375,0.00783765042046367,1830.7671006794826,1905.5106463596483,CLOSE,2020-10-29,2020-10-30,LONG,UP,0.8375,STRONG BUY,45.8847092502185
1872.9000244140625,1890.4000244140625,17.5,0.009343798265726908,1840.6051518377003,1915.9598545158788,CLOSE,2020-10-30,2020-11-02,LONG,UP,0.865,STRONG BUY,46.313446716934074
1891.5,1908.5,17.0,0.008987575997885276,1859.176197597898,1934.5984032028025,CLOSE,2020-11-02,2020-11-03,LONG,UP,0.8575,STRONG BUY,46.72969233902653
1893.800048828125,1894.5999755859373,-0.7999267578122726,-0.000422392405316107,1925.7542912999986,1851.19439219896,CLOSE,2020-11-03,2020-11-04,SHORT,DOWN,0.7525,STRONG SELL,46.709954071879764
1901.699951171875,1944.5766253520817,42.87667418020669,0.022546498018146878,1869.54244553672,1944.5766253520817,TP,2020-11-04,2020-11-05,LONG,UP,0.82,STRONG BUY,47.763099958789134
1940.800048828125,1950.300048828125,9.5,0.00489488858253904,1905.2180766939744,1988.242678340326,CLOSE,2020-11-05,2020-11-06,LONG,UP,0.8025,STRONG BUY,47.99689501144408
1955.5999755859373,1908.9746767531794,46.625298832757835,0.023841940793023354,1990.5689497105056,1908.9746767531794,TP,2020-11-06,2020-11-09,SHORT,DOWN,0.8,STRONG SELL,49.14123414055589
1879.300048828125,1875.4000244140625,-3.9000244140625,-0.002075253718263051,1834.3895754711039,1939.18067997082,CLOSE,2020-11-09,2020-11-10,LONG,UP,0.83,STRONG BUY,49.039253611685666
1878.800048828125,1860.699951171875,18.10009765625,0.009633860541753594,1923.9419274085285,1818.610877387587,CLOSE,2020-11-10,2020-11-11,SHORT,DOWN,0.77,STRONG SELL,49.51169094205233
1869.0,1872.5999755859373,3.5999755859372726,0.00192615066128265,1824.5861075151834,1928.218523313089,CLOSE,2020-11-11,2020-11-12,LONG,UP,0.8725,STRONG BUY,49.60705791830159
1877.0,1885.699951171875,8.699951171875,0.004635029926411827,1833.8513803182282,1934.531492909029,CLOSE,2020-11-12,2020-11-13,LONG,UP,0.795,STRONG BUY,49.83698811631416
1874.5999755859373,1887.300048828125,12.700073242187727,0.0067748177785066435,1832.6584001671492,1930.5220761443213,CLOSE,2020-11-13,2020-11-16,LONG,UP,0.8225,STRONG BUY,50.1746246294318
1888.4000244140625,1884.5,3.9000244140625,0.002065253316903874,1929.0922068202362,1834.143781205831,CLOSE,2020-11-16,2020-11-17,SHORT,DOWN,0.82,STRONG SELL,50.278247939372136
1873.5,1873.5,0.0,0.0,1911.7034577072395,1822.5620563903474,CLOSE,2020-11-17,2020-11-18,SHORT,DOWN,0.7975,STRONG SELL,50.278247939372136
1865.800048828125,1861.0999755859373,4.700073242187727,0.00251906588015139,1902.453259556276,1816.9291011905905,CLOSE,2020-11-18,2020-11-19,SHORT,DOWN,0.855,STRONG SELL,50.404902158270005
1871.199951171875,1872.5999755859373,1.4000244140622726,0.0007481960509808053,1835.2898269243062,1919.0801168353,CLOSE,2020-11-19,2020-11-20,LONG,UP,0.7625,STRONG BUY,50.44261490701489
1834.800048828125,1837.800048828125,-3.0,-0.0016350555483776452,1869.3773070580103,1788.6970378549447,CLOSE,2020-11-20,2020-11-23,SHORT,DOWN,0.83,STRONG SELL,50.3601384296365
1829.300048828125,1804.800048828125,24.5,0.013393100828754168,1866.0575055145252,1780.2901065795916,CLOSE,2020-11-23,2020-11-24,SHORT,DOWN,0.815,STRONG SELL,51.03461684137464
1801.4000244140625,1805.699951171875,4.2999267578125,0.0023869916173733415,1763.1431003481196,1852.4092565019864,CLOSE,2020-11-24,2020-11-25,LONG,UP,0.84,STRONG BUY,51.156436043970864
1806.0999755859373,1781.9000244140625,24.199951171874773,0.013399009744199677,1842.0849686569356,1758.119984824606,CLOSE,2020-11-25,2020-11-27,SHORT,DOWN,0.785,STRONG SELL,51.84188162900255
1785.0,1775.699951171875,9.300048828125,0.005210111388305322,1823.375355940369,1733.8328587461747,CLOSE,2020-11-27,2020-11-30,SHORT,DOWN,0.7375,STRONG SELL,52.111983606868996
1775.0,1814.0999755859373,39.09997558593727,0.02202815525968297,1736.697894232827,1826.0694743562308,CLOSE,2020-11-30,2020-12-01,LONG,UP,0.8525,STRONG BUY,53.25991447265116
1811.300048828125,1825.699951171875,14.39990234375,0.007950036965474853,1771.34095061575,1864.578846444625,CLOSE,2020-12-01,2020-12-02,LONG,UP,0.905,STRONG BUY,53.68333276148677
1829.199951171875,1836.800048828125,7.60009765625,0.004154875278331932,1789.7165080633974,1881.8445419831785,CLOSE,2020-12-02,2020-12-03,LONG,UP,0.89,STRONG BUY,53.90638031363594
1840.699951171875,1835.9000244140625,4.7999267578125,0.0026076638697994444,1879.1524288267337,1789.4299809653967,CLOSE,2020-12-03,2020-12-04,SHORT,DOWN,0.71,STRONG SELL,54.04695003393147
1836.5,1861.800048828125,25.300048828125,0.013776231324870677,1798.715553847553,1886.879261536596,CLOSE,2020-12-04,2020-12-07,LONG,UP,0.8325,STRONG BUY,54.791513320002636
1863.0,1870.800048828125,7.800048828125,0.004186821700550188,1822.9751597599488,1916.3664536534015,CLOSE,2020-12-07,2020-12-08,LONG,UP,0.85,STRONG BUY,55.020915616976815
1867.0999755859373,1834.5999755859373,32.5,0.01740667367841445,1905.7658986659849,1815.5454114792074,CLOSE,2020-12-08,2020-12-09,SHORT,DOWN,0.845,STRONG SELL,55.97864674060911
1833.199951171875,1833.5999755859373,-0.4000244140622726,-0.0002182110106464691,1873.7968849777897,1779.070706097322,CLOSE,2020-12-09,2020-12-10,SHORT,DOWN,0.75,STRONG SELL,55.96643158352922
1838.5,1839.800048828125,1.300048828125,0.0007071247365379386,1798.5421355103003,1891.777152652933,CLOSE,2020-12-10,2020-12-11,LONG,UP,0.765,STRONG BUY,56.0060068317177
1835.5,1828.699951171875,6.800048828125,0.0037047392144511034,1874.4144482133709,1783.614069048839,CLOSE,2020-12-11,2020-12-14,SHORT,DOWN,0.7,STRONG SELL,56.21349448147198
1833.5,1852.300048828125,18.800048828125,0.01025363993898282,1795.5330019101289,1884.1226641198282,CLOSE,2020-12-14,2020-12-15,LONG,UP,0.835,STRONG BUY,56.78988741359699
1856.5,1856.0999755859373,-0.4000244140627274,-0.0002154723480003918,1818.5770705864702,1907.0639058847064,CLOSE,2020-12-15,2020-12-16,LONG,UP,0.865,STRONG BUY,56.77765076321331
1874.199951171875,1887.199951171875,13.0,0.006936292998978862,1837.4643790908965,1923.1807139465132,CLOSE,2020-12-16,2020-12-17,LONG,UP,0.8325,STRONG BUY,57.171477184700656
1882.4000244140625,1885.699951171875,-3.2999267578125,-0.0017530422412949517,1920.8080530163215,1831.1893196110502,CLOSE,2020-12-17,2020-12-18,SHORT,DOWN,0.8625,STRONG SELL,57.071253170198645
1884.800048828125,1879.199951171875,5.60009765625,0.002971189256776528,1921.236070155781,1836.2186870579174,CLOSE,2020-12-18,2020-12-21,SHORT,DOWN,0.8725,STRONG SELL,57.24082266448871
1882.199951171875,1866.5999755859373,15.599975585937727,0.008288160658077288,1920.201259306205,1831.5315403261018,CLOSE,2020-12-21,2020-12-22,SHORT,DOWN,0.79,STRONG SELL,57.71524379893251
1867.0,1874.699951171875,7.699951171875,0.004124237371116765,1829.4416476782785,1917.0778030956287,CLOSE,2020-12-22,2020-12-23,LONG,UP,0.7775,STRONG BUY,57.953275164291185
1877.300048828125,1879.9000244140625,2.5999755859375,0.0013849547319622635,1840.8922878692274,1925.8437301066554,CLOSE,2020-12-23,2020-12-24,LONG,UP,0.765,STRONG BUY,58.03353782696268
1895.5,1877.199951171875,18.300048828125,0.00965447049756001,1929.8643573092108,1849.6808569210523,CLOSE,2020-12-24,2020-12-28,SHORT,DOWN,0.7325,STRONG SELL,58.593820905782124
1881.300048828125,1879.699951171875,-1.60009765625,-0.0008505276217085691,1847.0224208635452,1927.003552780898,CLOSE,2020-12-28,2020-12-29,LONG,UP,0.8275,STRONG BUY,58.54398524264031
1879.9000244140625,1891.0,11.0999755859375,0.005904556328412837,1847.6315022694973,1922.924720606816,CLOSE,2020-12-29,2020-12-30,LONG,UP,0.8725,STRONG BUY,58.88966150119525
1897.0,1893.0999755859373,-3.9000244140627274,-0.002055890571461638,1865.0542294371896,1939.594360750414,CLOSE,2020-12-30,2020-12-31,LONG,UP,0.885,STRONG BUY,58.76859080135838
1912.199951171875,1944.699951171875,32.5,0.016996130545910045,1881.4324447033948,1953.2232931298486,CLOSE,2020-12-31,2021-01-04,LONG,UP,0.9,STRONG BUY,59.767429442617434
1941.699951171875,1952.699951171875,11.0,0.005665138938362318,1907.558695165429,1987.2216258471362,CLOSE,2021-01-04,2021-01-05,LONG,UP,0.77,STRONG BUY,60.106020234398635
1952.0,1908.1013160381503,43.898683961849656,0.022489079898488553,1984.9240129713874,1908.1013160381503,TP,2021-01-05,2021-01-06,SHORT,DOWN,0.7575,STRONG SELL,61.45774932583019
1922.5999755859373,1912.300048828125,-10.299926757812273,-0.005357290590141215,1885.7705323538567,1971.705899895378,CLOSE,2021-01-06,2021-01-07,LONG,UP,0.8075,STRONG BUY,61.12850230367567
1908.0,1859.5730807472603,48.42691925273971,0.025380984933301733,1944.3201894395547,1859.5730807472603,TP,2021-01-07,2021-01-08,SHORT,DOWN,0.7525,STRONG SELL,62.68000389964056
1826.5,1849.5999755859373,23.099975585937273,0.01264712597094841,1784.395530530179,1882.639292626428,CLOSE,2021-01-08,2021-01-11,LONG,UP,0.81,STRONG BUY,63.47272580481885
1849.0,1842.9000244140625,6.0999755859375,0.0032990673801717146,1890.5720047490413,1793.5706603346116,CLOSE,2021-01-11,2021-01-12,SHORT,DOWN,0.8075,STRONG SELL,63.68212660405211
1858.0,1853.5999755859373,-4.400024414062727,-0.0023681509225310696,1817.2224320089817,1912.370090654691,CLOSE,2021-01-12,2021-01-13,LONG,UP,0.7425,STRONG BUY,63.531317717185985
1836.699951171875,1850.300048828125,-13.60009765625,-0.0074046376750719085,1876.2469733605215,1783.9705882536798,CLOSE,2021-01-13,2021-01-14,SHORT,DOWN,0.87,STRONG SELL,63.06089132847035
1829.4000244140625,1829.300048828125,0.0999755859375,5.464938482742238e-05,1867.9329762050265,1778.0227553594436,CLOSE,2021-01-14,2021-01-15,SHORT,DOWN,0.9025,STRONG SELL,63.06433756738812
1802.0,1839.5,37.5,0.020810210876803552,1763.5086823910913,1853.3217568118782,CLOSE,2021-01-15,2021-01-19,LONG,UP,0.7625,STRONG BUY,64.37671973097139
1847.800048828125,1865.9000244140625,18.0999755859375,0.009795418934757853,1807.6759655754888,1901.2988264983064,CLOSE,2021-01-19,2021-01-20,LONG,UP,0.8025,STRONG BUY,65.00731667038174
1865.300048828125,1865.300048828125,0.0,0.0,1905.4616949469232,1811.751187336394,CLOSE,2021-01-20,2021-01-21,SHORT,DOWN,0.89,STRONG SELL,65.00731667038174
1854.9000244140625,1855.699951171875,-0.7999267578125,-0.0004312506050374256,1892.482262007076,1804.7903742900444,CLOSE,2021-01-21,2021-01-22,SHORT,DOWN,0.9225,STRONG SELL,64.97928222573577
1864.699951171875,1854.9000244140625,9.7999267578125,0.005255497943062482,1900.9477536857,1816.3695478201082,CLOSE,2021-01-22,2021-01-25,SHORT,DOWN,0.94,STRONG SELL,65.32078070981481
1855.800048828125,1850.699951171875,5.10009765625,0.00274819351334242,1890.8408549849357,1809.0789739523773,CLOSE,2021-01-25,2021-01-26,SHORT,DOWN,0.9525,STRONG SELL,65.500294855648
1844.9000244140625,1844.9000244140625,0.0,0.0,1877.984354879985,1800.7875837928325,CLOSE,2021-01-26,2021-01-27,SHORT,DOWN,0.92,STRONG SELL,65.500294855648
1843.4000244140625,1837.9000244140625,5.5,0.002983617189518164,1874.7426091421848,1801.6099114432327,CLOSE,2021-01-27,2021-01-28,SHORT,DOWN,0.8125,STRONG SELL,65.69572266129781
1842.0,1847.300048828125,5.300048828125,0.002877333782912595,1809.5318829938083,1885.2908226749223,CLOSE,2021-01-28,2021-01-29,LONG,UP,0.8425,STRONG BUY,65.88475118350402
1866.5999755859373,1860.800048828125,-5.799926757812273,-0.0031072146328468904,1832.3688695531232,1912.241450296356,CLOSE,2021-01-29,2021-02-01,LONG,UP,0.825,STRONG BUY,65.68003312054516
1859.5999755859373,1830.5,29.099975585937273,0.015648513641633183,1894.0217142863294,1813.7043239854145,CLOSE,2021-02-01,2021-02-02,SHORT,DOWN,0.7925,STRONG SELL,66.70782801481492
1834.800048828125,1832.199951171875,-2.60009765625,-0.001417101366391758,1799.2262836160978,1882.2317357774944,CLOSE,2021-02-02,2021-02-03,LONG,UP,0.8125,STRONG BUY,66.6132962605861
1832.199951171875,1786.3562453494694,45.84370582240558,0.025021125992872092,1866.5827305386792,1786.3562453494694,TP,2021-02-03,2021-02-04,SHORT,DOWN,0.7725,STRONG SELL,68.28003593912274
1794.300048828125,1810.9000244140625,16.5999755859375,0.009251504839884002,1757.080335593548,1843.9263331408945,CLOSE,2021-02-04,2021-02-05,LONG,UP,0.8225,STRONG BUY,68.91172902208099
1816.300048828125,1831.9000244140625,15.5999755859375,0.00858887582808941,1779.103174868953,1865.8958807736876,CLOSE,2021-02-05,2021-02-08,LONG,UP,0.87,STRONG BUY,69.50360330575059
1841.9000244140625,1835.300048828125,-6.5999755859375,-0.003583243117680644,1804.3922181121304,1891.9104328166386,CLOSE,2021-02-08,2021-02-09,LONG,UP,0.8225,STRONG BUY,69.25455499755125
1842.5999755859373,1840.5999755859373,-2.0,-0.0010854227865513839,1806.421287842402,1890.8382259106509,CLOSE,2021-02-09,2021-02-10,LONG,UP,0.7425,STRONG BUY,69.17938452548444
1840.5,1824.9000244140625,15.5999755859375,0.008475944355304264,1875.787345057334,1793.4502065902213,CLOSE,2021-02-10,2021-02-11,SHORT,DOWN,0.84,STRONG SELL,69.76574513925664
1825.0,1821.5999755859373,3.4000244140627274,0.0018630270761987547,1860.3489606517319,1777.8680524643573,CLOSE,2021-02-11,2021-02-12,SHORT,DOWN,0.885,STRONG SELL,69.89572061144226
1820.9000244140625,1797.199951171875,23.7000732421875,0.013015581813621984,1855.6847788222556,1774.520351869805,CLOSE,2021-02-12,2021-02-16,SHORT,DOWN,0.8325,STRONG SELL,70.80545408148255
1785.800048828125,1771.0999755859375,14.7000732421875,0.008231645671548705,1821.9680324485118,1737.5760706676092,CLOSE,2021-02-16,2021-02-17,SHORT,DOWN,0.775,STRONG SELL,71.38829949109443
1776.0999755859375,1773.4000244140625,-2.699951171875,-0.0015201572034165942,1739.4725726873194,1824.9365127840952,CLOSE,2021-02-17,2021-02-18,LONG,UP,0.8425,STRONG BUY,71.27977805338338
1764.300048828125,1775.800048828125,11.5,0.006518165664416591,1728.2960344666292,1812.3054013101196,CLOSE,2021-02-18,2021-02-19,LONG,UP,0.9075,STRONG BUY,71.74439145525818
1784.0,1806.699951171875,22.699951171875,0.012724187876611547,1748.0712802259882,1831.9049596986824,CLOSE,2021-02-19,2021-02-22,LONG,UP,0.915,STRONG BUY,72.65728057122806
1809.5999755859373,1804.4000244140625,5.199951171874773,0.0028735362743310495,1846.3909296618053,1760.5453701514464,CLOSE,2021-02-22,2021-02-23,SHORT,DOWN,0.7825,STRONG SELL,72.86606390254373
1805.800048828125,1796.4000244140625,9.4000244140625,0.005205462487478971,1841.5595088000807,1758.1207688655174,CLOSE,2021-02-23,2021-02-24,SHORT,DOWN,0.845,STRONG SELL,73.24536546479867
1801.5,1774.4000244140625,27.0999755859375,0.01504300615372606,1835.712358304037,1755.883522261284,CLOSE,2021-02-24,2021-02-25,SHORT,DOWN,0.8725,STRONG SELL,74.34719594821755
1768.0999755859375,1720.6989535673977,47.401022018539834,0.026809016839011848,1803.6507420998423,1720.6989535673977,TP,2021-02-25,2021-02-26,SHORT,DOWN,0.8975,STRONG SELL,76.34037117632663
1737.0999755859375,1722.5,14.5999755859375,0.008404798682363008,1776.068541875914,1685.1418871993023,CLOSE,2021-02-26,2021-03-01,SHORT,DOWN,0.7075,STRONG SELL,76.98199662740052
1709.4000244140625,1733.0999755859375,23.699951171875,0.01386448510201626,1670.3542180906693,1761.46109951192,CLOSE,2021-03-01,2021-03-02,LONG,UP,0.75,STRONG BUY,78.04931237276458
1730.0,1715.300048828125,14.699951171875,0.008497081602239885,1768.8711084875147,1678.1718553499804,CLOSE,2021-03-02,2021-03-03,SHORT,DOWN,0.83,STRONG SELL,78.71250374899466
1706.5,1700.199951171875,6.300048828125,0.003691795387122766,1745.7660266940427,1654.1452977412764,CLOSE,2021-03-03,2021-03-04,SHORT,DOWN,0.8175,STRONG SELL,79.00309420724408
1690.5999755859375,1698.0,-7.4000244140625,-0.004377158713431164,1728.904151077783,1639.5277415968103,CLOSE,2021-03-04,2021-03-05,SHORT,DOWN,0.9125,STRONG SELL,78.65728512504681
1704.699951171875,1677.699951171875,27.0,0.01583856442386778,1741.9823998428744,1654.9900196105425,CLOSE,2021-03-05,2021-03-08,SHORT,DOWN,0.7475,STRONG SELL,79.90310360290641
1686.199951171875,1716.5999755859375,30.4000244140625,0.018028718594692815,1648.1840981299983,1736.8877552277104,CLOSE,2021-03-08,2021-03-09,LONG,UP,0.8475,STRONG BUY,81.3436541726058
1713.5999755859375,1721.5,7.9000244140625,0.00461019171721289,1674.03524967261,1766.352943470374,CLOSE,2021-03-09,2021-03-10,LONG,UP,0.87,STRONG BUY,81.71866401332018
1725.5999755859375,1722.300048828125,-3.2999267578125,-0.0019123358857790842,1687.5862989077696,1776.2848778234948,CLOSE,2021-03-10,2021-03-11,LONG,UP,0.8725,STRONG BUY,81.56239047958958
1715.9000244140625,1719.5,-3.5999755859375,-0.0020980101024048897,1753.0520151325175,1666.364036789456,CLOSE,2021-03-11,2021-03-12,SHORT,DOWN,0.7475,STRONG SELL,81.39127176038711
1729.5,1728.9000244140625,-0.5999755859375,-0.00034690695920063604,1692.4838657614346,1778.8548456514204,CLOSE,2021-03-12,2021-03-15,LONG,UP,0.81,STRONG BUY,81.36303656179525
1732.300048828125,1730.5999755859375,-1.7000732421875,-0.0009813965215423124,1696.5993501336648,1779.9009804207387,CLOSE,2021-03-15,2021-03-16,LONG,UP,0.79,STRONG BUY,81.28318716073139
1735.300048828125,1726.800048828125,8.5,0.0048982883425492795,1769.297128803059,1689.9706088615462,CLOSE,2021-03-16,2021-03-17,SHORT,DOWN,0.675,STRONG SELL,81.68133564884604
1745.800048828125,1732.199951171875,-13.60009765625,-0.007790180591058591,1711.6063317085434,1791.3916716542337,CLOSE,2021-03-17,2021-03-18,LONG,UP,0.8275,STRONG BUY,81.04502329322266
1742.199951171875,1741.4000244140625,-0.7999267578125,-0.0004591475032899849,1707.3950709894063,1788.6064580818331,CLOSE,2021-03-18,2021-03-19,LONG,UP,0.8525,STRONG BUY,81.00781167312348
1737.800048828125,1737.800048828125,0.0,0.0,1771.1902947118458,1693.2797209831638,CLOSE,2021-03-19,2021-03-22,SHORT,DOWN,0.7825,STRONG SELL,81.00781167312348
1724.699951171875,1724.699951171875,0.0,0.0,1756.0908911623949,1682.8453645178486,CLOSE,2021-03-22,2021-03-23,SHORT,DOWN,0.825,STRONG SELL,81.00781167312348
1727.5,1732.9000244140625,5.4000244140625,0.0031259186188494935,1696.947688117062,1768.2364158439175,CLOSE,2021-03-23,2021-03-24,LONG,UP,0.8525,STRONG BUY,81.26103549990475
1732.699951171875,1724.9000244140625,7.7999267578125,0.004501602688069093,1761.9485343391234,1693.7018402822107,CLOSE,2021-03-24,2021-03-25,SHORT,DOWN,0.78,STRONG SELL,81.6268403957464
1721.300048828125,1732.199951171875,10.89990234375,0.006332366254895968,1693.208512547265,1758.7554305359383,CLOSE,2021-03-25,2021-03-26,LONG,UP,0.8525,STRONG BUY,82.1437314453622
1712.0999755859375,1712.0999755859375,0.0,0.0,1739.3528202407092,1675.762849379575,CLOSE,2021-03-26,2021-03-29,SHORT,DOWN,0.7925,STRONG SELL,82.1437314453622
1711.0,1683.9000244140625,27.0999755859375,0.01583867655519433,1738.4597817064957,1674.3869577246724,CLOSE,2021-03-29,2021-03-30,SHORT,DOWN,0.72,STRONG SELL,83.44477943876204
1683.699951171875,1713.800048828125,30.10009765625,0.017877352574192318,1654.33372791735,1722.8549155112416,CLOSE,2021-03-30,2021-03-31,LONG,UP,0.8625,STRONG BUY,84.93655118126452
1706.800048828125,1726.5,19.699951171875,0.011542038087824539,1675.5349791459098,1748.486808404412,CLOSE,2021-03-31,2021-04-01,LONG,UP,0.8825,STRONG BUY,85.91689209004714
1727.9000244140625,1727.0,-0.9000244140625,-0.000520877597862007,1696.4681713790703,1769.8091617940522,CLOSE,2021-04-01,2021-04-05,LONG,UP,0.8475,STRONG BUY,85.8721399056795
1726.9000244140625,1741.5,14.5999755859375,0.008454441704516898,1696.8775973003756,1766.929927232312,CLOSE,2021-04-05,2021-04-06,LONG,UP,0.78,STRONG BUY,86.59814090655419
1742.699951171875,1740.0999755859375,2.5999755859375,0.0014919238301402096,1772.4957789646626,1702.9721807814917,CLOSE,2021-04-06,2021-04-07,SHORT,DOWN,0.795,STRONG SELL,86.72733873661853
1736.0,1756.800048828125,20.800048828125,0.011981594947076613,1707.3681599066974,1774.17578679107,CLOSE,2021-04-07,2021-04-08,LONG,UP,0.7825,STRONG BUY,87.7664705801986
1750.800048828125,1743.300048828125,7.5,0.004283755877788572,1779.893902959127,1712.0082433201223,CLOSE,2021-04-08,2021-04-09,SHORT,DOWN,0.795,STRONG SELL,88.1424407144193
1740.800048828125,1731.199951171875,9.60009765625,0.005514761826157238,1770.3336276640555,1701.4219437135512,CLOSE,2021-04-09,2021-04-12,SHORT,DOWN,0.7875,STRONG SELL,88.6285252817355
1733.800048828125,1746.199951171875,12.39990234375,0.0071518641103575295,1704.597429445877,1772.7368746711222,CLOSE,2021-04-12,2021-04-13,LONG,UP,0.74,STRONG BUY,89.26238445085187
1741.300048828125,1734.9000244140625,6.4000244140625,0.003675428837419285,1771.0739149146543,1701.6015607127526,CLOSE,2021-04-13,2021-04-14,SHORT,DOWN,0.7775,STRONG SELL,89.59046199275933
1740.0999755859375,1765.4000244140625,25.300048828125,0.014539422552204685,1711.006385648446,1778.8914288359263,CLOSE,2021-04-14,2021-04-15,LONG,UP,0.825,STRONG BUY,90.89305557631928
1770.4000244140625,1779.0,8.5999755859375,0.004857645428910213,1739.8488337578203,1811.134945289052,CLOSE,2021-04-15,2021-04-16,LONG,UP,0.755,STRONG BUY,91.33458181225927
1782.0999755859375,1769.4000244140625,12.699951171875,0.0071263965803598514,1811.9796500080843,1742.260409689742,CLOSE,2021-04-16,2021-04-19,SHORT,DOWN,0.7675,STRONG SELL,91.98546826375475
1769.300048828125,1777.300048828125,8.0,0.004521562074956537,1739.508210909067,1809.0224993868692,CLOSE,2021-04-19,2021-04-20,LONG,UP,0.805,STRONG BUY,92.40138626850327
1783.0,1792.300048828125,9.300048828125,0.0052159555962563095,1754.0718595578612,1821.5708539228517,CLOSE,2021-04-20,2021-04-21,LONG,UP,0.755,STRONG BUY,92.88334779631232
1794.199951171875,1781.199951171875,13.0,0.007245569253030632,1822.8617880207694,1755.9841687066823,CLOSE,2021-04-21,2021-04-22,SHORT,DOWN,0.82,STRONG SELL,93.55634052522383
1786.0999755859375,1777.0,9.0999755859375,0.005094885902426719,1814.2895331426118,1748.513898843705,CLOSE,2021-04-22,2021-04-23,SHORT,DOWN,0.8175,STRONG SELL,94.03299940564843
1778.0,1779.199951171875,1.199951171875,0.0006748881731580427,1749.4132679830882,1816.1156426892157,CLOSE,2021-04-23,2021-04-26,LONG,UP,0.735,STRONG BUY,94.09646116483387
1780.0,1778.0,2.0,0.0011235955056179776,1807.4983835525343,1743.335488596621,CLOSE,2021-04-26,2021-04-27,SHORT,DOWN,0.825,STRONG SELL,94.20218752569323
1768.199951171875,1773.199951171875,-5.0,-0.0028277344972700903,1794.194883987956,1733.5400407504337,CLOSE,2021-04-27,2021-04-28,SHORT,DOWN,0.8075,STRONG SELL,93.93580875030852
1781.0,1768.0999755859375,12.9000244140625,0.007243135549726277,1806.5738688021534,1746.9015082637957,CLOSE,2021-04-28,2021-04-29,SHORT,DOWN,0.7975,STRONG SELL,94.61619854606016
1771.800048828125,1767.300048828125,4.5,0.0025397899740302616,1798.804358188774,1735.7943030139263,CLOSE,2021-04-29,2021-04-30,SHORT,DOWN,0.7675,STRONG SELL,94.8565038185083
1788.5,1791.4000244140625,2.9000244140625,0.0016214841565907185,1762.5781386921763,1823.062481743765,CLOSE,2021-04-30,2021-05-03,LONG,UP,0.7725,STRONG BUY,95.0103121365996
1788.199951171875,1775.800048828125,12.39990234375,0.006934292966300483,1815.0238171546978,1752.4347965281113,CLOSE,2021-05-03,2021-05-04,SHORT,DOWN,0.785,STRONG SELL,95.66914147577444
1781.5,1784.0999755859375,2.5999755859375,0.0014594305843039573,1754.8135556317427,1817.0819258243432,CLOSE,2021-05-04,2021-05-05,LONG,UP,0.82,STRONG BUY,95.80876394681827
1788.9000244140625,1815.5,26.5999755859375,0.01486945900995785,1763.2304767766293,1823.12608793064,CLOSE,2021-05-05,2021-05-06,LONG,UP,0.8125,STRONG BUY,97.23338843512022
1842.9000244140625,1831.0999755859373,-11.800048828125227,-0.006402978279777804,1815.6997275635106,1879.167086881465,CLOSE,2021-05-06,2021-05-07,LONG,UP,0.8125,STRONG BUY,96.61080516090095
1835.5999755859373,1837.5,1.9000244140627274,0.0010350972103582783,1807.4068401803468,1873.1908227933914,CLOSE,2021-05-07,2021-05-10,LONG,UP,0.775,STRONG BUY,96.71080673581348
1837.199951171875,1835.9000244140625,1.2999267578125,0.0007075586720886476,1864.9328626199233,1800.2227359078106,CLOSE,2021-05-10,2021-05-11,SHORT,DOWN,0.7425,STRONG SELL,96.7792353058041
1825.199951171875,1822.5999755859373,2.5999755859377274,0.0014244880865071279,1851.6483689450627,1789.935394140958,CLOSE,2021-05-11,2021-05-12,SHORT,DOWN,0.7675,STRONG SELL,96.91709617351847
1814.699951171875,1823.800048828125,9.10009765625,0.005014656913598002,1788.6192696779663,1849.4741931637532,CLOSE,2021-05-12,2021-05-13,LONG,UP,0.8325,STRONG BUY,97.40310215989085
1824.5,1837.9000244140625,13.4000244140625,0.007344491320395999,1798.9215021939933,1858.6046637413424,CLOSE,2021-05-13,2021-05-14,LONG,UP,0.87,STRONG BUY,98.11847839828381
1849.9000244140625,1867.5,17.5999755859375,0.009514014462220529,1824.1021362099914,1884.297208686157,CLOSE,2021-05-14,2021-05-17,LONG,UP,0.8825,STRONG BUY,99.05197902077616
1870.5,1867.800048828125,-2.699951171875,-0.0014434382100374232,1843.3733921405835,1906.6688104792217,CLOSE,2021-05-17,2021-05-18,LONG,UP,0.8475,STRONG BUY,98.90900360947774
1866.4000244140625,1881.300048828125,14.9000244140625,0.007983296302592051,1840.8896028303186,1900.4139198590542,CLOSE,2021-05-18,2021-05-19,LONG,UP,0.86,STRONG BUY,99.69862349228634
1865.5,1881.800048828125,16.300048828125,0.008737630033838113,1839.529603297796,1900.1271956029386,CLOSE,2021-05-19,2021-05-20,LONG,UP,0.7775,STRONG BUY,100.56975317924487
1872.0999755859373,1876.699951171875,-4.599975585937727,-0.0024571206911628792,1898.3796244349705,1837.0604437872264,CLOSE,2021-05-20,2021-05-21,SHORT,DOWN,0.7175,STRONG SELL,100.322641157803
1882.0999755859373,1884.5999755859373,2.5,0.0013283035080119468,1856.658150950172,1916.0224084336242,CLOSE,2021-05-21,2021-05-24,LONG,UP,0.9025,STRONG BUY,100.45590007398594
1882.5,1898.0999755859373,15.599975585937273,0.00828683962068381,1858.0290173652827,1915.1279768462896,CLOSE,2021-05-24,2021-05-25,LONG,UP,0.94,STRONG BUY,101.2883620068505
1901.300048828125,1901.300048828125,0.0,0.0,1876.9055675688228,1933.826023840528,CLOSE,2021-05-25,2021-05-26,LONG,UP,0.89,STRONG BUY,101.2883620068505
1896.800048828125,1895.699951171875,1.10009765625,0.00057997555247305,1919.7949321305687,1866.1402044248669,CLOSE,2021-05-26,2021-05-27,SHORT,DOWN,0.725,STRONG SELL,101.34710678056453
1897.5,1902.5,5.0,0.002635046113306983,1874.4654576574967,1928.2127231233378,CLOSE,2021-05-27,2021-05-28,LONG,UP,0.875,STRONG BUY,101.61416108038155
1905.0999755859373,1902.9000244140625,-2.1999511718747726,-0.0011547694084653747,1881.1929005536126,1936.9760756290368,CLOSE,2021-05-28,2021-06-01,LONG,UP,0.8575,STRONG BUY,101.49682015569906
1899.199951171875,1907.5,8.300048828125,0.004370286984792502,1874.493391962172,1932.1420301181458,CLOSE,2021-06-01,2021-06-02,LONG,UP,0.8675,STRONG BUY,101.94039038782334
1908.800048828125,1876.3823971168556,32.4176517112694,0.016983262197196432,1933.113287611577,1876.3823971168556,TP,2021-06-02,2021-06-03,SHORT,DOWN,0.7125,STRONG SELL,103.6716707662643
1869.300048828125,1889.800048828125,20.5,0.01096667172980152,1842.0306075833346,1905.6593038211788,CLOSE,2021-06-03,2021-06-04,LONG,UP,0.8875,STRONG BUY,104.80860394723798
1890.5,1896.800048828125,6.300048828125,0.003332477560499868,1860.7319474155518,1930.1907367792642,CLOSE,2021-06-04,2021-06-07,LONG,UP,0.8175,STRONG BUY,105.15787626803947
1896.5,1892.199951171875,4.300048828125,0.0022673603101107304,1925.9096202569876,1857.2871729906833,CLOSE,2021-06-07,2021-06-08,SHORT,DOWN,0.7275,STRONG SELL,105.39630706298516
1894.9000244140625,1893.199951171875,-1.7000732421875,-0.0008971836087833676,1866.2089458453531,1933.1547958390083,CLOSE,2021-06-08,2021-06-09,LONG,UP,0.87,STRONG BUY,105.30174722386195
1887.699951171875,1894.199951171875,6.5,0.003443343840722585,1860.147521072359,1924.4365246378961,CLOSE,2021-06-09,2021-06-10,LONG,UP,0.8075,STRONG BUY,105.66433734658257
1900.9000244140625,1877.4000244140625,23.5,0.012362564941964105,1929.5165718809121,1862.7446277915965,CLOSE,2021-06-10,2021-06-11,SHORT,DOWN,0.7675,STRONG SELL,106.9706195790793
1866.199951171875,1864.0,2.199951171875,0.0011788400114862005,1895.6760414256908,1826.8984975001208,CLOSE,2021-06-11,2021-06-14,SHORT,DOWN,0.765,STRONG SELL,107.0967208254926
1866.4000244140625,1854.5,11.9000244140625,0.0063759238418347065,1897.0813965512552,1825.491528231139,CLOSE,2021-06-14,2021-06-15,SHORT,DOWN,0.7775,STRONG SELL,107.77956136118615
1859.4000244140625,1829.5387581340465,-29.861266280016025,-0.01605962454982002,1829.5387581340465,1899.2150461207505,SL,2021-06-15,2021-06-16,LONG,UP,0.695,STRONG BUY,106.04866207158122
1811.800048828125,1773.800048828125,38.0,0.02097361683182339,1844.981941561075,1767.5575251841915,CLOSE,2021-06-16,2021-06-17,SHORT,DOWN,0.8225,STRONG SELL,108.27288607539808
1775.699951171875,1767.9000244140625,7.7999267578125,0.004392592764709449,1816.1438541825496,1721.7747471576422,CLOSE,2021-06-17,2021-06-18,SHORT,DOWN,0.745,STRONG SELL,108.74848477138708
1768.800048828125,1781.800048828125,13.0,0.007349615355682984,1728.6199960324984,1822.373452555627,CLOSE,2021-06-18,2021-06-21,LONG,UP,0.7675,STRONG BUY,109.54774430497012
1783.4000244140625,1776.300048828125,7.0999755859375,0.00398114583870223,1822.6814915468317,1731.0247349037036,CLOSE,2021-06-21,2021-06-22,SHORT,DOWN,0.7575,STRONG SELL,109.98386985134907
1780.699951171875,1782.300048828125,1.60009765625,0.0008985779188666676,1743.0457316914465,1830.9055771457797,CLOSE,2021-06-22,2021-06-23,LONG,UP,0.8475,STRONG BUY,110.082698928229
1778.9000244140625,1775.5999755859375,3.300048828125,0.0018551064044265086,1815.675360611291,1729.8662428177581,CLOSE,2021-06-23,2021-06-24,SHORT,DOWN,0.6875,STRONG SELL,110.28691404802731
1777.699951171875,1776.5999755859375,-1.0999755859375,-0.0006187633549814673,1742.3942766142925,1824.7741839153184,CLOSE,2021-06-24,2021-06-25,LONG,UP,0.9075,STRONG BUY,110.2186725470804
1779.5999755859375,1779.5999755859375,0.0,0.0,1745.4447011223117,1825.1403415374384,CLOSE,2021-06-25,2021-06-28,LONG,UP,0.9075,STRONG BUY,110.2186725470804
1776.800048828125,1762.800048828125,14.0,0.007879333416966975,1808.8370894014918,1734.0839947303027,CLOSE,2021-06-28,2021-06-29,SHORT,DOWN,0.6875,STRONG SELL,111.08712221685434
1761.0999755859375,1770.800048828125,9.7000732421875,0.00550796285086551,1728.4048664820968,1804.6934543910584,CLOSE,2021-06-29,2021-06-30,LONG,UP,0.915,STRONG BUY,111.69898595923432
1775.699951171875,1775.9000244140625,0.2000732421875,0.00011267288826327977,1744.0973393979962,1817.83676687038,CLOSE,2021-06-30,2021-07-01,LONG,UP,0.935,STRONG BUY,111.71157140659842
1778.699951171875,1782.5999755859375,3.9000244140625,0.0021926263682039322,1748.0261078450144,1819.5984089410226,CLOSE,2021-07-01,2021-07-02,LONG,UP,0.9475,STRONG BUY,111.95651314369803
1786.699951171875,1793.5,6.800048828125,0.0038059265763481604,1756.9313823683615,1826.3913762432262,CLOSE,2021-07-02,2021-07-06,LONG,UP,0.9175,STRONG BUY,112.3826114124669
1798.699951171875,1801.5,2.800048828125,0.0015567070129182657,1768.1434151498067,1839.4419992012995,CLOSE,2021-07-06,2021-07-07,LONG,UP,0.82,STRONG BUY,112.55755821178276
1797.0,1799.5999755859375,-2.5999755859375,-0.0014468422848845299,1826.9703574934272,1757.039523342097,CLOSE,2021-07-07,2021-07-08,SHORT,DOWN,0.7475,STRONG SELL,112.3947051770786
1803.5999755859373,1810.0,6.400024414062727,0.0035484722226077573,1773.4667864848977,1843.77756105399,CLOSE,2021-07-08,2021-07-09,LONG,UP,0.75,STRONG BUY,112.79353466636766
1802.5999755859373,1805.5,-2.9000244140627274,-0.0016088008728170936,1831.7915004752397,1763.6779424002007,CLOSE,2021-07-09,2021-07-12,SHORT,DOWN,0.7775,STRONG SELL,112.61207232934828
1808.0999755859373,1809.4000244140625,1.3000488281252274,0.000719013796625892,1779.8685596172993,1845.741863544121,CLOSE,2021-07-12,2021-07-13,LONG,UP,0.8,STRONG BUY,112.69304196301972
1813.0999755859373,1824.300048828125,11.200073242187727,0.006177305936242271,1785.663658142124,1849.6817321776884,CLOSE,2021-07-13,2021-07-14,LONG,UP,0.815,STRONG BUY,113.38918136011108
1831.5999755859373,1828.4000244140625,-3.1999511718747726,-0.0017470797196593615,1804.0233977181888,1868.3687460762687,CLOSE,2021-07-14,2021-07-15,LONG,UP,0.7625,STRONG BUY,113.19108142092806
1830.0999755859373,1814.5,15.599975585937273,0.008524111138214009,1856.7353667044829,1794.58612076121,CLOSE,2021-07-15,2021-07-16,SHORT,DOWN,0.85,STRONG SELL,114.15593477881467
1803.300048828125,1808.699951171875,-5.39990234375,-0.0029944558296103457,1829.8436289111382,1767.9086087174408,CLOSE,2021-07-16,2021-07-19,SHORT,DOWN,0.84,STRONG SELL,113.81409987443163
1812.9000244140625,1810.9000244140625,-2.0,-0.0011032047951162719,1787.0524195685637,1847.3634975413943,CLOSE,2021-07-19,2021-07-20,LONG,UP,0.79,STRONG BUY,113.68853961369832
1807.0,1802.9000244140625,4.0999755859375,0.002268940556689264,1832.6406383024053,1772.8124822634597,CLOSE,2021-07-20,2021-07-21,SHORT,DOWN,0.765,STRONG SELL,113.94649215205862
1793.5999755859375,1805.0,11.4000244140625,0.006355945901670919,1768.6229516893402,1826.9026741147338,CLOSE,2021-07-21,2021-07-22,LONG,UP,0.7975,STRONG BUY,114.67072989186228
1800.0,1801.4000244140625,-1.4000244140625,-0.0007777913411458334,1824.414381948347,1767.4474907355373,CLOSE,2021-07-22,2021-07-23,SHORT,DOWN,0.8525,STRONG SELL,114.58153999106952
1802.5,1798.699951171875,3.800048828125,0.0021082101681692096,1825.7062118091794,1771.5583842544274,CLOSE,2021-07-23,2021-07-26,SHORT,DOWN,0.86,STRONG SELL,114.82310195876319
1803.699951171875,1799.5,-4.199951171875,-0.002328519867811864,1781.5834635460521,1833.1886013396388,CLOSE,2021-07-26,2021-07-27,LONG,UP,0.7075,STRONG BUY,114.55573408456841
1799.5,1799.5,0.0,0.0,1820.572452795407,1771.4033962727908,CLOSE,2021-07-27,2021-07-28,SHORT,DOWN,0.82,STRONG SELL,114.55573408456841
1806.5999755859373,1831.199951171875,24.599975585937727,0.01361672529523819,1787.0326979902022,1832.6896790469173,CLOSE,2021-07-28,2021-07-29,LONG,UP,0.7175,STRONG BUY,116.11560804659233
1828.0,1812.5999755859373,15.400024414062727,0.00842452101425751,1849.7160408659615,1799.0452788453847,CLOSE,2021-07-29,2021-07-30,SHORT,DOWN,0.78,STRONG SELL,117.09382642666414
1812.4000244140625,1818.0999755859373,5.699951171874773,0.003144974120002857,1789.8458514573326,1842.4722550230356,CLOSE,2021-07-30,2021-08-02,LONG,UP,0.7425,STRONG BUY,117.4620834803881
1812.300048828125,1810.0999755859373,2.2000732421877274,0.0012139674352546342,1834.7324846819188,1782.3901343563998,CLOSE,2021-08-02,2021-08-03,SHORT,DOWN,0.785,STRONG SELL,117.60467862461046
1809.300048828125,1810.5,1.199951171875,0.0006632129218435619,1787.1735038653947,1838.8021087784323,CLOSE,2021-08-03,2021-08-04,LONG,UP,0.73,STRONG BUY,117.68267556714356
1810.800048828125,1805.0999755859373,5.700073242187727,0.0031478203492851567,1834.024697722089,1779.8338503028397,CLOSE,2021-08-04,2021-08-05,SHORT,DOWN,0.785,STRONG SELL,118.05311948805215
1799.800048828125,1768.5171571729493,31.282891655175717,0.017381315038603563,1823.2622175695067,1768.5171571729493,TP,2021-08-05,2021-08-06,SHORT,DOWN,0.805,STRONG SELL,120.10503794916389
1753.5,1717.780179009926,35.71982099007391,0.020370585109822592,1780.2898657425553,1717.780179009926,TP,2021-08-06,2021-08-09,SHORT,DOWN,0.85,STRONG SELL,122.5516478468258
1728.5999755859375,1728.800048828125,0.2000732421875,0.00011574293938057119,1696.5022404949152,1771.3969557073008,CLOSE,2021-08-09,2021-08-10,LONG,UP,0.855,STRONG BUY,122.56583233477352
1727.300048828125,1750.4000244140625,23.0999755859375,0.013373458538144268,1695.8771545736824,1769.197241167382,CLOSE,2021-08-10,2021-08-11,LONG,UP,0.825,STRONG BUY,124.20496141169575
1749.699951171875,1749.0,0.699951171875,0.00040004068777975464,1781.5461996592592,1707.2382865220293,CLOSE,2021-08-11,2021-08-12,SHORT,DOWN,0.7,STRONG SELL,124.25464844988454
1758.300048828125,1775.199951171875,16.89990234375,0.009611500810122525,1727.9892440454757,1798.7144552049906,CLOSE,2021-08-12,2021-08-13,LONG,UP,0.835,STRONG BUY,125.44892210412209
1776.9000244140625,1786.9000244140625,10.0,0.00562777863841694,1745.7221290271605,1818.4705515965984,CLOSE,2021-08-13,2021-08-16,LONG,UP,0.845,STRONG BUY,126.15492086815209
1787.699951171875,1785.0,2.699951171875,0.001510293251451467,1818.354428075505,1746.8273153003684,CLOSE,2021-08-16,2021-08-17,SHORT,DOWN,0.855,STRONG SELL,126.34545179377665
1787.800048828125,1781.5999755859375,6.2000732421875,0.003467990308117259,1817.7863435784823,1747.8183224943152,CLOSE,2021-08-17,2021-08-18,SHORT,DOWN,0.895,STRONG SELL,126.78361659607215
1780.0,1780.199951171875,-0.199951171875,-0.00011233211903089887,1809.1837022681889,1741.088396975748,CLOSE,2021-08-18,2021-08-19,SHORT,DOWN,0.7975,STRONG SELL,126.7693747237615
1784.0999755859375,1781.0,-3.0999755859375,-0.0017375571035022296,1755.522246819606,1822.2036139410463,CLOSE,2021-08-19,2021-08-20,LONG,UP,0.7975,STRONG BUY,126.5491056962037
1776.800048828125,1803.199951171875,26.39990234375,0.014858116624412441,1749.2671525992323,1813.5105771333153,CLOSE,2021-08-20,2021-08-23,LONG,UP,0.8375,STRONG BUY,128.429387067353
1801.0,1805.5999755859373,4.599975585937273,0.002554123034945737,1772.433739216028,1839.0883477119626,CLOSE,2021-08-23,2021-08-24,LONG,UP,0.8475,STRONG BUY,128.75741152322567
1792.0,1788.199951171875,3.800048828125,0.0021205629621233258,1819.0186681121816,1755.975109183758,CLOSE,2021-08-24,2021-08-25,SHORT,DOWN,0.78,STRONG SELL,129.03044972120068
1787.4000244140625,1792.199951171875,4.7999267578125,0.002685423907491548,1759.9969780685435,1823.9374195414211,CLOSE,2021-08-25,2021-08-26,LONG,UP,0.82,STRONG BUY,129.3769511756764
1803.4000244140625,1816.5999755859373,13.199951171874773,0.007319480422078585,1776.7543437533798,1838.9275986283062,CLOSE,2021-08-26,2021-08-27,LONG,UP,0.855,STRONG BUY,130.32392323687498
1818.199951171875,1809.0,9.199951171875,0.005059922681191034,1845.5566572583014,1781.7243430566398,CLOSE,2021-08-27,2021-08-30,SHORT,DOWN,0.8275,STRONG SELL,130.98335221196302
1815.9000244140625,1815.0,-0.9000244140625,-0.0004956354435607827,1789.158083048095,1851.5559462353524,CLOSE,2021-08-30,2021-08-31,LONG,UP,0.77,STRONG BUY,130.91843222009038
1813.5,1813.0999755859373,0.4000244140627274,0.0002205814249036269,1839.9175222142687,1778.2766370476415,CLOSE,2021-08-31,2021-09-01,SHORT,DOWN,0.8525,STRONG SELL,130.94731039441564
1813.199951171875,1808.699951171875,4.5,0.002481800199195704,1838.4162244152028,1779.5782535141047,CLOSE,2021-09-01,2021-09-02,SHORT,DOWN,0.855,STRONG SELL,131.27229545543665
1820.9000244140625,1830.9000244140625,10.0,0.005491789700655227,1796.7242018753363,1853.1344544656974,CLOSE,2021-09-02,2021-09-03,LONG,UP,0.7325,STRONG BUY,131.99321529560018
1825.699951171875,1795.9000244140625,29.7999267578125,0.016322466755111984,1850.8489370909265,1792.1679699464728,CLOSE,2021-09-03,2021-09-07,SHORT,DOWN,0.85,STRONG SELL,134.14767016416297
1781.699951171875,1790.699951171875,-9.0,-0.005051355585479161,1809.1454459440858,1745.1059581422605,CLOSE,2021-09-07,2021-09-08,SHORT,DOWN,0.7425,STRONG SELL,133.4700425812002
1798.699951171875,1797.4000244140625,-1.2999267578125,-0.0007227035042534926,1771.6934124645877,1834.708669448258,CLOSE,2021-09-08,2021-09-09,LONG,UP,0.86,STRONG BUY,133.3735833137139
1789.5999755859375,1789.5999755859375,0.0,0.0,1815.8346108238984,1754.620461935323,CLOSE,2021-09-09,2021-09-10,SHORT,DOWN,0.6925,STRONG SELL,133.3735833137139
1789.800048828125,1792.0,2.199951171875,0.001229160303864905,1764.603596589862,1823.3953184791421,CLOSE,2021-09-10,2021-09-13,LONG,UP,0.8175,STRONG BUY,133.53752082790734
1791.4000244140625,1804.699951171875,13.2999267578125,0.007424319848473089,1766.7176044785326,1824.3099176614355,CLOSE,2021-09-13,2021-09-14,LONG,UP,0.8,STRONG BUY,134.52894609430587
1803.699951171875,1792.4000244140625,11.2999267578125,0.006264859490887532,1829.1050501661393,1769.8264858461894,CLOSE,2021-09-14,2021-09-15,SHORT,DOWN,0.7425,STRONG SELL,135.3717510390439
1792.9000244140625,1759.6889599319525,33.21106448211003,0.018523656662319327,1817.808322775645,1759.6889599319525,TP,2021-09-15,2021-09-16,SHORT,DOWN,0.765,STRONG SELL,137.8793308770681
1758.800048828125,1749.4000244140625,9.4000244140625,0.005344566837103322,1787.179183021023,1720.9612032375944,CLOSE,2021-09-16,2021-09-17,SHORT,DOWN,0.805,STRONG SELL,138.61623617639566
1751.800048828125,1761.800048828125,10.0,0.005708414043423248,1723.990855407655,1788.8789733887518,CLOSE,2021-09-17,2021-09-20,LONG,UP,0.88,STRONG BUY,139.40751504563147
1762.199951171875,1776.0,13.800048828125,0.007831148116278107,1735.0485546656462,1798.4018131801802,CLOSE,2021-09-20,2021-09-21,LONG,UP,0.9125,STRONG BUY,140.49923594447608
1776.699951171875,1776.699951171875,0.0,0.0,1749.6665115589483,1812.744537322444,CLOSE,2021-09-21,2021-09-22,LONG,UP,0.85,STRONG BUY,140.49923594447608
1766.800048828125,1747.699951171875,19.10009765625,0.01081055984174249,1793.7561051288562,1730.8586404271502,CLOSE,2021-09-22,2021-09-23,SHORT,DOWN,0.76,STRONG SELL,142.01811134237295
1749.699951171875,1749.699951171875,0.0,0.0,1720.5443274640531,1788.5741161156373,CLOSE,2021-09-23,2021-09-24,LONG,UP,0.8825,STRONG BUY,142.01811134237295
1751.699951171875,1750.0,-1.699951171875,-0.0009704579661247033,1724.1233058176254,1788.468811644208,CLOSE,2021-09-24,2021-09-27,LONG,UP,0.9025,STRONG BUY,141.88028873488676
1739.5999755859375,1735.800048828125,3.7999267578125,0.0021843681370095425,1765.946148887819,1704.4717445167623,CLOSE,2021-09-27,2021-09-28,SHORT,DOWN,0.7325,STRONG SELL,142.19020751686895
1732.4000244140625,1721.5,10.9000244140625,0.006291863461355664,1759.3500372485105,1696.466673968132,CLOSE,2021-09-28,2021-09-29,SHORT,DOWN,0.7925,STRONG SELL,143.0848488881069
1725.5,1755.300048828125,29.800048828125,0.017270384716386554,1698.0428504567403,1762.1095327243463,CLOSE,2021-09-29,2021-09-30,LONG,UP,0.82,STRONG BUY,145.55597927549056
1754.300048828125,1757.0,2.699951171875,0.0015390475384633156,1724.6469761635133,1793.8374790476073,CLOSE,2021-09-30,2021-10-01,LONG,UP,0.8425,STRONG BUY,145.77999684710312
1764.5,1766.199951171875,1.699951171875,0.0009634180628364976,1735.4542922843673,1803.2276102875103,CLOSE,2021-10-01,2021-10-04,LONG,UP,0.835,STRONG BUY,145.92044392926584
1764.300048828125,1759.5999755859375,4.7000732421875,0.0026639874806495415,1793.3496371798622,1725.5672643591422,CLOSE,2021-10-04,2021-10-05,SHORT,DOWN,0.785,STRONG SELL,146.30917416506423
1759.300048828125,1760.5,1.199951171875,0.0006820616941801889,1730.4825791616684,1797.723341716734,CLOSE,2021-10-05,2021-10-06,LONG,UP,0.755,STRONG BUY,146.40896604826938
1762.4000244140625,1757.9000244140625,4.5,0.0025533363241390648,1791.1091112374352,1724.1212419828987,CLOSE,2021-10-06,2021-10-07,SHORT,DOWN,0.7675,STRONG SELL,146.78279737946005
1757.0,1756.300048828125,0.699951171875,0.00039837858387877065,1784.6870065773394,1720.083991230214,CLOSE,2021-10-07,2021-10-08,SHORT,DOWN,0.825,STRONG SELL,146.84127250241784
1756.5999755859375,1754.5999755859375,2.0,0.0011385631491500352,1785.0736297821948,1718.6351033242613,CLOSE,2021-10-08,2021-10-11,SHORT,DOWN,0.755,STRONG SELL,147.0084605640634
1751.9000244140625,1758.300048828125,6.4000244140625,0.003653190436025618,1724.8601921972254,1787.9531340365118,CLOSE,2021-10-11,2021-10-12,LONG,UP,0.7625,STRONG BUY,147.54551046621086
1760.800048828125,1793.699951171875,32.89990234375,0.018684632798395284,1733.7416384297896,1796.8779293592386,CLOSE,2021-10-12,2021-10-13,LONG,UP,0.8875,STRONG BUY,150.30234415032382
1792.199951171875,1796.699951171875,4.5,0.002510880550497483,1763.1957181764342,1830.8722618324628,CLOSE,2021-10-13,2021-10-14,LONG,UP,0.8575,STRONG BUY,150.67973538294504
1794.5,1767.199951171875,27.300048828125,0.015213178505502925,1822.278933254416,1757.4614223274452,CLOSE,2021-10-14,2021-10-15,SHORT,DOWN,0.8275,STRONG SELL,152.97205309448773
1761.5999755859375,1764.800048828125,-3.2000732421875,-0.0018165720291424858,1790.6196967063886,1722.9070140920028,CLOSE,2021-10-15,2021-10-18,SHORT,DOWN,0.695,STRONG SELL,152.69416834159577
1777.5999755859375,1769.699951171875,-7.9000244140625,-0.0044442082147635445,1749.5173800184539,1815.0434363425823,CLOSE,2021-10-18,2021-10-19,LONG,UP,0.86,STRONG BUY,152.01556366430557
1774.5999755859375,1784.0999755859375,9.5,0.005353319131464143,1746.3589992191448,1812.254610741661,CLOSE,2021-10-19,2021-10-20,LONG,UP,0.855,STRONG BUY,152.82935148955
1782.0,1781.199951171875,0.800048828125,0.0004489611830106622,1809.9273378135285,1744.763549581962,CLOSE,2021-10-20,2021-10-21,SHORT,DOWN,0.6725,STRONG SELL,152.8979659359935
1787.0999755859375,1795.5,8.4000244140625,0.004700366251926325,1760.6638814192459,1822.3481011415265,CLOSE,2021-10-21,2021-10-22,LONG,UP,0.8125,STRONG BUY,153.61664237506722
1794.300048828125,1806.0,11.699951171875,0.006520621330594264,1766.9986678259627,1830.7018901643414,CLOSE,2021-10-22,2021-10-25,LONG,UP,0.88,STRONG BUY,154.61831833007233
1808.800048828125,1792.699951171875,16.10009765625,0.008900982541813198,1835.7584740444186,1772.8554818730668,CLOSE,2021-10-25,2021-10-26,SHORT,DOWN,0.82,STRONG SELL,155.9945732821728
1791.5,1797.9000244140625,6.4000244140625,0.0035724389696134523,1764.3028830232072,1827.7628226357238,CLOSE,2021-10-26,2021-10-27,LONG,UP,0.845,STRONG BUY,156.55185437481427
1795.5,1801.5999755859373,6.099975585937273,0.00339736874738918,1769.538393994485,1830.11547467402,CLOSE,2021-10-27,2021-10-28,LONG,UP,0.8325,STRONG BUY,157.0837187522131
1793.0999755859375,1783.0,10.0999755859375,0.00563268960094492,1818.4714721083578,1759.2713135560437,CLOSE,2021-10-28,2021-10-29,SHORT,DOWN,0.73,STRONG SELL,157.96852258130642
1787.5,1795.0999755859375,7.5999755859375,0.004251734593531469,1761.047896086324,1822.7694718849013,CLOSE,2021-10-29,2021-11-01,LONG,UP,0.82,STRONG BUY,158.64016281345442
1790.5,1788.699951171875,1.800048828125,0.0010053330511728567,1816.3590938754783,1756.021208166029,CLOSE,2021-11-01,2021-11-02,SHORT,DOWN,0.7675,STRONG SELL,158.79964901237423
1768.0,1763.5999755859375,4.4000244140625,0.00248870159166431,1792.8477352588145,1734.8696863215805,CLOSE,2021-11-02,2021-11-03,SHORT,DOWN,0.7825,STRONG SELL,159.19485395162707
1776.5999755859375,1793.0,16.4000244140625,0.009231129482962891,1750.6449461659222,1811.2066814792913,CLOSE,2021-11-03,2021-11-04,LONG,UP,0.85,STRONG BUY,160.66440226147589
1794.9000244140625,1816.4000244140625,21.5,0.011978383033906628,1767.091785425555,1831.9776763987393,CLOSE,2021-11-04,2021-11-05,LONG,UP,0.875,STRONG BUY,162.5889020116775
1817.0,1827.4000244140625,10.4000244140625,0.005723733854739956,1788.5959235550354,1854.8721019266195,CLOSE,2021-11-05,2021-11-08,LONG,UP,0.815,STRONG BUY,163.51951761452676
1826.0999755859373,1830.199951171875,4.099975585937727,0.0022452087184449887,1798.546190315613,1862.8383559463696,CLOSE,2021-11-08,2021-11-09,LONG,UP,0.8175,STRONG BUY,163.88665306111082
1825.800048828125,1861.628544877098,35.828496048972966,0.019623450044252762,1798.9286767913954,1861.628544877098,TP,2021-11-09,2021-11-10,LONG,UP,0.8425,STRONG BUY,167.1026746103753
1853.9000244140625,1863.199951171875,9.2999267578125,0.00501641223115675,1824.651610138606,1892.8979101146713,CLOSE,2021-11-10,2021-11-11,LONG,UP,0.8575,STRONG BUY,167.94093051114976
1860.800048828125,1867.9000244140625,7.0999755859375,0.003815549978305755,1831.6158043851228,1899.7123747521277,CLOSE,2021-11-11,2021-11-12,LONG,UP,0.785,STRONG BUY,168.58171752491822
1864.5,1866.0999755859373,-1.5999755859372726,-0.0008581258170755015,1893.774660785801,1825.4671189522653,CLOSE,2021-11-12,2021-11-15,SHORT,DOWN,0.7425,STRONG SELL,168.43705320082316
1853.5999755859373,1853.5999755859373,0.0,0.0,1881.1478775028306,1816.8694396967462,CLOSE,2021-11-15,2021-11-16,SHORT,DOWN,0.815,STRONG SELL,168.43705320082316
1862.5999755859373,1869.699951171875,7.099975585937727,0.003811862814882844,1835.6804952345362,1898.492616054472,CLOSE,2021-11-16,2021-11-17,LONG,UP,0.7,STRONG BUY,169.07911214056782
1861.0,1861.0,0.0,0.0,1887.7216577105085,1825.3711230526553,CLOSE,2021-11-17,2021-11-18,SHORT,DOWN,0.78,STRONG SELL,169.07911214056782
1851.199951171875,1851.199951171875,0.0,0.0,1876.9450566714766,1816.8731438390728,CLOSE,2021-11-18,2021-11-19,SHORT,DOWN,0.7875,STRONG SELL,169.07911214056782
1841.5999755859373,1808.3250760871745,33.27489949876281,0.018068473034256974,1866.5561502100093,1808.3250760871745,TP,2021-11-19,2021-11-22,SHORT,DOWN,0.835,STRONG SELL,172.1341135189358
1795.5,1783.5,12.0,0.006683375104427736,1823.5485907223526,1758.1018790368632,CLOSE,2021-11-22,2021-11-23,SHORT,DOWN,0.79,STRONG SELL,173.284550367851
1793.0,1784.0999755859375,-8.9000244140625,-0.004963761524853597,1764.5441657578153,1830.9411123229129,CLOSE,2021-11-23,2021-11-24,LONG,UP,0.895,STRONG BUY,172.42440718388352
1791.0999755859375,1785.300048828125,-5.7999267578125,-0.003238192639645993,1763.4338464054156,1827.9881478266334,CLOSE,2021-11-24,2021-11-26,LONG,UP,0.82,STRONG BUY,171.86606373764533
1791.699951171875,1782.300048828125,9.39990234375,0.0052463596583802565,1818.1720763568017,1756.4037842586397,CLOSE,2021-11-26,2021-11-29,SHORT,DOWN,0.825,STRONG SELL,172.76773492108313
1783.9000244140625,1773.5999755859375,10.300048828125,0.005773893540647347,1810.6027173173647,1748.296433876326,CLOSE,2021-11-29,2021-11-30,SHORT,DOWN,0.805,STRONG SELL,173.76527742977623
1774.800048828125,1781.5999755859375,6.7999267578125,0.0038313762512584976,1745.7832599449805,1813.4891006723178,CLOSE,2021-11-30,2021-12-01,LONG,UP,0.78,STRONG BUY,174.43103758701403
1780.9000244140625,1760.699951171875,20.2000732421875,0.011342620565594954,1809.7941802882547,1742.3744832484729,CLOSE,2021-12-01,2021-12-02,SHORT,DOWN,0.74,STRONG SELL,176.40954266122654
1767.5,1782.0,14.5,0.008203677510608205,1738.4197124025357,1806.273716796619,CLOSE,2021-12-02,2021-12-03,LONG,UP,0.8375,STRONG BUY,177.85674965901313
1780.199951171875,1777.5,2.699951171875,0.001516656131856238,1809.8173636995984,1740.710067801577,CLOSE,2021-12-03,2021-12-06,SHORT,DOWN,0.7175,STRONG SELL,178.1264971889755
1779.5,1782.5999755859375,3.0999755859375,0.0017420486574529362,1751.376683135529,1816.9977558192945,CLOSE,2021-12-06,2021-12-07,LONG,UP,0.88,STRONG BUY,178.43680221426033
1789.9000244140625,1783.4000244140625,-6.5,-0.003631487743080972,1762.3069523158595,1826.6907872116665,CLOSE,2021-12-07,2021-12-08,LONG,UP,0.86,STRONG BUY,177.78881115410468
1783.5,1774.5999755859375,8.9000244140625,0.004990201521761985,1810.2899981355522,1747.7800024859303,CLOSE,2021-12-08,2021-12-09,SHORT,DOWN,0.7975,STRONG SELL,178.67601315007815
1773.800048828125,1782.9000244140625,9.0999755859375,0.005130214982206969,1747.6700557909828,1808.6400395443147,CLOSE,2021-12-09,2021-12-10,LONG,UP,0.89,STRONG BUY,179.5926595097017
1784.4000244140625,1786.300048828125,1.9000244140625,0.0010647973481654736,1758.3900256479883,1819.080022768828,CLOSE,2021-12-10,2021-12-13,LONG,UP,0.85,STRONG BUY,179.7838892972976
1787.0,1770.4000244140625,16.5999755859375,0.00928929803354085,1811.6021364797698,1754.197151360307,CLOSE,2021-12-13,2021-12-14,SHORT,DOWN,0.8325,STRONG SELL,181.45395542660933
1767.4000244140625,1762.5999755859375,4.800048828125,0.0027158813861148027,1792.173436859563,1734.3688078200619,CLOSE,2021-12-14,2021-12-15,SHORT,DOWN,0.78,STRONG SELL,181.94676284658937
1781.0,1796.5999755859375,15.5999755859375,0.00875911037952695,1755.3389820051268,1815.214690659831,CLOSE,2021-12-15,2021-12-16,LONG,UP,0.7875,STRONG BUY,183.54045462556027
1804.0,1803.800048828125,-0.199951171875,-0.000110837678422949,1776.3683404333322,1840.8422127555573,CLOSE,2021-12-16,2021-12-17,LONG,UP,0.8375,STRONG BUY,183.5201114276729
1796.800048828125,1793.699951171875,3.10009765625,0.001725343706592109,1824.2044522287586,1760.2608442939468,CLOSE,2021-12-17,2021-12-20,SHORT,DOWN,0.7925,STRONG SELL,183.8367466969577
1791.4000244140625,1787.9000244140625,3.5,0.0019537791405048084,1818.111261374807,1755.7850417997363,CLOSE,2021-12-20,2021-12-21,SHORT,DOWN,0.77,STRONG SELL,184.1959230979125
1786.0,1801.5999755859373,15.599975585937273,0.008734588793917846,1760.2752825808152,1820.2996232255796,CLOSE,2021-12-21,2021-12-22,LONG,UP,0.83,STRONG BUY,185.80479874368888
1806.0,1811.199951171875,5.199951171875,0.0028792642147702106,1780.002053342342,1840.6639288768774,CLOSE,2021-12-22,2021-12-23,LONG,UP,0.875,STRONG BUY,186.33977985164415
1810.0,1808.0999755859373,1.9000244140627274,0.0010497372453385234,1835.2552257189416,1776.326365708078,CLOSE,2021-12-23,2021-12-27,SHORT,DOWN,0.745,STRONG SELL,186.53538765884264
1812.0,1810.199951171875,-1.800048828125,-0.0009934044305325608,1788.0022930196324,1843.99694264049,CLOSE,2021-12-27,2021-12-28,LONG,UP,0.7825,STRONG BUY,186.35008257829125
1803.199951171875,1805.0999755859373,-1.9000244140622726,-0.0010536959103328906,1826.822821939359,1771.7027901485628,CLOSE,2021-12-28,2021-12-29,SHORT,DOWN,0.7925,STRONG SELL,186.1537262583883
1801.699951171875,1812.699951171875,11.0,0.006105345117451604,1777.7501504494455,1833.633018801781,CLOSE,2021-12-29,2021-12-30,LONG,UP,0.8375,STRONG BUY,187.29025900209535
1825.0999755859373,1827.5,2.4000244140627274,0.001315009832977623,1800.7180177722528,1857.6092526708499,CLOSE,2021-12-30,2021-12-31,LONG,UP,0.8475,STRONG BUY,187.53654753430405
1830.0999755859373,1799.4000244140625,30.699951171874773,0.0167750131585274,1854.3582325903853,1797.7556329133397,CLOSE,2021-12-31,2022-01-03,SHORT,DOWN,0.8075,STRONG SELL,190.6824755868968
1800.5,1814.0,13.5,0.007497917245209664,1774.6209120575325,1835.0054505899566,CLOSE,2022-01-03,2022-01-04,LONG,UP,0.785,STRONG BUY,192.11219700895907
1813.0999755859373,1824.5999755859373,11.5,0.006342728009956296,1787.365819880711,1847.412183192906,CLOSE,2022-01-04,2022-01-05,LONG,UP,0.8075,STRONG BUY,193.33071242198204
1787.0999755859375,1788.699951171875,-1.5999755859375,-0.0008952915940883022,1812.228120169362,1753.5957828080382,CLOSE,2022-01-05,2022-01-06,SHORT,DOWN,0.8325,STRONG SELL,193.15762506027153
1791.800048828125,1797.0,5.199951171875,0.002902082280484297,1764.448914572088,1828.2682278361744,CLOSE,2022-01-06,2022-01-07,LONG,UP,0.855,STRONG BUY,193.71818438129938
1794.9000244140625,1798.4000244140625,3.5,0.001949969331101079,1768.1525452206777,1830.5633300052423,CLOSE,2022-01-07,2022-01-10,LONG,UP,0.8575,STRONG BUY,194.09592889971952
1803.9000244140625,1818.5999755859373,14.699951171874773,0.008148983298921773,1778.173801581868,1838.2016548569884,CLOSE,2022-01-10,2022-01-11,LONG,UP,0.8525,STRONG BUY,195.67761338271202
1819.0,1827.199951171875,8.199951171875,0.004507944569474986,1792.5292242716118,1854.2943676378509,CLOSE,2022-01-11,2022-01-12,LONG,UP,0.81,STRONG BUY,196.55971721732843
1819.800048828125,1821.199951171875,-1.39990234375,-0.0007692616255568728,1845.4836184428225,1785.5552893418617,CLOSE,2022-01-12,2022-01-13,SHORT,DOWN,0.7675,STRONG SELL,196.40851136974283
1821.5,1816.5,5.0,0.002744990392533626,1846.613306794842,1788.0155909402108,CLOSE,2022-01-13,2022-01-14,SHORT,DOWN,0.8725,STRONG SELL,196.9476508464646
1816.800048828125,1812.300048828125,4.5,0.002476882364078863,1840.7088337090497,1784.9216689868922,CLOSE,2022-01-14,2022-01-18,SHORT,DOWN,0.82,STRONG SELL,197.43546700949295
1817.4000244140625,1843.0999755859373,25.699951171874773,0.014141053607700124,1794.3633034434383,1848.1156523748948,CLOSE,2022-01-18,2022-01-19,LONG,UP,0.6975,STRONG BUY,200.22741253253548
1840.5999755859373,1842.5,-1.9000244140627274,-0.0010322853630691116,1865.291208639854,1807.6783315140483,CLOSE,2022-01-19,2022-01-20,SHORT,DOWN,0.805,STRONG SELL,200.02072070529294
1838.0,1831.800048828125,6.199951171875,0.003373205207766594,1861.4525761658579,1806.7298984455228,CLOSE,2022-01-20,2022-01-21,SHORT,DOWN,0.785,STRONG SELL,200.69543164203728
1837.9000244140625,1841.699951171875,3.7999267578125,0.00206753724758448,1814.6654920187011,1868.8794009412109,CLOSE,2022-01-21,2022-01-24,LONG,UP,0.75,STRONG BUY,201.11037692237724
1843.0,1852.699951171875,9.699951171875,0.005263131400908844,1820.321513480256,1873.2379820263254,CLOSE,2022-01-24,2022-01-25,LONG,UP,0.76,STRONG BUY,202.16884726220601
1829.9000244140625,1829.9000244140625,0.0,0.0,1852.1371904681105,1800.2504696753317,CLOSE,2022-01-25,2022-01-26,SHORT,DOWN,0.805,STRONG SELL,202.16884726220601
1793.300048828125,1793.300048828125,0.0,0.0,1816.3916951737924,1762.511187033902,CLOSE,2022-01-26,2022-01-27,SHORT,DOWN,0.745,STRONG SELL,202.16884726220601
1797.5,1784.9000244140625,12.5999755859375,0.007009722161856745,1822.8636689908988,1763.6817746788017,CLOSE,2022-01-27,2022-01-28,SHORT,DOWN,0.7825,STRONG SELL,203.58599471129693
1788.5,1795.0,6.5,0.00363433044450657,1762.8480242671008,1822.7026343105324,CLOSE,2022-01-28,2022-01-31,LONG,UP,0.82,STRONG BUY,204.32589348995134
1797.199951171875,1800.300048828125,3.10009765625,0.0017249597932765149,1771.9231191785466,1830.9023938296461,CLOSE,2022-01-31,2022-02-01,LONG,UP,0.7975,STRONG BUY,204.6783474409468
1797.800048828125,1809.199951171875,11.39990234375,0.006341029054471822,1773.1394217358268,1830.6808849511892,CLOSE,2022-02-01,2022-02-02,LONG,UP,0.8375,STRONG BUY,205.97621878889112
1805.800048828125,1803.0,2.800048828125,0.0015505863065748023,1830.3063454138305,1773.124986713851,CLOSE,2022-02-02,2022-02-03,SHORT,DOWN,0.7125,STRONG SELL,206.29560269322522
1806.0,1806.5999755859373,0.5999755859372726,0.00033221239531410445,1780.9620181606508,1839.383975785799,CLOSE,2022-02-03,2022-02-04,LONG,UP,0.8975,STRONG BUY,206.3641366495387
1812.199951171875,1820.5999755859373,8.400024414062273,0.004635263569359619,1786.6789732669213,1846.2279217118135,CLOSE,2022-02-04,2022-02-07,LONG,UP,0.89,STRONG BUY,207.32068881417266
1818.9000244140625,1826.5999755859373,7.699951171874773,0.004233300933818626,1793.6269656549425,1852.5974360928892,CLOSE,2022-02-07,2022-02-08,LONG,UP,0.8675,STRONG BUY,208.19833967972963
1825.4000244140625,1835.199951171875,9.7999267578125,0.005368646119613256,1800.5821867535292,1858.490474628107,CLOSE,2022-02-08,2022-02-09,LONG,UP,0.82,STRONG BUY,209.3160828881611
1833.300048828125,1836.199951171875,2.89990234375,0.0015817936325282183,1809.1942100350852,1865.4411672188448,CLOSE,2022-02-09,2022-02-10,LONG,UP,0.865,STRONG BUY,209.64717773525933
1822.0,1854.8881708996416,32.888170899641636,0.01805058776050584,1797.3338718252687,1854.8881708996416,TP,2022-02-10,2022-02-11,LONG,UP,0.915,STRONG BUY,213.43143251571203
1861.800048828125,1868.0,6.199951171875,0.0033300843319761663,1834.3100674342897,1898.4533573532387,CLOSE,2022-02-11,2022-02-14,LONG,UP,0.8525,STRONG BUY,214.14217718508382
1872.5999755859373,1854.800048828125,17.799926757812273,0.009505461385175266,1901.3192361756928,1834.30762813293,CLOSE,2022-02-14,2022-02-15,SHORT,DOWN,0.765,STRONG SELL,216.177697381254
1858.699951171875,1870.199951171875,11.5,0.006187120192664485,1828.5713599001936,1898.8714062007837,CLOSE,2022-02-15,2022-02-16,LONG,UP,0.8075,STRONG BUY,217.51521477792525
1876.300048828125,1900.699951171875,24.39990234375,0.013004264621209903,1846.6735102533048,1915.8021002612186,CLOSE,2022-02-16,2022-02-17,LONG,UP,0.8,STRONG BUY,220.34384019003667
1899.4000244140625,1898.5999755859373,0.8000488281252274,0.00042121133928701033,1930.1782388049671,1858.3624052261898,CLOSE,2022-02-17,2022-02-18,SHORT,DOWN,0.7375,STRONG SELL,220.43665151406674
1908.0999755859373,1906.0999755859373,-2.0,-0.0010481631075886589,1878.4487765086687,1947.634907688962,CLOSE,2022-02-18,2022-02-22,LONG,UP,0.88,STRONG BUY,220.2055979483893
1896.5999755859373,1909.199951171875,12.599975585937727,0.006643454470173701,1866.7952959600584,1936.3395484204423,CLOSE,2022-02-22,2022-02-23,LONG,UP,0.8825,STRONG BUY,221.6685238124368
1911.9000244140625,1950.9296312481117,39.02960683404922,0.02041404170493202,1882.6278192885254,1950.9296312481117,TP,2022-02-23,2022-02-24,LONG,UP,0.8475,STRONG BUY,226.19367430221462
1906.9000244140625,1886.5,20.4000244140625,0.010698004170580921,1940.863505833646,1861.6153825212846,CLOSE,2022-02-24,2022-02-25,SHORT,DOWN,0.7725,STRONG SELL,228.6134951732587
1928.300048828125,1899.4000244140625,-28.9000244140625,-0.014987306789535037,1892.3161017956547,1976.2786448714187,CLOSE,2022-02-25,2022-02-28,LONG,UP,0.8525,STRONG BUY,225.1871945848692
1908.300048828125,1942.4000244140625,34.0999755859375,0.017869294509989704,1870.3970953964672,1958.8373200703354,CLOSE,2022-02-28,2022-03-01,LONG,UP,0.925,STRONG BUY,229.21113088478455
1945.5999755859373,1920.9000244140625,24.699951171874773,0.012695287562612212,1985.4027180581909,1892.5296522895992,CLOSE,2022-03-01,2022-03-02,SHORT,DOWN,0.705,STRONG SELL,232.12103210391845
1930.5,1934.4000244140625,3.9000244140625,0.0020202146666990417,1890.4974638817912,1983.8367148242783,CLOSE,2022-03-02,2022-03-03,LONG,UP,0.88,STRONG BUY,232.5899664174241
1937.0,1965.0999755859373,28.099975585937273,0.014506956936467358,1897.7762138458709,1989.2983815388388,CLOSE,2022-03-03,2022-03-04,LONG,UP,0.8625,STRONG BUY,235.96413904409604
1989.0,1993.9000244140625,4.9000244140625,0.0024635617969142785,1948.667198571166,2042.777068571779,CLOSE,2022-03-04,2022-03-07,LONG,UP,0.8,STRONG BUY,236.54545128248682
1999.4000244140625,2054.778727457277,55.3787030432145,0.02769766048164554,1957.8659971316517,2054.778727457277,TP,2022-03-07,2022-03-08,LONG,UP,0.7525,STRONG BUY,243.09720688058675
2053.60009765625,1991.01987688956,62.58022076668999,0.0304734212070364,2100.5352632312674,1991.01987688956,TP,2022-03-08,2022-03-09,SHORT,DOWN,0.7625,STRONG SELL,250.50521046011292
1978.0999755859373,1998.0999755859373,20.0,0.010110712424469728,1925.7101842121488,2047.9530307509888,CLOSE,2022-03-09,2022-03-10,LONG,UP,0.7125,STRONG BUY,253.03799660390638
1985.0,1982.699951171875,2.300048828125,0.0011587147748740555,2037.119094605739,1915.5078738590146,CLOSE,2022-03-10,2022-03-11,SHORT,DOWN,0.8375,STRONG SELL,253.33119546917584
1976.5,1959.5999755859373,16.900024414062727,0.008550480351157463,2028.9891540451729,1906.5144612731028,CLOSE,2022-03-11,2022-03-14,SHORT,DOWN,0.83,STRONG SELL,255.4972988783703
1939.800048828125,1928.5,11.300048828125,0.00582536784394433,1991.0149749685645,1871.5134806408723,CLOSE,2022-03-14,2022-03-15,SHORT,DOWN,0.8825,STRONG SELL,256.985664627471
1922.4000244140625,1908.0,14.4000244140625,0.007490649308773054,1975.1960298745487,1852.0053504667476,CLOSE,2022-03-15,2022-03-16,SHORT,DOWN,0.8275,STRONG SELL,258.9106541185773
1933.9000244140625,1942.0999755859373,8.199951171874773,0.004240111209657393,1882.5930141120261,2002.3093714834442,CLOSE,2022-03-16,2022-03-17,LONG,UP,0.795,STRONG BUY,260.0084640854052
1934.5,1928.199951171875,6.300048828125,0.003256680707224089,1986.342218620306,1865.377041839592,CLOSE,2022-03-17,2022-03-18,SHORT,DOWN,0.7675,STRONG SELL,260.8552286341071
1925.4000244140625,1928.5999755859373,3.1999511718747726,0.0016619669322215686,1875.7715330794144,1991.5713461935932,CLOSE,2022-03-18,2022-03-21,LONG,UP,0.7375,STRONG BUY,261.2887613981941
1920.699951171875,1920.699951171875,0.0,0.0,1967.1692619382557,1858.740870150034,CLOSE,2022-03-21,2022-03-22,SHORT,DOWN,0.725,STRONG SELL,261.2887613981941
1936.5999755859373,1936.5999755859373,0.0,0.0,1892.6034701156484,1995.2619828796558,CLOSE,2022-03-22,2022-03-23,LONG,UP,0.8475,STRONG BUY,261.2887613981941
1963.5999755859373,1961.5999755859373,-2.0,-0.001018537392985657,1921.0425036048766,2020.3432715606848,CLOSE,2022-03-23,2022-03-24,LONG,UP,0.845,STRONG BUY,261.02262902434313
1953.800048828125,1953.800048828125,0.0,0.0,1996.2534182834736,1897.1955562209935,CLOSE,2022-03-24,2022-03-25,SHORT,DOWN,0.8675,STRONG SELL,261.02262902434313
1932.5999755859373,1939.5999755859373,-7.0,-0.003622063587099911,1972.8566679470982,1878.9243857710562,CLOSE,2022-03-25,2022-03-28,SHORT,DOWN,0.84,STRONG SELL,260.07718846434494
1893.5,1912.0,-18.5,-0.009770266701874836,1933.1526507541694,1840.6297989944408,CLOSE,2022-03-28,2022-03-29,SHORT,DOWN,0.865,STRONG SELL,257.5361649699745
1918.4000244140625,1933.5,15.0999755859375,0.007871129792416203,1876.640422758126,1974.0794932886442,CLOSE,2022-03-29,2022-03-30,LONG,UP,0.86,STRONG BUY,259.56326555069427
1933.5,1949.199951171875,15.699951171875,0.008119964402314456,1892.044655605202,1988.7737925263973,CLOSE,2022-03-30,2022-03-31,LONG,UP,0.825,STRONG BUY,261.6709100271144
1935.0,1919.0999755859373,15.900024414062727,0.008217066880652572,1976.794253598183,1879.274328535756,CLOSE,2022-03-31,2022-04-01,SHORT,DOWN,0.7475,STRONG SELL,263.8210773955284
1921.199951171875,1929.199951171875,8.0,0.004164064232419034,1878.9410066337184,1977.5452105560837,CLOSE,2022-04-01,2022-04-04,LONG,UP,0.83,STRONG BUY,264.9196453076693
1927.0999755859373,1922.9000244140625,4.199951171874773,0.0021794153002351485,1968.5368526570826,1871.8508061577434,CLOSE,2022-04-04,2022-04-05,SHORT,DOWN,0.79,STRONG SELL,265.49701523598577
1916.699951171875,1918.4000244140625,-1.7000732421875,-0.0008869793319231167,1957.8663344078604,1861.8114401905611,CLOSE,2022-04-05,2022-04-06,SHORT,DOWN,0.775,STRONG SELL,265.26152487078417
1919.5,1933.800048828125,14.300048828125,0.007449882171463923,1879.6562051034152,1972.625059862113,CLOSE,2022-04-06,2022-04-07,LONG,UP,0.8025,STRONG BUY,267.23769197569436
1928.800048828125,1941.5999755859373,12.799926757812273,0.006636212377529275,1890.0450938083611,1980.4733221878103,CLOSE,2022-04-07,2022-04-08,LONG,UP,0.845,STRONG BUY,269.0111380549258
1946.5999755859373,1944.300048828125,-2.2999267578122726,-0.0011815097023824743,1908.5882421021834,1997.2822868976093,CLOSE,2022-04-08,2022-04-11,LONG,UP,0.8875,STRONG BUY,268.693298785265
1952.5,1972.0999755859373,19.599975585937273,0.010038399787932022,1914.3319565335007,2003.390724621999,CLOSE,2022-04-11,2022-04-12,LONG,UP,0.8525,STRONG BUY,271.39054953880975
1969.5,1981.0,11.5,0.005839045443005839,1930.543967485628,2021.4413766858295,CLOSE,2022-04-12,2022-04-13,LONG,UP,0.8025,STRONG BUY,272.97521129036915
1977.199951171875,1970.9000244140625,6.2999267578125,0.0031862871299782147,2014.6055527923634,1927.3258156778904,CLOSE,2022-04-13,2022-04-14,SHORT,DOWN,0.82,STRONG SELL,273.8449886929067
1973.4000244140625,1982.9000244140625,9.5,0.0048140264935999065,1936.7376800521804,2022.2831502299052,CLOSE,2022-04-14,2022-04-18,LONG,UP,0.7175,STRONG BUY,275.1632857236139
1973.800048828125,1955.699951171875,18.10009765625,0.009170177935194755,2010.6507919325736,1924.6657246888603,CLOSE,2022-04-18,2022-04-19,SHORT,DOWN,0.825,STRONG SELL,277.68658201493224
1945.5,1952.300048828125,-6.800048828125,-0.0034952705361732204,1983.704269301508,1894.5609742646561,CLOSE,2022-04-19,2022-04-20,SHORT,DOWN,0.8,STRONG SELL,276.7159922865248
1942.5,1944.9000244140625,-2.4000244140625,-0.0012355338038931788,1979.0682448341013,1893.7423402211984,CLOSE,2022-04-20,2022-04-21,SHORT,DOWN,0.8325,STRONG SELL,276.37410032397696
1949.5999755859373,1931.0,18.599975585937273,0.00954040614426413,1984.6062081634732,1902.9249988158895,CLOSE,2022-04-21,2022-04-22,SHORT,DOWN,0.865,STRONG SELL,279.0108214888233
1925.0,1893.199951171875,31.800048828125,0.01651950588474026,1959.6700809550891,1878.7732253932145,CLOSE,2022-04-22,2022-04-25,SHORT,DOWN,0.84,STRONG SELL,283.6199423963141
1900.5,1901.4000244140625,0.9000244140625,0.0004735724357077085,1863.8385014875735,1949.3819980165688,CLOSE,2022-04-25,2022-04-26,LONG,UP,0.825,STRONG BUY,283.75425698325
1897.800048828125,1885.9000244140625,11.9000244140625,0.0062704310822473954,1933.546442919742,1850.1381900393023,CLOSE,2022-04-26,2022-04-27,SHORT,DOWN,0.795,STRONG SELL,285.5335184959578
1883.800048828125,1888.699951171875,4.89990234375,0.002601073477409735,1848.5498178956748,1930.8003567380586,CLOSE,2022-04-27,2022-04-28,LONG,UP,0.89,STRONG BUY,286.27621215782915
1902.699951171875,1909.300048828125,6.60009765625,0.003468806341317764,1867.814025064678,1949.2145193148044,CLOSE,2022-04-28,2022-04-29,LONG,UP,0.86,STRONG BUY,287.26924889793065
1896.699951171875,1861.800048828125,34.89990234375,0.01840032859292642,1932.2547396999867,1849.2935664677264,CLOSE,2022-04-29,2022-05-02,SHORT,DOWN,0.8125,STRONG SELL,292.55509747229576
1868.800048828125,1868.800048828125,0.0,0.0,1829.7527399632938,1920.8631273145668,CLOSE,2022-05-02,2022-05-03,LONG,UP,0.8675,STRONG BUY,292.55509747229576
1867.0,1867.0,0.0,0.0,1904.008215374486,1817.6557128340185,CLOSE,2022-05-03,2022-05-04,SHORT,DOWN,0.715,STRONG SELL,292.55509747229576
1897.0,1874.0,-23.0,-0.012124406958355299,1862.4423662063923,1943.0768450581436,CLOSE,2022-05-04,2022-05-05,LONG,UP,0.8375,STRONG BUY,289.00804041280037
1874.699951171875,1881.199951171875,6.5,0.0034672215124008777,1838.614285989083,1922.8141714155977,CLOSE,2022-05-05,2022-05-06,LONG,UP,0.8175,STRONG BUY,290.01009530777645
1866.5999755859373,1857.0999755859373,9.5,0.005089467547548795,1902.1223842015431,1819.2367640984626,CLOSE,2022-05-06,2022-05-09,SHORT,DOWN,0.795,STRONG SELL,291.4860922763069
1839.9000244140625,1839.9000244140625,0.0,0.0,1875.7993986112547,1792.0341921511397,CLOSE,2022-05-09,2022-05-10,SHORT,DOWN,0.8575,STRONG SELL,291.4860922763069
1841.5,1852.5999755859373,11.099975585937273,0.006027681556305877,1806.3220149056208,1888.403980125839,CLOSE,2022-05-10,2022-05-11,LONG,UP,0.7175,STRONG BUY,293.2430776186405
1849.800048828125,1823.800048828125,26.0,0.014055573204504656,1883.8260297556067,1804.4320742581494,CLOSE,2022-05-11,2022-05-12,SHORT,DOWN,0.78,STRONG SELL,297.36477716282354
1825.0,1807.4000244140625,17.5999755859375,0.009643822238869863,1859.852699191311,1778.5297344115852,CLOSE,2022-05-12,2022-05-13,SHORT,DOWN,0.78,STRONG SELL,300.23251021388296
1790.5,1813.5,23.0,0.012845573862049707,1756.251067652432,1836.1652431300906,CLOSE,2022-05-13,2022-05-16,LONG,UP,0.8825,STRONG BUY,304.089169099624
1824.9000244140625,1818.199951171875,-6.7000732421875,-0.003671474136967451,1790.2581586627493,1871.0891787491466,CLOSE,2022-05-16,2022-05-17,LONG,UP,0.865,STRONG BUY,302.97271357994276
1815.0,1815.9000244140625,-0.9000244140625,-0.000495881219869146,1848.7853012961411,1769.952931605145,CLOSE,2022-05-17,2022-05-18,SHORT,DOWN,0.6825,STRONG SELL,302.8224751011457
1810.9000244140625,1841.199951171875,30.2999267578125,0.016731971036124088,1777.9529641563734,1854.8294380909813,CLOSE,2022-05-18,2022-05-19,LONG,UP,0.8825,STRONG BUY,307.88929198362547
1839.0999755859373,1841.800048828125,2.7000732421877274,0.0014681492458437362,1805.2384196323687,1884.2487168573618,CLOSE,2022-05-19,2022-05-20,LONG,UP,0.9125,STRONG BUY,308.34131941545456
1846.300048828125,1847.800048828125,1.5,0.0008124356606891025,1814.267889728383,1889.0095942944479,CLOSE,2022-05-20,2022-05-23,LONG,UP,0.9175,STRONG BUY,308.5918268990116
1852.5,1865.0999755859373,12.599975585937273,0.006801606254217152,1820.4844289246814,1895.1874281004248,CLOSE,2022-05-23,2022-05-24,LONG,UP,0.915,STRONG BUY,310.6907469988482
1846.199951171875,1846.199951171875,0.0,0.0,1877.9858333673717,1803.8187749112128,CLOSE,2022-05-24,2022-05-25,SHORT,DOWN,0.7575,STRONG SELL,310.6907469988482
1840.4000244140625,1847.4000244140625,7.0,0.003803520923245274,1808.8595597595945,1882.4539772866865,CLOSE,2022-05-25,2022-05-26,LONG,UP,0.83,STRONG BUY,311.87246575571703
1848.300048828125,1851.300048828125,3.0,0.0016231130881060602,1818.2624745061191,1888.350147924133,CLOSE,2022-05-26,2022-05-27,LONG,UP,0.85,STRONG BUY,312.37867003670505
1850.300048828125,1842.699951171875,7.60009765625,0.004107494706636078,1879.7777885654675,1810.9963958450016,CLOSE,2022-05-27,2022-05-31,SHORT,DOWN,0.725,STRONG SELL,313.66176377034685
1831.0,1843.300048828125,12.300048828125,0.006717667300996723,1800.4885352341305,1871.6819530211592,CLOSE,2022-05-31,2022-06-01,LONG,UP,0.8825,STRONG BUY,315.76883914439986
1845.4000244140625,1866.5,21.0999755859375,0.0114338221018703,1814.6465240329762,1886.4046915888443,CLOSE,2022-06-01,2022-06-02,LONG,UP,0.9,STRONG BUY,319.37928387649106
1867.5999755859373,1845.4000244140625,22.199951171874773,0.011886887696552792,1899.0067947525822,1825.7242166970773,CLOSE,2022-06-02,2022-06-03,SHORT,DOWN,0.8175,STRONG SELL,323.17570955653633
1849.0,1839.199951171875,9.800048828125,0.005300188657720389,1880.9920489848198,1806.3439346869068,CLOSE,2022-06-03,2022-06-06,SHORT,DOWN,0.805,STRONG SELL,324.8886017867786
1836.9000244140625,1847.5,10.5999755859375,0.005770578390252185,1805.5966905980802,1878.6378028353722,CLOSE,2022-06-06,2022-06-07,LONG,UP,0.83,STRONG BUY,326.76339693148867
1844.800048828125,1851.9000244140625,7.0999755859375,0.003848642344978052,1813.954098614791,1885.9279824459036,CLOSE,2022-06-07,2022-06-08,LONG,UP,0.845,STRONG BUY,328.020992377708
1846.0999755859373,1848.800048828125,-2.7000732421877274,-0.0014625823508451897,1875.878355311098,1806.3954692857233,CLOSE,2022-06-08,2022-06-09,SHORT,DOWN,0.7225,STRONG SELL,327.54123466354963
1842.699951171875,1871.5,28.800048828125,0.015629266614898128,1813.5485985699402,1881.5684213077882,CLOSE,2022-06-09,2022-06-10,LONG,UP,0.785,STRONG BUY,332.6604639474791
1873.800048828125,1830.3221906773665,43.47785815075849,0.023203040355319424,1906.408442441194,1830.3221906773665,TP,2022-06-10,2022-06-13,SHORT,DOWN,0.8475,STRONG SELL,340.3791981170717
1825.0,1809.5,15.5,0.008493150684931507,1861.182804532448,1776.7562606234028,CLOSE,2022-06-13,2022-06-14,SHORT,DOWN,0.7875,STRONG SELL,343.2700899366962
1814.0999755859373,1815.300048828125,1.2000732421877274,0.0006615254166464089,1778.0695194659634,1862.1405837459026,CLOSE,2022-06-14,2022-06-15,LONG,UP,0.725,STRONG BUY,343.49717182596385
1819.199951171875,1845.699951171875,26.5,0.014566842959142276,1782.5823847747563,1868.0233730347,CLOSE,2022-06-15,2022-06-16,LONG,UP,0.76,STRONG BUY,348.5008411848622
1853.699951171875,1835.5999755859373,18.099975585937727,0.009764242359986715,1891.5269718804718,1803.2639235604126,CLOSE,2022-06-16,2022-06-17,SHORT,DOWN,0.8975,STRONG SELL,351.9036878608504
1835.300048828125,1834.5999755859373,0.7000732421877274,0.00038144893127134053,1872.5787082988868,1785.595169533776,CLOSE,2022-06-17,2022-06-21,SHORT,DOWN,0.8725,STRONG SELL,352.03792114649536
1829.5,1834.300048828125,-4.800048828125,-0.002623694358089642,1865.0266123657075,1782.1311835123902,CLOSE,2022-06-21,2022-06-22,SHORT,DOWN,0.9,STRONG SELL,351.11428123894973
1835.5,1825.699951171875,9.800048828125,0.005339171249318987,1870.74970886665,1788.5003881777998,CLOSE,2022-06-22,2022-06-23,SHORT,DOWN,0.92,STRONG SELL,352.988940514566
1820.5,1826.5,6.0,0.0032957978577313925,1786.1074131952535,1866.3567824063289,CLOSE,2022-06-23,2022-06-24,LONG,UP,0.765,STRONG BUY,354.1523207085168
1830.5,1820.9000244140625,9.5999755859375,0.005244455387018574,1863.5823968013942,1786.390137598141,CLOSE,2022-06-24,2022-06-27,SHORT,DOWN,0.845,STRONG SELL,356.0096567546817
1824.199951171875,1817.5,6.699951171875,0.0036728162214733746,1856.076454640078,1781.6979465476043,CLOSE,2022-06-27,2022-06-28,SHORT,DOWN,0.8625,STRONG SELL,357.3172147970115
1818.300048828125,1813.699951171875,4.60009765625,0.0025298892001981267,1848.8103734771707,1777.6196159627307,CLOSE,2022-06-28,2022-06-29,SHORT,DOWN,0.9275,STRONG SELL,358.22118775977134
1809.5999755859373,1804.0999755859373,5.5,0.0030393457527645765,1839.8059913314796,1769.325287925214,CLOSE,2022-06-29,2022-06-30,SHORT,DOWN,0.8775,STRONG SELL,359.3099458053393
1795.5,1798.9000244140625,-3.4000244140625,-0.0018936365436159844,1825.2948769953027,1755.7734973395964,CLOSE,2022-06-30,2022-07-01,SHORT,DOWN,0.875,STRONG SELL,358.6295433614776
1805.4000244140625,1766.4397005151163,38.96032389894617,0.02157988444228067,1834.6202673382722,1766.4397005151163,TP,2022-07-01,2022-07-05,SHORT,DOWN,0.8125,STRONG SELL,366.3687274648062
1762.5,1734.9000244140625,27.5999755859375,0.01565956061613475,1794.3045086709737,1720.0939884387017,CLOSE,2022-07-05,2022-07-06,SHORT,DOWN,0.7975,STRONG SELL,372.1059007603975
1745.199951171875,1737.9000244140625,-7.2999267578125,-0.0041828598224007,1712.0243359773995,1789.4341047645091,CLOSE,2022-07-06,2022-07-07,LONG,UP,0.875,STRONG BUY,370.5494339384286
1738.0999755859375,1740.5999755859375,2.5,0.0014383522438962209,1706.1904836098731,1780.6459648873567,CLOSE,2022-07-07,2022-07-08,LONG,UP,0.8375,STRONG BUY,371.0824145482084
1732.5,1730.0,2.5,0.001443001443001443,1763.973107539437,1690.535856614084,CLOSE,2022-07-08,2022-07-11,SHORT,DOWN,0.7275,STRONG SELL,371.6178870078739
1734.199951171875,1723.300048828125,10.89990234375,0.006285262744001612,1764.5606912712742,1693.718964372676,CLOSE,2022-07-11,2022-07-12,SHORT,DOWN,0.765,STRONG SELL,373.9536030680891
1710.0,1734.199951171875,24.199951171875,0.014152018229166667,1680.500746567857,1749.3323379095239,CLOSE,2022-07-12,2022-07-13,LONG,UP,0.76,STRONG BUY,379.2458012755712
1710.300048828125,1704.5,5.800048828125,0.003391246367617844,1740.285064640673,1670.3200277447277,CLOSE,2022-07-13,2022-07-14,SHORT,DOWN,0.84,STRONG SELL,380.53191722158124
1705.4000244140625,1702.4000244140625,3.0,0.0017591180702783988,1736.425391008415,1664.0328689549258,CLOSE,2022-07-14,2022-07-15,SHORT,DOWN,0.785,STRONG SELL,381.20131779348344
1712.199951171875,1709.199951171875,-3.0,-0.0017521318102752665,1682.4692562357686,1751.8408777533502,CLOSE,2022-07-15,2022-07-18,LONG,UP,0.8225,STRONG BUY,380.53340283845864
1712.300048828125,1710.0,-2.300048828125,-0.0013432510439388952,1683.6215463874548,1750.538052082352,CLOSE,2022-07-18,2022-07-19,LONG,UP,0.8075,STRONG BUY,380.0222509478423
1707.0999755859375,1699.5,7.5999755859375,0.004451980372929779,1734.6193045124303,1670.4075370172804,CLOSE,2022-07-19,2022-07-20,SHORT,DOWN,0.685,STRONG SELL,381.7141025503386
1687.0,1712.699951171875,25.699951171875,0.015234114506149971,1660.3213374253994,1722.5715500994675,CLOSE,2022-07-20,2022-07-21,LONG,UP,0.8625,STRONG BUY,387.5291788972027
1713.300048828125,1727.0999755859375,13.7999267578125,0.00805458843432093,1684.7020102404379,1751.4307669450411,CLOSE,2022-07-21,2022-07-22,LONG,UP,0.83,STRONG BUY,390.65056693951
1727.0,1719.0,8.0,0.004632310364794441,1755.94461249158,1688.40718334456,CLOSE,2022-07-22,2022-07-25,SHORT,DOWN,0.8125,STRONG SELL,392.4601816097567
1718.0,1717.699951171875,0.300048828125,0.00017465007457799768,1746.26999731361,1680.30667024852,CLOSE,2022-07-25,2022-07-26,SHORT,DOWN,0.75,STRONG SELL,392.5287248097438
1719.0999755859375,1719.0999755859375,0.0,0.0,1692.7099728488577,1754.2866459020438,CLOSE,2022-07-26,2022-07-27,LONG,UP,0.865,STRONG BUY,392.5287248097438
1732.300048828125,1750.300048828125,18.0,0.010390809613020984,1707.6450436707585,1765.1733890379471,CLOSE,2022-07-27,2022-07-28,LONG,UP,0.8425,STRONG BUY,396.6074160568837
1754.0,1762.9000244140625,8.9000244140625,0.005074130224665051,1727.2596354523673,1789.6538193968436,CLOSE,2022-07-28,2022-07-29,LONG,UP,0.8375,STRONG BUY,398.6198537340243
1763.9000244140625,1769.0,5.0999755859375,0.0028913064886609005,1737.3875482799883,1799.249992592828,CLOSE,2022-07-29,2022-08-01,LONG,UP,0.8925,STRONG BUY,399.77238590363453
1772.0999755859375,1771.0999755859375,-1.0,-0.0005643022480542353,1745.7241022742191,1807.2678066682288,CLOSE,2022-08-01,2022-08-02,LONG,UP,0.825,STRONG BUY,399.5467934475591
1756.699951171875,1758.0,-1.300048828125,-0.000740051724403904,1784.1061140154573,1720.1584007137653,CLOSE,2022-08-02,2022-08-03,SHORT,DOWN,0.7225,STRONG SELL,399.2511081540882
1769.4000244140625,1788.5,19.0999755859375,0.010794605698201266,1742.0121615322428,1805.9171749231555,CLOSE,2022-08-03,2022-08-04,LONG,UP,0.835,STRONG BUY,403.5608664411815
1791.199951171875,1772.9000244140625,18.2999267578125,0.010216573948564454,1820.2851069463438,1752.4197434725834,CLOSE,2022-08-04,2022-08-05,SHORT,DOWN,0.7775,STRONG SELL,407.68387587592457
1771.800048828125,1786.800048828125,15.0,0.008465966580100872,1741.8781106187412,1811.695966440637,CLOSE,2022-08-05,2022-08-08,LONG,UP,0.8525,STRONG BUY,411.13531394433613
1790.0,1794.0,4.0,0.0022346368715083797,1760.6082002341434,1829.1890663544752,CLOSE,2022-08-08,2022-08-09,LONG,UP,0.7675,STRONG BUY,412.05405207605537
1804.4000244140625,1795.5999755859375,-8.800048828125,-0.004876994407591307,1776.1112181931444,1842.11843270862,CLOSE,2022-08-09,2022-08-10,LONG,UP,0.7775,STRONG BUY,410.04446676845515
1794.300048828125,1789.699951171875,4.60009765625,0.00256372821215402,1822.4003662746136,1756.8329588994734,CLOSE,2022-08-10,2022-08-11,SHORT,DOWN,0.7775,STRONG SELL,411.0957093361471
1786.300048828125,1798.5999755859375,12.2999267578125,0.006885700286400193,1759.1461800120217,1822.5052072495962,CLOSE,2022-08-11,2022-08-12,LONG,UP,0.775,STRONG BUY,413.92639117966087
1799.0,1781.4000244140625,17.5999755859375,0.009783199325145915,1825.9393041420178,1763.0809278106428,CLOSE,2022-08-12,2022-08-15,SHORT,DOWN,0.855,STRONG SELL,417.97591557050976
1777.4000244140625,1773.199951171875,4.2000732421875,0.0023630433129830162,1805.0186692060925,1740.575164691356,CLOSE,2022-08-15,2022-08-16,SHORT,DOWN,0.84,STRONG SELL,418.96361076278663
1769.699951171875,1760.300048828125,9.39990234375,0.005311579704528721,1796.4172641930456,1734.0768671436474,CLOSE,2022-08-16,2022-08-17,SHORT,DOWN,0.8425,STRONG SELL,421.1889693746503
1762.9000244140625,1755.300048828125,7.5999755859375,0.004311064428320893,1789.1232384164218,1727.9357390775833,CLOSE,2022-08-17,2022-08-18,SHORT,DOWN,0.8075,STRONG SELL,423.0047421581225
1753.699951171875,1747.5999755859375,6.0999755859375,0.0034783462141635534,1779.0679356026374,1719.8759719308587,CLOSE,2022-08-18,2022-08-19,SHORT,DOWN,0.8425,STRONG SELL,424.4760991015815
1740.5,1734.0,6.5,0.0037345590347601263,1764.89170506015,1707.977726586467,CLOSE,2022-08-19,2022-08-22,SHORT,DOWN,0.7725,STRONG SELL,426.06133015252107
1738.0,1746.800048828125,8.800048828125,0.005063319233673763,1713.089847917082,1771.2135361105575,CLOSE,2022-08-22,2022-08-23,LONG,UP,0.82,STRONG BUY,428.21861468020694
1745.0,1747.800048828125,2.800048828125,0.0016046125089541547,1720.0477159230047,1778.2697121026606,CLOSE,2022-08-23,2022-08-24,LONG,UP,0.8625,STRONG BUY,428.90573962588985
1761.5999755859375,1757.699951171875,-3.9000244140625,-0.0022139103474756163,1737.5514182384932,1793.6647187158633,CLOSE,2022-08-24,2022-08-25,LONG,UP,0.8275,STRONG BUY,427.9561807708404
1754.0,1736.0999755859375,17.9000244140625,0.010205259073011688,1777.8308032511984,1722.2255956650688,CLOSE,2022-08-25,2022-08-26,SHORT,DOWN,0.7325,STRONG SELL,432.32358446750345
1732.4000244140625,1736.5999755859375,4.199951171875,0.0024243541403178633,1707.9571382965994,1764.9905392373469,CLOSE,2022-08-26,2022-08-29,LONG,UP,0.825,STRONG BUY,433.3716899394643
1736.4000244140625,1723.199951171875,13.2000732421875,0.0076019771116058255,1760.0719874787717,1704.8374069944502,CLOSE,2022-08-29,2022-08-30,SHORT,DOWN,0.82,STRONG SELL,436.66617160720205
1718.300048828125,1712.800048828125,5.5,0.003200837946638587,1742.2418769055112,1686.3776113916101,CLOSE,2022-08-30,2022-08-31,SHORT,DOWN,0.795,STRONG SELL,438.0638692592958
1707.9000244140625,1696.5999755859375,11.300048828125,0.006616340925460062,1731.7067166829077,1676.1577680556022,CLOSE,2022-08-31,2022-09-01,SHORT,DOWN,0.835,STRONG SELL,440.96224916544145
1703.4000244140625,1709.800048828125,6.4000244140625,0.003757205778052039,1679.268807548628,1735.5749802346418,CLOSE,2022-09-01,2022-09-02,LONG,UP,0.77,STRONG BUY,442.61903507590864
1709.699951171875,1700.4000244140625,9.2999267578125,0.005439508114530901,1734.1539356454145,1677.094638540489,CLOSE,2022-09-02,2022-09-06,SHORT,DOWN,0.7975,STRONG SELL,445.02666490884985
1694.800048828125,1715.300048828125,20.5,0.01209582216744376,1670.1963411124611,1727.6049924490103,CLOSE,2022-09-06,2022-09-07,LONG,UP,0.825,STRONG BUY,450.40962830735793
1718.199951171875,1708.0,10.199951171875,0.005936416867500352,1743.2534045138755,1684.7953467158745,CLOSE,2022-09-07,2022-09-08,SHORT,DOWN,0.72,STRONG SELL,453.08344762212636
1719.199951171875,1716.199951171875,-3.0,-0.0017449977228972586,1694.5538978174727,1752.0613556444112,CLOSE,2022-09-08,2022-09-09,LONG,UP,0.81,STRONG BUY,452.2928180377433
1727.4000244140625,1728.0999755859375,0.699951171875,0.000405205026040465,1703.2286891564033,1759.6284714242747,CLOSE,2022-09-09,2022-09-12,LONG,UP,0.8175,STRONG BUY,452.47608936085413
1720.5,1705.0,15.5,0.009009009009009009,1744.219813926476,1688.8735814313654,CLOSE,2022-09-12,2022-09-13,SHORT,DOWN,0.8125,STRONG SELL,456.5524505262672
1698.699951171875,1696.5,2.199951171875,0.0012950793166016923,1724.025484827654,1664.9325729641696,CLOSE,2022-09-13,2022-09-14,SHORT,DOWN,0.8325,STRONG SELL,457.14372216188764
1685.5,1665.4000244140625,20.0999755859375,0.011925230249740433,1709.9272812517947,1652.9302916642737,CLOSE,2022-09-14,2022-09-15,SHORT,DOWN,0.865,STRONG SELL,462.59526630589147
1660.4000244140625,1671.699951171875,11.2999267578125,0.006805544803457904,1634.0532684832665,1695.5290323217905,CLOSE,2022-09-15,2022-09-16,LONG,UP,0.7875,STRONG BUY,465.74347911660374
1661.800048828125,1666.199951171875,-4.39990234375,-0.0026476725324762994,1688.7506157540986,1625.8659595934937,CLOSE,2022-09-16,2022-09-19,SHORT,DOWN,0.8,STRONG SELL,464.5103428997667
1659.699951171875,1659.699951171875,0.0,0.0,1686.139758085837,1624.4468752865923,CLOSE,2022-09-19,2022-09-20,SHORT,DOWN,0.77,STRONG SELL,464.5103428997667
1665.5,1664.5999755859375,-0.9000244140625,-0.0005403929234839387,1640.2523221513209,1699.1635704649054,CLOSE,2022-09-20,2022-09-21,LONG,UP,0.8275,STRONG BUY,464.2593247975786
1668.300048828125,1670.800048828125,2.5,0.0014985313953302893,1642.6700596385592,1702.473367747546,CLOSE,2022-09-21,2022-09-22,LONG,UP,0.795,STRONG BUY,464.95503197136253
1667.0,1645.300048828125,21.699951171875,0.013017367229679064,1691.4635692376883,1634.3819076830823,CLOSE,2022-09-22,2022-09-23,SHORT,DOWN,0.735,STRONG SELL,471.00752236782097
1623.300048828125,1623.300048828125,0.0,0.0,1648.7483631202642,1589.3689631052728,CLOSE,2022-09-23,2022-09-26,SHORT,DOWN,0.7275,STRONG SELL,471.00752236782097
1632.199951171875,1626.699951171875,-5.5,-0.0033696851884177244,1606.2122307577458,1666.8502450573806,CLOSE,2022-09-26,2022-09-27,LONG,UP,0.8875,STRONG BUY,469.4203752960648
1620.4000244140625,1654.4752868445767,34.07526243051416,0.021028919968595898,1594.8435775911769,1654.4752868445767,TP,2022-09-27,2022-09-28,LONG,UP,0.8575,STRONG BUY,479.2917787997939
1657.0,1658.5,-1.5,-0.0009052504526252263,1685.016700621251,1619.6443991716653,CLOSE,2022-09-28,2022-09-29,SHORT,DOWN,0.7125,STRONG SELL,478.85789970009586
1661.699951171875,1662.4000244140625,0.7000732421875,0.0004212994299565272,1633.2630174965059,1699.615862739034,CLOSE,2022-09-29,2022-09-30,LONG,UP,0.8,STRONG BUY,479.05964226026975
1667.199951171875,1692.9000244140625,25.7000732421875,0.015415111561227504,1639.2192322763312,1704.5075763659333,CLOSE,2022-09-30,2022-10-03,LONG,UP,0.835,STRONG BUY,486.4444000901936
1701.199951171875,1721.0999755859375,19.9000244140625,0.01169763989256779,1671.135714813234,1741.285599650063,CLOSE,2022-10-03,2022-10-04,LONG,UP,0.8475,STRONG BUY,492.1346515102049
1724.0999755859375,1711.4000244140625,12.699951171875,0.007366133838937563,1755.7774781603118,1681.8633054867719,CLOSE,2022-10-04,2022-10-05,SHORT,DOWN,0.745,STRONG SELL,495.75978122000794
1721.0,1711.699951171875,-9.300048828125,-0.0054038633516124345,1689.0566073681591,1763.5911901757877,CLOSE,2022-10-05,2022-10-06,LONG,UP,0.77,STRONG BUY,493.08076310706974
1710.0999755859375,1700.5,9.5999755859375,0.0056136926045205204,1741.2831337343098,1668.5224313881079,CLOSE,2022-10-06,2022-10-07,SHORT,DOWN,0.755,STRONG SELL,495.84876694035523
1693.4000244140625,1667.300048828125,26.0999755859375,0.015412764385053328,1724.2843855518367,1652.2208762303635,CLOSE,2022-10-07,2022-10-10,SHORT,DOWN,0.8275,STRONG SELL,503.4911671558261
1661.800048828125,1678.699951171875,16.89990234375,0.010169636446735901,1629.5324277716204,1704.8235435701313,CLOSE,2022-10-10,2022-10-11,LONG,UP,0.79,STRONG BUY,508.61148927994356
1668.0,1670.300048828125,-2.300048828125,-0.0013789261559502399,1699.859214320884,1625.5210475721549,CLOSE,2022-10-11,2022-10-12,SHORT,DOWN,0.7775,STRONG SELL,507.9101515941586
1675.199951171875,1670.0,5.199951171875,0.0031040779151392697,1705.9299306668252,1634.2266451786081,CLOSE,2022-10-12,2022-10-13,SHORT,DOWN,0.81,STRONG SELL,509.48674427859703
1665.300048828125,1641.699951171875,23.60009765625,0.014171678955307446,1697.456463590735,1622.4248291446452,CLOSE,2022-10-13,2022-10-14,SHORT,DOWN,0.8325,STRONG SELL,516.7070268504981
1650.199951171875,1657.0,6.800048828125,0.004120742352038009,1617.1261374637372,1694.298369449392,CLOSE,2022-10-14,2022-10-17,LONG,UP,0.785,STRONG BUY,518.8362433796366
1651.4000244140625,1649.0,2.4000244140625,0.0014533271034158177,1683.7507138032038,1608.2657718952073,CLOSE,2022-10-17,2022-10-18,SHORT,DOWN,0.81,STRONG SELL,519.5902821543747
1637.5,1627.5,10.0,0.0061068702290076335,1668.3970687184883,1596.3039083753488,CLOSE,2022-10-18,2022-10-19,SHORT,DOWN,0.85,STRONG SELL,522.763352579745
1622.800048828125,1630.800048828125,8.0,0.004929750899241747,1591.8063421609572,1664.1249910510155,CLOSE,2022-10-19,2022-10-20,LONG,UP,0.8375,STRONG BUY,525.3404456872155
1634.0999755859375,1651.0,16.9000244140625,0.010342099422651711,1603.327250582217,1675.1302755908982,CLOSE,2022-10-20,2022-10-21,LONG,UP,0.8525,STRONG BUY,530.7735688072529
1662.699951171875,1648.699951171875,14.0,0.008420039941742204,1693.749621773823,1621.3003903692775,CLOSE,2022-10-21,2022-10-24,SHORT,DOWN,0.73,STRONG SELL,535.242703456631
1648.199951171875,1652.800048828125,4.60009765625,0.002790982764548268,1617.8681141843517,1688.6424004885728,CLOSE,2022-10-24,2022-10-25,LONG,UP,0.7875,STRONG BUY,536.7365566168287
1649.800048828125,1664.0,14.199951171875,0.008607074040251978,1619.9740573397105,1689.5680374793442,CLOSE,2022-10-25,2022-10-26,LONG,UP,0.74,STRONG BUY,541.3562878997396
1660.699951171875,1660.699951171875,0.0,0.0,1690.2383666081037,1621.3153972569035,CLOSE,2022-10-26,2022-10-27,SHORT,DOWN,0.8125,STRONG SELL,541.3562878997396
1661.0,1639.5999755859375,21.4000244140625,0.01288381963519717,1688.7821052795114,1623.9571929606516,CLOSE,2022-10-27,2022-10-28,SHORT,DOWN,0.8425,STRONG SELL,548.3310246714198
1641.800048828125,1635.9000244140625,5.9000244140625,0.0035936315255160256,1669.9870089621134,1604.2174353161406,CLOSE,2022-10-28,2022-10-31,SHORT,DOWN,0.7925,STRONG SELL,550.3015243280975
1630.800048828125,1645.0,14.199951171875,0.0087073526776498,1603.7264403736292,1666.8981934341193,CLOSE,2022-10-31,2022-11-01,LONG,UP,0.8325,STRONG BUY,555.0931937794704
1650.800048828125,1645.699951171875,-5.10009765625,-0.0030894702601144655,1623.2067085835486,1687.591169154227,CLOSE,2022-11-01,2022-11-02,LONG,UP,0.7825,STRONG BUY,553.3782498656968
1629.199951171875,1627.300048828125,1.89990234375,0.001166156641720625,1658.1116190245398,1590.6510607016553,CLOSE,2022-11-02,2022-11-03,SHORT,DOWN,0.7825,STRONG SELL,554.0235755871615
1630.199951171875,1670.3667745493558,40.166823377480796,0.024639200454279694,1600.0748336387644,1670.3667745493558,TP,2022-11-03,2022-11-04,LONG,UP,0.885,STRONG BUY,567.6742735224503
1676.9000244140625,1676.5,-0.4000244140625,-0.0002385499482607947,1643.8695633649018,1720.9406391462767,CLOSE,2022-11-04,2022-11-07,LONG,UP,0.81,STRONG BUY,567.5388548538725
1703.199951171875,1712.0999755859375,8.9000244140625,0.005225472445521678,1671.9502347247192,1744.8662397680828,CLOSE,2022-11-07,2022-11-08,LONG,UP,0.81,STRONG BUY,570.5045135016743
1707.4000244140625,1710.0999755859375,-2.699951171875,-0.0015813231423617653,1740.2319013563435,1663.6241884910212,CLOSE,2022-11-08,2022-11-09,SHORT,DOWN,0.7975,STRONG SELL,569.6023615116522
1708.199951171875,1750.300048828125,42.10009765625,0.024645883889276608,1676.1917849570561,1750.8775061249669,CLOSE,2022-11-09,2022-11-10,LONG,UP,0.7775,STRONG BUY,583.6407151765262
1763.800048828125,1766.0,2.199951171875,0.0012472792328907436,1729.567455451195,1809.4435066640317,CLOSE,2022-11-10,2022-11-11,LONG,UP,0.88,STRONG BUY,584.3686781200354
1762.0,1773.5999755859375,11.5999755859375,0.006583414066933882,1728.5304542387212,1806.6260610150384,CLOSE,2022-11-11,2022-11-14,LONG,UP,0.905,STRONG BUY,588.2158190958463
1770.800048828125,1773.800048828125,3.0,0.0016941494902178997,1738.4354706212232,1813.9528197706607,CLOSE,2022-11-14,2022-11-15,LONG,UP,0.8475,STRONG BUY,589.2123446259056
1776.5999755859375,1773.0,3.5999755859375,0.0020263287377059644,1807.0706579652815,1735.9723990801454,CLOSE,2022-11-15,2022-11-16,SHORT,DOWN,0.8325,STRONG SELL,590.4062825324322
1763.0,1760.800048828125,2.199951171875,0.001247845247802042,1791.926350539469,1724.4315326140413,CLOSE,2022-11-16,2022-11-17,SHORT,DOWN,0.885,STRONG SELL,591.1430182063627
1763.300048828125,1751.9000244140625,11.4000244140625,0.0064651642365908535,1791.9816600433462,1725.0579005411635,CLOSE,2022-11-17,2022-11-18,SHORT,DOWN,0.905,STRONG SELL,594.964854906381
1739.0,1737.4000244140625,1.5999755859375,0.0009200549660365152,1767.3150754043684,1701.246566127509,CLOSE,2022-11-18,2022-11-21,SHORT,DOWN,0.85,STRONG SELL,595.5122552757548
1741.699951171875,1738.300048828125,-3.39990234375,-0.0019520597342053262,1713.714518779091,1779.0138610289205,CLOSE,2022-11-21,2022-11-22,LONG,UP,0.78,STRONG BUY,594.3497797810052
1736.5,1744.9000244140625,8.4000244140625,0.004837330500467895,1710.0528206255065,1771.7629058326581,CLOSE,2022-11-22,2022-11-23,LONG,UP,0.8575,STRONG BUY,597.2248460986862
1753.0,1753.300048828125,0.300048828125,0.0001711630508414147,1726.899045107892,1787.8012731894773,CLOSE,2022-11-23,2022-11-25,LONG,UP,0.82,STRONG BUY,597.3270689253827
1741.300048828125,1740.0999755859375,1.2000732421875,0.0006891823399391366,1766.9295069422253,1707.1274380093246,CLOSE,2022-11-25,2022-11-28,SHORT,DOWN,0.745,STRONG SELL,597.7387361924536
1739.5,1748.4000244140625,8.9000244140625,0.005116426797391492,1714.2869239038155,1773.1174347949127,CLOSE,2022-11-28,2022-11-29,LONG,UP,0.7325,STRONG BUY,600.7970226801476
1748.0999755859375,1746.0,2.0999755859375,0.001201290323932199,1773.6871098278746,1713.983796596688,CLOSE,2022-11-29,2022-11-30,SHORT,DOWN,0.7225,STRONG SELL,601.5187543301406
1768.699951171875,1801.0999755859375,32.4000244140625,0.018318553349083007,1742.3368927156343,1803.8506957801958,CLOSE,2022-11-30,2022-12-01,LONG,UP,0.82,STRONG BUY,612.5377077218113
1802.0,1795.9000244140625,6.0999755859375,0.0033851140876456714,1832.6621204777814,1761.1171726962914,CLOSE,2022-12-01,2022-12-02,SHORT,DOWN,0.8525,STRONG SELL,614.6112177454347
1795.699951171875,1767.4000244140625,28.2999267578125,0.01575983044346799,1826.6254942313217,1754.4658937592794,CLOSE,2022-12-02,2022-12-05,SHORT,DOWN,0.8475,STRONG SELL,624.2973863257562
1768.5999755859375,1769.300048828125,0.7000732421875,0.00039583470080935946,1735.201262262322,1813.1315933507583,CLOSE,2022-12-05,2022-12-06,LONG,UP,0.83,STRONG BUY,624.5445048948884
1769.300048828125,1785.5,16.199951171875,0.009156135604362214,1737.0012435990534,1812.3651224668872,CLOSE,2022-12-06,2022-12-07,LONG,UP,0.8925,STRONG BUY,630.2629190726652
1782.0,1788.699951171875,6.699951171875,0.0037597930257435466,1749.7582522872906,1824.9889969502792,CLOSE,2022-12-07,2022-12-08,LONG,UP,0.8825,STRONG BUY,632.6325772001794
1794.9000244140625,1798.0999755859375,3.199951171875,0.0017828018989077736,1764.0076846364684,1836.0898107841879,CLOSE,2022-12-08,2022-12-09,LONG,UP,0.8325,STRONG BUY,633.7604357601227
1787.300048828125,1780.5,6.800048828125,0.003804648711660682,1817.6572319419176,1746.8238046764016,CLOSE,2022-12-09,2022-12-12,SHORT,DOWN,0.84,STRONG SELL,636.171671585539
1780.699951171875,1813.9000244140625,33.2000732421875,0.018644394986554923,1750.3254213789894,1821.1993242290557,CLOSE,2022-12-12,2022-12-13,LONG,UP,0.8425,STRONG BUY,648.0327075098367
1810.800048828125,1807.5,3.300048828125,0.0018224258554999794,1843.2156888673892,1767.5791954424392,CLOSE,2022-12-13,2022-12-14,SHORT,DOWN,0.86,STRONG SELL,649.2136990712122
1801.0,1777.199951171875,23.800048828125,0.013214907733550805,1832.8145228936025,1758.5806361418634,CLOSE,2022-12-14,2022-12-15,SHORT,DOWN,0.8375,STRONG SELL,657.7929982037955
1777.9000244140625,1790.0,12.0999755859375,0.006805768277057792,1744.854401244445,1821.9608553068858,CLOSE,2022-12-15,2022-12-16,LONG,UP,0.8325,STRONG BUY,662.2697849238416
1791.5999755859375,1787.699951171875,3.9000244140625,0.002176838840817135,1823.8066335193882,1748.6577650080033,CLOSE,2022-12-16,2022-12-19,SHORT,DOWN,0.7025,STRONG SELL,663.7114395147635
1786.5,1815.9000244140625,29.4000244140625,0.016456772691890567,1755.4473812144186,1827.9034917141087,CLOSE,2022-12-19,2022-12-20,LONG,UP,0.8675,STRONG BUY,674.6339878078653
1817.4000244140625,1815.9000244140625,1.5,0.0008253548915207077,1849.973887330752,1773.9682071918098,CLOSE,2022-12-20,2022-12-21,SHORT,DOWN,0.81,STRONG SELL,675.1908002696887
1818.0999755859373,1787.0,31.099975585937273,0.017105756561002303,1849.0971340085775,1776.770431022417,CLOSE,2022-12-21,2022-12-22,SHORT,DOWN,0.7975,STRONG SELL,686.7404497313303
1794.300048828125,1795.9000244140625,1.5999755859375,0.0008916990148790665,1761.970547194323,1837.4060510065278,CLOSE,2022-12-22,2022-12-23,LONG,UP,0.88,STRONG BUY,687.3528155138333
1803.4000244140625,1814.800048828125,11.4000244140625,0.006321406376694738,1771.6869105225187,1845.6841762694544,CLOSE,2022-12-23,2022-12-27,LONG,UP,0.865,STRONG BUY,691.6978519848616
1803.199951171875,1807.9000244140625,-4.7000732421875,-0.0026065180620335458,1835.9049881155295,1759.5932352470022,CLOSE,2022-12-27,2022-12-28,SHORT,DOWN,0.745,STRONG SELL,689.8949290401932
1805.800048828125,1819.5,13.699951171875,0.007586637945195312,1774.1775066759255,1847.9634383643909,CLOSE,2022-12-28,2022-12-29,LONG,UP,0.92,STRONG BUY,695.1289120870473
1817.0,1819.699951171875,2.699951171875,0.0014859390048844248,1786.1683589473996,1858.1088547368004,CLOSE,2022-12-29,2022-12-30,LONG,UP,0.9175,STRONG BUY,696.1618312509404
1836.199951171875,1839.699951171875,3.5,0.001906110496172422,1806.9812844801747,1875.1581734274753,CLOSE,2022-12-30,2023-01-03,LONG,UP,0.8825,STRONG BUY,697.4887926245224
1845.5999755859373,1852.800048828125,7.200073242187727,0.0039012100874686365,1816.3254993722155,1884.6326105375663,CLOSE,2023-01-03,2023-01-04,LONG,UP,0.88,STRONG BUY,700.2098429382055
1855.199951171875,1834.800048828125,20.39990234375,0.010996066667026369,1884.4619674146948,1816.183929514782,CLOSE,2023-01-04,2023-01-05,SHORT,DOWN,0.7625,STRONG SELL,707.9093970520621
1838.4000244140625,1864.199951171875,25.7999267578125,0.014033902532195348,1809.0424483660424,1877.5434591447558,CLOSE,2023-01-05,2023-01-06,LONG,UP,0.815,STRONG BUY,717.844128531916
1867.0,1872.699951171875,5.699951171875,0.0030530000920594535,1836.1608327042939,1908.1188897276081,CLOSE,2023-01-06,2023-01-09,LONG,UP,0.795,STRONG BUY,720.0357067224082
1877.800048828125,1871.5999755859373,6.200073242187727,0.003301774992527556,1908.1292808342941,1837.3610728198996,CLOSE,2023-01-09,2023-01-10,SHORT,DOWN,0.6975,STRONG SELL,722.4131026125912
1873.0999755859373,1874.5999755859373,1.5,0.0008008114994133053,1844.240688723066,1911.5790247364323,CLOSE,2023-01-10,2023-01-11,LONG,UP,0.865,STRONG BUY,722.9916193324902
1877.199951171875,1895.5,18.300048828125,0.009748587952338733,1849.737748380403,1913.8162215605043,CLOSE,2023-01-11,2023-01-12,LONG,UP,0.885,STRONG BUY,730.0397667223568
1899.0,1918.4000244140625,19.4000244140625,0.010215915963171406,1871.0565207477625,1936.2579723363165,CLOSE,2023-01-12,2023-01-13,LONG,UP,0.9075,STRONG BUY,737.4977916289657
1920.0999755859373,1907.199951171875,12.900024414062273,0.006718412883748776,1948.7689232216644,1881.8747120716343,CLOSE,2023-01-13,2023-01-17,SHORT,DOWN,0.7425,STRONG SELL,742.4526062939821
1911.0999755859373,1904.4000244140625,6.699951171874773,0.0035058088312834544,1939.3175724349048,1873.476513120647,CLOSE,2023-01-17,2023-01-18,SHORT,DOWN,0.715,STRONG SELL,745.0555031979369
1922.0999755859373,1922.0999755859373,0.0,0.0,1895.040778511896,1958.1789050179925,CLOSE,2023-01-18,2023-01-19,LONG,UP,0.8725,STRONG BUY,745.0555031979369
1922.0999755859373,1926.4000244140625,4.300048828125227,0.0022371618972704013,1894.037861401392,1959.5161278319974,CLOSE,2023-01-19,2023-01-20,LONG,UP,0.915,STRONG BUY,746.7223129810429
1926.5,1927.0999755859373,0.5999755859372726,0.0003114329540292098,1899.6816108730004,1962.2578521693326,CLOSE,2023-01-20,2023-01-23,LONG,UP,0.915,STRONG BUY,746.9548669168141
1931.800048828125,1933.9000244140625,2.0999755859375,0.0010870563893045733,1905.6008329688464,1966.7323366404964,CLOSE,2023-01-23,2023-01-24,LONG,UP,0.915,STRONG BUY,747.7668489774182
1941.199951171875,1941.199951171875,0.0,0.0,1915.8328143123106,1975.022800317961,CLOSE,2023-01-24,2023-01-25,LONG,UP,0.84,STRONG BUY,747.7668489774182
1936.5999755859373,1929.0999755859373,7.5,0.0038727667533563826,1960.9373091081557,1904.1501975563128,CLOSE,2023-01-25,2023-01-26,SHORT,DOWN,0.765,STRONG SELL,750.6627755694001
1928.5999755859373,1928.5999755859373,0.0,0.0,1952.7096398122048,1896.4537566175807,CLOSE,2023-01-26,2023-01-27,SHORT,DOWN,0.82,STRONG SELL,750.6627755694001
1928.300048828125,1922.9000244140625,5.4000244140625,0.0028004067195581033,1950.741165609659,1898.3785597860797,CLOSE,2023-01-27,2023-01-30,SHORT,DOWN,0.7725,STRONG SELL,752.7649366502268
1923.0,1900.73682797881,-22.26317202119003,-0.011577312543520556,1900.73682797881,1952.6842293615869,SL,2023-01-30,2023-01-31,LONG,UP,0.68,STRONG BUY,744.0499417068237
1927.199951171875,1951.065758994565,-23.86580782268993,-0.012383669794189138,1951.065758994565,1895.378874074955,SL,2023-01-31,2023-02-01,SHORT,DOWN,0.8575,STRONG SELL,734.8358729183407
1952.300048828125,1918.0376200952708,34.26242873285423,0.01754977609790072,1977.9968703777656,1918.0376200952708,TP,2023-02-01,2023-02-02,SHORT,DOWN,0.865,STRONG SELL,747.732077956763
1912.4000244140625,1873.7563510538675,38.64367336019495,0.02020689859174988,1941.3827794342087,1873.7563510538675,TP,2023-02-02,2023-02-03,SHORT,DOWN,0.785,STRONG SELL,762.8414242298337
1865.5999755859373,1866.199951171875,0.5999755859377274,0.0003215992676829289,1832.7409887815159,1909.4119579918327,CLOSE,2023-02-03,2023-02-06,LONG,UP,0.905,STRONG BUY,763.0867534732241
1870.0,1871.699951171875,1.699951171875,0.0009090647977941177,1837.6559434402582,1913.1254087463224,CLOSE,2023-02-06,2023-02-07,LONG,UP,0.8625,STRONG BUY,763.7804487784696
1872.0999755859373,1877.4000244140625,5.300048828125227,0.002831071469068524,1841.0483516376055,1913.5021408503796,CLOSE,2023-02-07,2023-02-08,LONG,UP,0.7975,STRONG BUY,765.9427658156386
1875.300048828125,1866.199951171875,9.10009765625,0.004852608872876984,1905.0658503418103,1835.6123134765446,CLOSE,2023-02-08,2023-02-09,SHORT,DOWN,0.78,STRONG SELL,769.6595864771516
1861.5999755859373,1862.800048828125,-1.2000732421877274,-0.0006446461419886972,1891.8967834298392,1821.204231794068,CLOSE,2023-02-09,2023-02-10,SHORT,DOWN,0.7525,STRONG SELL,769.1634283940845
1859.0,1851.9000244140625,7.0999755859375,0.0038192445325107584,1888.6113137219602,1819.5182483707197,CLOSE,2023-02-10,2023-02-13,SHORT,DOWN,0.7925,STRONG SELL,772.1010516125857
1854.0999755859373,1854.0,-0.09997558593727263,-5.39213565901041e-05,1825.2323218982465,1892.5901805028584,CLOSE,2023-02-13,2023-02-14,LONG,UP,0.7325,STRONG BUY,772.0594188764582
1842.0,1834.199951171875,7.800048828125,0.0042345541955076,1870.4985407987263,1804.0019456016983,CLOSE,2023-02-14,2023-02-15,SHORT,DOWN,0.7825,STRONG SELL,775.3287463278426
1838.5999755859373,1842.0,3.4000244140627274,0.0018492464153216281,1809.3727538983924,1877.5696045026639,CLOSE,2023-02-15,2023-02-16,LONG,UP,0.705,STRONG BUY,776.7625202326852
1827.4000244140625,1840.4000244140625,-13.0,-0.0071139322678778665,1856.3074445524971,1788.8567975628164,CLOSE,2023-02-16,2023-02-17,SHORT,DOWN,0.84,STRONG SELL,771.2366842755239
1842.5999755859373,1833.0,9.599975585937273,0.005210016125656644,1871.9925721528207,1803.4098468300926,CLOSE,2023-02-17,2023-02-21,SHORT,DOWN,0.8675,STRONG SELL,775.2548398372974
1835.699951171875,1832.0,3.699951171875,0.0020155533422077086,1864.0645051268382,1797.8805458985908,CLOSE,2023-02-21,2023-02-22,SHORT,DOWN,0.8975,STRONG SELL,776.8174073207941
1826.4000244140625,1818.0,8.4000244140625,0.004599224869566763,1853.9278218993074,1789.696294433736,CLOSE,2023-02-22,2023-02-23,SHORT,DOWN,0.91,STRONG SELL,780.3901652596563
1808.800048828125,1808.800048828125,0.0,0.0,1835.8615750644237,1772.7180138463932,CLOSE,2023-02-23,2023-02-24,SHORT,DOWN,0.8225,STRONG SELL,780.3901652596563
1811.5999755859373,1817.0,5.400024414062727,0.0029808039781608867,1785.4857064552446,1846.4190010935274,CLOSE,2023-02-24,2023-02-27,LONG,UP,0.845,STRONG BUY,782.71635536878
1808.0999755859373,1828.9000244140625,20.800048828125227,0.011503815667817104,1782.9188737675931,1841.674778010396,CLOSE,2023-02-27,2023-02-28,LONG,UP,0.9125,STRONG BUY,791.7205800411281
1827.0999755859373,1837.699951171875,10.599975585937727,0.005801530144806879,1801.371092710254,1861.405152753515,CLOSE,2023-02-28,2023-03-01,LONG,UP,0.9075,STRONG BUY,796.3137708525006
1830.0,1833.5,-3.5,-0.001912568306010929,1855.4553886259134,1796.0594818321154,CLOSE,2023-03-01,2023-03-02,SHORT,DOWN,0.765,STRONG SELL,794.7907663727281
1837.300048828125,1847.699951171875,10.39990234375,0.0056604267497752,1812.8379074785043,1869.9162372942858,CLOSE,2023-03-02,2023-03-03,LONG,UP,0.8475,STRONG BUY,799.2896212871786
1853.300048828125,1847.9000244140625,-5.4000244140625,-0.0029137345663358895,1828.2387721019707,1886.7150844629975,CLOSE,2023-03-03,2023-03-06,LONG,UP,0.7825,STRONG BUY,796.9607034891206
1840.9000244140625,1813.9000244140625,27.0,0.014666738900497214,1865.1997918372326,1808.5003345165023,CLOSE,2023-03-06,2023-03-07,SHORT,DOWN,0.775,STRONG SELL,808.6495180411522
1811.5999755859373,1812.699951171875,-1.0999755859377274,-0.000607184588629703,1837.806902478881,1776.6574063953456,CLOSE,2023-03-07,2023-03-08,SHORT,DOWN,0.8225,STRONG SELL,808.1585185161947
1816.4000244140625,1829.300048828125,12.9000244140625,0.007101973266171813,1791.8078753976795,1849.1895564359065,CLOSE,2023-03-08,2023-03-09,LONG,UP,0.7675,STRONG BUY,813.8980387095258
1852.300048828125,1862.0,9.699951171875,0.005236706211832022,1827.6858999925996,1885.1189139421588,CLOSE,2023-03-09,2023-03-10,LONG,UP,0.7725,STRONG BUY,818.1601836246339
1890.800048828125,1911.699951171875,20.89990234375,0.011053470385037956,1863.7440587124363,1926.8747023157098,CLOSE,2023-03-10,2023-03-13,LONG,UP,0.7875,STRONG BUY,827.203692984546
1912.199951171875,1906.199951171875,6.0,0.0031377471777064695,1942.798367949222,1871.4020621354123,CLOSE,2023-03-13,2023-03-14,SHORT,DOWN,0.8625,STRONG SELL,829.7992490375967
1903.9000244140625,1926.5999755859373,22.699951171874773,0.011922869310777403,1874.2979257366042,1943.3694893173404,CLOSE,2023-03-14,2023-03-15,LONG,UP,0.865,STRONG BUY,839.6928370380532
1909.9000244140625,1919.0,-9.0999755859375,-0.004764634519929533,1940.3983991416244,1869.2355247773135,CLOSE,2023-03-15,2023-03-16,SHORT,DOWN,0.7275,STRONG SELL,835.6920075605642
1946.0,1969.800048828125,23.800048828125,0.012230240918872046,1915.344374171784,1986.8741677709545,CLOSE,2023-03-16,2023-03-17,LONG,UP,0.8175,STRONG BUY,845.9127221470059
1988.300048828125,1979.199951171875,-9.10009765625,-0.004576823131706638,1952.751970317717,2035.6974868420025,CLOSE,2023-03-17,2023-03-20,LONG,UP,0.8575,STRONG BUY,842.0411292328786
1973.800048828125,1938.0,35.800048828125,0.018137626883422173,2010.558978873504,1924.788142100953,CLOSE,2023-03-20,2023-03-21,SHORT,DOWN,0.7325,STRONG SELL,857.3137570554
1946.800048828125,1946.800048828125,0.0,0.0,1908.2524761604293,1998.1968123850525,CLOSE,2023-03-21,2023-03-22,LONG,UP,0.8625,STRONG BUY,857.3137570554
1990.5,1993.800048828125,3.300048828125,0.0016578994363853302,1950.848682522854,2043.3684233028612,CLOSE,2023-03-22,2023-03-23,LONG,UP,0.88,STRONG BUY,858.7350970500275
1991.699951171875,1982.0999755859373,9.599975585937727,0.004819990872766402,2033.640452410419,1935.7792828538163,CLOSE,2023-03-23,2023-03-24,SHORT,DOWN,0.865,STRONG SELL,862.8741923799329
1957.199951171875,1952.4000244140625,4.7999267578125,0.002452445778439009,1997.5697075535363,1903.3736093296598,CLOSE,2023-03-24,2023-03-27,SHORT,DOWN,0.8825,STRONG SELL,864.9903445503589
1972.4000244140625,1972.4000244140625,0.0,0.0,1931.7316844341046,2026.624477720673,CLOSE,2023-03-27,2023-03-28,LONG,UP,0.7925,STRONG BUY,864.9903445503589
1966.0999755859373,1966.0999755859373,0.0,0.0,2006.0062912816124,1912.8915546583703,CLOSE,2023-03-28,2023-03-29,SHORT,DOWN,0.8175,STRONG SELL,864.9903445503589
1965.9000244140625,1980.300048828125,14.4000244140625,0.0073249016914552585,1928.169154607922,2016.2078508222496,CLOSE,2023-03-29,2023-03-30,LONG,UP,0.79,STRONG BUY,871.3263137882483
1981.300048828125,1969.0,12.300048828125,0.006208069714327258,2019.4965707909696,1930.3713528776655,CLOSE,2023-03-30,2023-03-31,SHORT,DOWN,0.7375,STRONG SELL,876.7355682881735
1968.0999755859373,1983.9000244140625,15.800048828125227,0.008028072264683241,1930.6174856745681,2018.0766288010961,CLOSE,2023-03-31,2023-04-03,LONG,UP,0.81,STRONG BUY,883.7740647874091
1984.5999755859373,2022.199951171875,37.59997558593773,0.01894587123273376,1945.3269544712507,2036.9640037388526,CLOSE,2023-04-03,2023-04-04,LONG,UP,0.795,STRONG BUY,900.517934417701
2022.0999755859373,2020.9000244140625,1.1999511718747726,0.0005934183207371173,2063.7213497194966,1966.6048100745247,CLOSE,2023-04-04,2023-04-05,SHORT,DOWN,0.9275,STRONG SELL,901.0523182581369
2022.199951171875,2011.9000244140625,10.2999267578125,0.005093426469446625,2063.012663571843,1967.783001305251,CLOSE,2023-04-05,2023-04-06,SHORT,DOWN,0.96,STRONG SELL,905.6417619863091
2000.0,1989.0999755859373,10.900024414062727,0.005450012207031364,2039.8582381744122,1946.855682434117,CLOSE,2023-04-06,2023-04-10,SHORT,DOWN,0.855,STRONG SELL,910.5775206443319
1991.4000244140625,2004.800048828125,13.4000244140625,0.006728946595250365,1951.39951492203,2044.7340370701056,CLOSE,2023-04-10,2023-04-11,LONG,UP,0.7825,STRONG BUY,916.7047481515832
2005.199951171875,2010.9000244140625,5.7000732421875,0.0028426458113846825,1966.1923325991954,2057.2101092687813,CLOSE,2023-04-11,2023-04-12,LONG,UP,0.775,STRONG BUY,919.3106150641927
2015.5999755859373,2041.300048828125,25.700073242187727,0.01275058223530524,1977.1393402316187,2066.880822725029,CLOSE,2023-04-12,2023-04-13,LONG,UP,0.755,STRONG BUY,931.0323606613578
2041.0,2002.199951171875,38.800048828125,0.019010312997611464,2080.7527406763875,1987.9963457648169,CLOSE,2023-04-13,2023-04-14,SHORT,DOWN,0.91,STRONG SELL,948.7315772484352
2002.699951171875,1994.199951171875,8.5,0.004244270338662687,2045.2703584601052,1945.9394081209014,CLOSE,2023-04-14,2023-04-17,SHORT,DOWN,0.805,STRONG SELL,952.7582505411034
1996.9000244140625,2007.4000244140625,10.5,0.005258150068419648,1954.7560721734849,2053.091960734833,CLOSE,2023-04-17,2023-04-18,LONG,UP,0.8,STRONG BUY,957.7679964013735
2005.699951171875,1995.199951171875,10.5,0.00523508014938383,2046.2479146712171,1951.6359998394187,CLOSE,2023-04-18,2023-04-19,SHORT,DOWN,0.7875,STRONG SELL,962.7819886270495
1998.0,2007.5999755859373,9.599975585937273,0.004804792585554191,1956.3197507949747,2053.5736656067006,CLOSE,2023-04-19,2023-04-20,LONG,UP,0.7975,STRONG BUY,967.4079563875098
1996.199951171875,1979.5,16.699951171875,0.008365870944977854,2036.2316137637624,1942.8244010493586,CLOSE,2023-04-20,2023-04-21,SHORT,DOWN,0.7975,STRONG SELL,975.5011665017925
1981.300048828125,1989.0999755859373,7.799926757812273,0.003936772101946738,1940.538504992801,2035.6487739418903,CLOSE,2023-04-21,2023-04-24,LONG,UP,0.8075,STRONG BUY,979.3414922794932
1995.699951171875,1994.0,-1.699951171875,-0.0008518069917658657,1956.5213721375674,2047.9380565509516,CLOSE,2023-04-24,2023-04-25,LONG,UP,0.835,STRONG BUY,978.5072823490431
1997.800048828125,1985.699951171875,12.10009765625,0.006056711062424744,2035.9801500840333,1946.8932471535807,CLOSE,2023-04-25,2023-04-26,SHORT,DOWN,0.69,STRONG SELL,984.4338182307097
1990.5999755859373,1989.9000244140625,-0.6999511718747726,-0.00035162824297169023,1953.7327308580736,2039.7563018897554,CLOSE,2023-04-26,2023-04-27,LONG,UP,0.855,STRONG BUY,984.0876634968834
1986.9000244140625,1990.0999755859373,3.1999511718747726,0.001610524501764219,1950.2661516938253,2035.7451880410454,CLOSE,2023-04-27,2023-04-28,LONG,UP,0.8175,STRONG BUY,985.6725607908289
1980.0999755859373,1983.4000244140625,-3.3000488281252274,-0.0016666071758062115,2015.4457171562356,1932.972320158873,CLOSE,2023-04-28,2023-05-01,SHORT,DOWN,0.7075,STRONG SELL,984.0298318280196
1994.699951171875,2014.300048828125,19.60009765625,0.00982608820175438,1958.8681937581048,2042.4756277235688,CLOSE,2023-05-01,2023-05-02,LONG,UP,0.7575,STRONG BUY,993.6989957487193
2017.0999755859373,2028.5999755859373,11.5,0.005701254344946101,1980.1204891746572,2066.405957467644,CLOSE,2023-05-02,2023-05-03,LONG,UP,0.87,STRONG BUY,999.3643264658003
2045.0,2048.0,3.0,0.001466992665036675,2008.4333418940457,2093.7555441412724,CLOSE,2023-05-03,2023-05-04,LONG,UP,0.805,STRONG BUY,1000.8303866024249
2046.4000244140625,2017.4000244140625,29.0,0.014171227352434895,2085.004780985384,1994.9270156523007,CLOSE,2023-05-04,2023-05-05,SHORT,DOWN,0.815,STRONG SELL,1015.0133815521931
2022.5,2026.300048828125,3.800048828125,0.0018788869360321385,1981.970588415358,2076.5392154461897,CLOSE,2023-05-05,2023-05-08,LONG,UP,0.6975,STRONG BUY,1016.9204769346894
2026.5999755859373,2036.199951171875,9.599975585937727,0.004736985937820388,1988.0119479272628,2078.0506791308367,CLOSE,2023-05-08,2023-05-09,LONG,UP,0.715,STRONG BUY,1021.7376149338106
2032.300048828125,2030.5,1.800048828125,0.0008857200142090008,2069.353219984115,1982.8958206201382,CLOSE,2023-05-09,2023-05-10,SHORT,DOWN,0.935,STRONG SELL,1022.6425883886276
2034.0999755859373,2014.699951171875,19.400024414062273,0.009537399659264022,2070.092211176656,1986.110328131646,CLOSE,2023-05-10,2023-05-11,SHORT,DOWN,0.935,STRONG SELL,1032.3959394626743
2014.5,2014.5,0.0,0.0,2050.524938280109,1966.4667489598546,CLOSE,2023-05-11,2023-05-12,SHORT,DOWN,0.77,STRONG SELL,1032.3959394626743
2013.800048828125,2018.0,4.199951171875,0.00208558499853004,1980.3268970853228,2058.430917818528,CLOSE,2023-05-12,2023-05-15,LONG,UP,0.685,STRONG BUY,1034.549088946561
1988.4000244140625,1988.4000244140625,0.0,0.0,2019.9322315150798,1946.3570816127062,CLOSE,2023-05-15,2023-05-16,SHORT,DOWN,0.815,STRONG SELL,1034.549088946561
1983.5999755859373,1980.699951171875,2.9000244140622726,0.0014620006300441863,2016.0513081353752,1940.3315321866867,CLOSE,2023-05-16,2023-05-17,SHORT,DOWN,0.89,STRONG SELL,1036.0616003664122
1956.5,1956.5,0.0,0.0,1987.4583880718553,1915.2221492375263,CLOSE,2023-05-17,2023-05-18,SHORT,DOWN,0.925,STRONG SELL,1036.0616003664122
1960.0,1978.699951171875,18.699951171875,0.00954079141422194,1928.6600734505764,2001.7865687325648,CLOSE,2023-05-18,2023-05-19,LONG,UP,0.7775,STRONG BUY,1045.9464479877931
1980.5,1974.800048828125,5.699951171875,0.002878036441239586,2011.9799265643085,1938.526764580922,CLOSE,2023-05-19,2023-05-22,SHORT,DOWN,0.8625,STRONG SELL,1048.956719980687
1972.4000244140625,1972.4000244140625,0.0,0.0,2002.2420938493356,1932.610598500365,CLOSE,2023-05-22,2023-05-23,SHORT,DOWN,0.9375,STRONG SELL,1048.956719980687
1975.4000244140625,1962.800048828125,12.5999755859375,0.006378442558577405,2003.367662934037,1938.1098397207631,CLOSE,2023-05-23,2023-05-24,SHORT,DOWN,0.9,STRONG SELL,1055.6474301655176
1943.0999755859373,1943.0999755859373,0.0,0.0,1970.419923024407,1906.6733790013109,CLOSE,2023-05-24,2023-05-25,SHORT,DOWN,0.8425,STRONG SELL,1055.6474301655176
1948.199951171875,1944.0999755859373,-4.099975585937727,-0.0021044942453014247,1920.7207064173474,1984.8389441779118,CLOSE,2023-05-25,2023-05-26,LONG,UP,0.87,STRONG BUY,1053.425826223667
1942.699951171875,1958.0,15.300048828125,0.007875662332155673,1916.6156472396574,1977.4790230814986,CLOSE,2023-05-26,2023-05-30,LONG,UP,0.94,STRONG BUY,1061.7222523229766
1958.199951171875,1963.9000244140625,5.7000732421875,0.0029108739578796944,1930.5931001363224,1995.009085885945,CLOSE,2023-05-30,2023-05-31,LONG,UP,0.9375,STRONG BUY,1064.8127919777648
1963.199951171875,1978.0,14.800048828125,0.007538737365641509,1935.4221609245762,2000.23700483494,CLOSE,2023-05-31,2023-06-01,LONG,UP,0.845,STRONG BUY,1072.8401359600607
1977.0999755859373,1952.4000244140625,24.699951171874773,0.012493020826908181,2005.9686327268441,1938.6084327313947,CLOSE,2023-06-01,2023-06-02,SHORT,DOWN,0.825,STRONG SELL,1086.2431501225528
1947.5,1958.0,10.5,0.005391527599486521,1916.9326781278073,1988.2564291629235,CLOSE,2023-06-02,2023-06-05,LONG,UP,0.8225,STRONG BUY,1092.0996600461917
1960.800048828125,1965.5,4.699951171875,0.0023969558623195327,1929.83396684831,2002.088158134545,CLOSE,2023-06-05,2023-06-06,LONG,UP,0.8625,STRONG BUY,1094.7173747285767
1959.0,1942.699951171875,16.300048828125,0.008320596645290964,1988.5577904098282,1919.5896127868957,CLOSE,2023-06-06,2023-06-07,SHORT,DOWN,0.865,STRONG SELL,1103.826076444285
1943.199951171875,1963.5999755859373,20.400024414062273,0.010498160213394274,1912.7855665153716,1983.752464047213,CLOSE,2023-06-07,2023-06-08,LONG,UP,0.82,STRONG BUY,1115.4142194425194
1965.0999755859373,1962.199951171875,2.9000244140622726,0.001475764312295392,1996.1597665699896,1923.6869209405343,CLOSE,2023-06-08,2023-06-09,SHORT,DOWN,0.7775,STRONG SELL,1117.0603079409996
1959.699951171875,1955.300048828125,4.39990234375,0.0022451918423118376,1989.5590427999236,1919.8878290011437,CLOSE,2023-06-09,2023-06-12,SHORT,DOWN,0.94,STRONG SELL,1119.568322631759
1960.5999755859373,1944.5999755859373,16.0,0.008160767213729207,1989.6227009104757,1921.9030084865528,CLOSE,2023-06-12,2023-06-13,SHORT,DOWN,0.85,STRONG SELL,1128.704859092622
1946.199951171875,1955.300048828125,9.10009765625,0.004675828735259454,1916.3359971735313,1986.018556503,CLOSE,2023-06-13,2023-06-14,LONG,UP,0.77,STRONG BUY,1133.9824897063943
1941.699951171875,1957.800048828125,16.10009765625,0.008291753649441616,1912.051290065154,1981.2314993141695,CLOSE,2023-06-14,2023-06-15,LONG,UP,0.76,STRONG BUY,1143.3851931538202
1961.4000244140625,1958.4000244140625,-3.0,-0.0015295197117661927,1930.354833869094,2002.793611807354,CLOSE,2023-06-15,2023-06-16,LONG,UP,0.795,STRONG BUY,1141.63636296275
1958.5999755859373,1935.5,23.099975585937273,0.011794126352435317,1988.4347979934862,1918.820212375872,CLOSE,2023-06-16,2023-06-20,SHORT,DOWN,0.8475,STRONG SELL,1155.1009664760672
1935.5999755859373,1933.300048828125,2.2999267578122726,0.0011882242130717366,1966.2287314027126,1894.7616344969035,CLOSE,2023-06-20,2023-06-21,SHORT,DOWN,0.775,STRONG SELL,1156.4734854129765
1920.0,1912.699951171875,7.300048828125,0.0038021087646484377,1950.2409927757333,1879.6786762990223,CLOSE,2023-06-21,2023-06-22,SHORT,DOWN,0.815,STRONG SELL,1160.8705233879489
1918.699951171875,1919.0999755859373,0.4000244140622726,0.00020848721751306226,1888.3475928898883,1959.169762214524,CLOSE,2023-06-22,2023-06-23,LONG,UP,0.8275,STRONG BUY,1161.1125500532628
1922.9000244140625,1923.699951171875,0.7999267578125,0.0004160001807978811,1892.5942579206328,1963.3077130719687,CLOSE,2023-06-23,2023-06-26,LONG,UP,0.7225,STRONG BUY,1161.5955730840114
1927.0,1914.0,13.0,0.006746237675142709,1956.1482143596913,1888.135714187078,CLOSE,2023-06-26,2023-06-27,SHORT,DOWN,0.8325,STRONG SELL,1169.4319729024298
1912.300048828125,1912.300048828125,0.0,0.0,1941.0162504922023,1874.0117799426887,CLOSE,2023-06-27,2023-06-28,SHORT,DOWN,0.8425,STRONG SELL,1169.4319729024298
1909.9000244140625,1909.199951171875,0.7000732421875,0.0003665496796892681,1936.747206441978,1874.103781710175,CLOSE,2023-06-28,2023-06-29,SHORT,DOWN,0.7625,STRONG SELL,1169.8606278175155
1908.5999755859373,1921.0999755859373,12.5,0.006549303237920518,1881.5490156141452,1944.6679222149933,CLOSE,2023-06-29,2023-06-30,LONG,UP,0.835,STRONG BUY,1177.5223998151964
1917.9000244140625,1921.699951171875,3.7999267578125,0.0019812955364935745,1890.5848472973985,1954.3202605696147,CLOSE,2023-06-30,2023-07-03,LONG,UP,0.7875,STRONG BUY,1179.8554196900714
1923.5,1919.5999755859373,3.9000244140627274,0.0020275666306538744,1950.106947563967,1888.0240699147105,CLOSE,2023-07-03,2023-07-05,SHORT,DOWN,0.8325,STRONG SELL,1182.247655168031
1909.300048828125,1908.699951171875,0.60009765625,0.0003143024359205999,1936.063650842043,1873.6152461429008,CLOSE,2023-07-05,2023-07-06,SHORT,DOWN,0.8275,STRONG SELL,1182.6192384859119
1913.4000244140625,1926.199951171875,12.7999267578125,0.006689624017190133,1886.7909627853462,1948.878773252351,CLOSE,2023-07-06,2023-07-07,LONG,UP,0.8275,STRONG BUY,1190.5305165468783
1923.5999755859373,1925.0,-1.4000244140627274,-0.0007278147389434612,1951.0298211426807,1887.0268481769463,CLOSE,2023-07-07,2023-07-10,SHORT,DOWN,0.76,STRONG SELL,1189.6640308897736
1925.0,1931.300048828125,6.300048828125,0.003272752637987013,1898.040153874765,1960.9464615003133,CLOSE,2023-07-10,2023-07-11,LONG,UP,0.8,STRONG BUY,1193.5575069851864
1932.300048828125,1956.199951171875,23.89990234375,0.012368628960209615,1905.8944721945363,1967.5074843395764,CLOSE,2023-07-11,2023-07-12,LONG,UP,0.8675,STRONG BUY,1208.3201769317589
1961.0999755859373,1959.199951171875,-1.9000244140622726,-0.0009688564773423056,1933.7198025149041,1997.6068730139816,CLOSE,2023-07-12,2023-07-13,LONG,UP,0.9025,STRONG BUY,1207.1494881016351
1958.4000244140625,1960.0999755859373,1.6999511718747726,0.0008680306120724157,1932.1077234638956,1993.4564256809517,CLOSE,2023-07-13,2023-07-14,LONG,UP,0.7375,STRONG BUY,1208.197330810655
1954.0,1952.4000244140625,1.5999755859375,0.0008188206683405834,1979.2607106409475,1920.3190524787367,CLOSE,2023-07-14,2023-07-17,SHORT,DOWN,0.7525,STRONG SELL,1209.1866277565568
1968.800048828125,1977.199951171875,8.39990234375,0.004266508601901861,1943.8972460901023,2002.0037858121552,CLOSE,2023-07-17,2023-07-18,LONG,UP,0.8025,STRONG BUY,1214.3456329051849
1977.0,1977.5,0.5,0.00025290844714213456,1951.0902546004074,2011.5463271994565,CLOSE,2023-07-18,2023-07-19,LONG,UP,0.7225,STRONG BUY,1214.6527511734967
1973.699951171875,1968.300048828125,5.39990234375,0.0027359287010894607,1998.2411433286395,1940.9783616295224,CLOSE,2023-07-19,2023-07-20,SHORT,DOWN,0.845,STRONG SELL,1217.9759544972896
1961.800048828125,1964.300048828125,-2.5,-0.0012743398602183577,1985.8633013037702,1929.7157121939315,CLOSE,2023-07-20,2023-07-21,SHORT,DOWN,0.88,STRONG SELL,1216.423839189686
1965.300048828125,1960.300048828125,5.0,0.002544140780427607,1988.3409261269383,1934.5788790963738,CLOSE,2023-07-21,2023-07-24,SHORT,DOWN,0.82,STRONG SELL,1219.518592685253
1953.0,1962.0999755859373,9.099975585937273,0.004659485707085137,1931.047762025544,1982.269650632608,CLOSE,2023-07-24,2023-07-25,LONG,UP,0.72,STRONG BUY,1225.2009221373946
1966.199951171875,1968.9000244140625,2.7000732421875,0.001373244486441081,1944.7978730527373,1994.7360553307253,CLOSE,2023-07-25,2023-07-26,LONG,UP,0.81,STRONG BUY,1226.8834225485025
1945.4000244140625,1945.4000244140625,0.0,0.0,1966.3340995690544,1917.4879242074066,CLOSE,2023-07-26,2023-07-27,SHORT,DOWN,0.8425,STRONG SELL,1226.8834225485025
1945.5,1960.4000244140625,14.9000244140625,0.007658712112085582,1923.5433587846505,1974.775521620466,CLOSE,2023-07-27,2023-07-28,LONG,UP,0.795,STRONG BUY,1236.279769476892
1959.199951171875,1970.5,11.300048828125,0.005767685335723898,1936.8830700433361,1988.9557926765935,CLOSE,2023-07-28,2023-07-31,LONG,UP,0.8075,STRONG BUY,1243.4102421741559
1964.9000244140625,1940.699951171875,24.2000732421875,0.012316185526744046,1987.937125703342,1934.18388936169,CLOSE,2023-07-31,2023-08-01,SHORT,DOWN,0.81,STRONG SELL,1258.7243134026264
1948.4000244140625,1937.4000244140625,11.0,0.005645657905033133,1972.9844808428354,1915.6207491756986,CLOSE,2023-08-01,2023-08-02,SHORT,DOWN,0.915,STRONG SELL,1265.8306402728456
1934.199951171875,1932.0,2.199951171875,0.0011373959401364446,1959.2140919000992,1900.8477635342426,CLOSE,2023-08-02,2023-08-03,SHORT,DOWN,0.86,STRONG SELL,1267.2703909039922
1934.9000244140625,1939.5999755859373,4.699951171874773,0.0024290408354809127,1910.6654625506333,1967.2127735653016,CLOSE,2023-08-03,2023-08-04,LONG,UP,0.705,STRONG BUY,1270.348642433094
1941.0,1933.5,7.5,0.0038639876352395673,1966.1820931588986,1907.423875788135,CLOSE,2023-08-04,2023-08-07,SHORT,DOWN,0.87,STRONG SELL,1275.2572538798988
1931.699951171875,1924.0999755859373,7.599975585937727,0.0039343457980247735,1956.2833181592675,1898.9221285220183,CLOSE,2023-08-07,2023-08-08,SHORT,DOWN,0.88,STRONG SELL,1280.2745568981018
1925.4000244140625,1915.4000244140625,10.0,0.005193725913160928,1949.3524366166412,1893.4634748106241,CLOSE,2023-08-08,2023-08-09,SHORT,DOWN,0.9125,STRONG SELL,1286.923952040224
1921.0999755859373,1914.4000244140625,6.699951171874773,0.003487559865191962,1944.9593688086443,1889.2874512889946,CLOSE,2023-08-09,2023-08-10,SHORT,DOWN,0.9225,STRONG SELL,1291.4121763649139
1913.0,1912.9000244140625,0.0999755859375,5.226115312990068e-05,1936.9122963225918,1881.1169382365442,CLOSE,2023-08-10,2023-08-11,SHORT,DOWN,0.9475,STRONG SELL,1291.4796670544167
1909.300048828125,1910.5999755859373,-1.2999267578122726,-0.0006808394304552243,1932.0186018517259,1879.008644796657,CLOSE,2023-08-11,2023-08-14,SHORT,DOWN,0.95,STRONG SELL,1290.6003767734549
1906.0,1902.5,3.5,0.0018363064008394543,1928.12436804898,1876.5008426013603,CLOSE,2023-08-14,2023-08-15,SHORT,DOWN,0.9075,STRONG SELL,1292.97031450625
1904.5,1896.0999755859373,8.400024414062727,0.004410619277533593,1926.7154820011174,1874.8793573318435,CLOSE,2023-08-15,2023-08-16,SHORT,DOWN,0.8725,STRONG SELL,1298.6731143006898
1893.699951171875,1884.0999755859373,9.599975585937727,0.005069428015772505,1915.8500363698993,1864.166504241176,CLOSE,2023-08-16,2023-08-17,SHORT,DOWN,0.7575,STRONG SELL,1305.2566441696563
1891.800048828125,1886.0999755859373,-5.700073242187727,-0.003013042126581314,1869.2606813855957,1921.8525387514971,CLOSE,2023-08-17,2023-08-18,LONG,UP,0.855,STRONG BUY,1301.323850914773
1893.5999755859373,1893.300048828125,-0.2999267578122726,-0.00015838971360330009,1871.8455551133543,1922.6058695493812,CLOSE,2023-08-18,2023-08-21,LONG,UP,0.905,STRONG BUY,1301.1177346027214
1894.5999755859373,1896.4000244140625,1.8000488281252274,0.0009500944005705118,1873.595870861396,1922.6054485519924,CLOSE,2023-08-21,2023-08-22,LONG,UP,0.9075,STRONG BUY,1302.3539192768503
1909.5999755859373,1918.5,8.900024414062727,0.004660674763222001,1889.6675926274347,1936.176486197274,CLOSE,2023-08-22,2023-08-23,LONG,UP,0.91,STRONG BUY,1308.4237673212074
1920.0,1918.199951171875,1.800048828125,0.0009375254313151042,1940.8764958456743,1892.1646722057676,CLOSE,2023-08-23,2023-08-24,SHORT,DOWN,0.81,STRONG SELL,1309.6504478780082
1919.800048828125,1911.0999755859373,8.700073242187727,0.004531760090066871,1939.4639482908494,1893.5815162111592,CLOSE,2023-08-24,2023-08-25,SHORT,DOWN,0.8175,STRONG SELL,1315.58546950964
1915.5,1917.9000244140625,2.4000244140625,0.0012529493156160272,1896.3085140800931,1941.0886478932093,CLOSE,2023-08-25,2023-08-28,LONG,UP,0.8175,STRONG BUY,1317.2338314232964
1917.9000244140625,1936.5,18.5999755859375,0.009698094451831491,1898.9650705869278,1943.1466295169087,CLOSE,2023-08-28,2023-08-29,LONG,UP,0.8525,STRONG BUY,1330.0084895355874
1936.0,1944.300048828125,8.300048828125,0.004287215303783574,1916.3175454905959,1962.2432726792053,CLOSE,2023-08-29,2023-08-30,LONG,UP,0.84,STRONG BUY,1335.7105222860864
1944.4000244140625,1938.199951171875,6.2000732421875,0.0031886819401043096,1963.9408802615226,1918.3455499507825,CLOSE,2023-08-30,2023-08-31,SHORT,DOWN,0.7575,STRONG SELL,1339.9696783057075
1950.0,1939.800048828125,-10.199951171875,-0.005230744190705129,1931.1906260085527,1975.0791653219296,CLOSE,2023-08-31,2023-09-01,LONG,UP,0.7025,STRONG BUY,1332.9606396951888
1934.4000244140625,1926.199951171875,8.2000732421875,0.004239078338861857,1953.3015885933416,1909.1979388416903,CLOSE,2023-09-01,2023-09-05,SHORT,DOWN,0.765,STRONG SELL,1338.6111642694761
1924.0999755859373,1918.0999755859373,6.0,0.0031183410821326203,1943.2692956441517,1898.5408821749845,CLOSE,2023-09-05,2023-09-06,SHORT,DOWN,0.8225,STRONG SELL,1342.7854104560192
1917.5999755859373,1917.5,0.09997558593727263,5.213578807369578e-05,1936.4607623196812,1892.4522599409454,CLOSE,2023-09-06,2023-09-07,SHORT,DOWN,0.7025,STRONG SELL,1342.8554176316072
1924.0,1918.4000244140625,-5.5999755859375,-0.002910590221381237,1906.057840890095,1947.9228788132066,CLOSE,2023-09-07,2023-09-08,LONG,UP,0.8125,STRONG BUY,1338.94691578432
1923.0,1923.300048828125,0.300048828125,0.00015603163189027562,1905.5680003438158,1946.2426662082455,CLOSE,2023-09-08,2023-09-11,LONG,UP,0.7675,STRONG BUY,1339.1558338566042
1920.800048828125,1911.300048828125,9.5,0.004945855767650529,1938.0476225532311,1897.8032838613167,CLOSE,2023-09-11,2023-09-12,SHORT,DOWN,0.7825,STRONG SELL,1345.7791054612667
1910.300048828125,1909.0999755859373,1.2000732421877274,0.0006282119099164098,1927.6013672871522,1887.2316242160887,CLOSE,2023-09-12,2023-09-13,SHORT,DOWN,0.775,STRONG SELL,1346.624539923434
1903.0,1910.0,7.0,0.0036784025223331584,1886.3237809482025,1925.23495873573,CLOSE,2023-09-13,2023-09-14,LONG,UP,0.825,STRONG BUY,1351.577967027724
1923.5,1923.699951171875,0.199951171875,0.00010395173999220172,1907.2649394519021,1945.1467473974637,CLOSE,2023-09-14,2023-09-15,LONG,UP,0.8,STRONG BUY,1351.7184659091315
1928.199951171875,1931.5,3.300048828125,0.001711466088420641,1911.270961145628,1950.7719378735378,CLOSE,2023-09-15,2023-09-18,LONG,UP,0.795,STRONG BUY,1354.0318862246268
1934.0,1932.0,-2.0,-0.001034126163391934,1917.4445040297571,1956.0739946269903,CLOSE,2023-09-18,2023-09-19,LONG,UP,0.835,STRONG BUY,1352.6316464250149
1945.5999755859373,1929.9591578992834,-15.640817686653918,-0.008039071691468091,1929.9591578992834,1966.4543991681426,SL,2023-09-19,2023-09-20,LONG,UP,0.825,STRONG BUY,1341.7577436472557
1924.0,1919.199951171875,4.800048828125,0.002494827873245842,1940.2807618962568,1902.2923174716575,CLOSE,2023-09-20,2023-09-21,SHORT,DOWN,0.8025,STRONG SELL,1345.1051982652505
1925.4000244140625,1925.4000244140625,0.0,0.0,1907.45360003746,1949.3285902495322,CLOSE,2023-09-21,2023-09-22,LONG,UP,0.7525,STRONG BUY,1345.1051982652505
1916.5999755859373,1916.5999755859373,0.0,0.0,1933.9288060687309,1893.4948682755457,CLOSE,2023-09-22,2023-09-25,SHORT,DOWN,0.785,STRONG SELL,1345.1051982652505
1905.0,1900.4000244140625,4.5999755859375,0.002414685346948819,1922.0339192513218,1882.2881076649041,CLOSE,2023-09-25,2023-09-26,SHORT,DOWN,0.8025,STRONG SELL,1348.3532040776063
1871.5999755859373,1871.5999755859373,0.0,0.0,1889.152895373437,1848.1960825359376,CLOSE,2023-09-26,2023-09-27,SHORT,DOWN,0.78,STRONG SELL,1348.3532040776063
1875.5,1860.4000244140625,15.0999755859375,0.008051173332944549,1894.8848593199775,1849.6535209066967,CLOSE,2023-09-27,2023-09-28,SHORT,DOWN,0.8675,STRONG SELL,1359.2090294376662
1864.300048828125,1848.0999755859373,16.200073242187727,0.008689627644633107,1884.603846768104,1837.2283182414862,CLOSE,2023-09-28,2023-09-29,SHORT,DOWN,0.86,STRONG SELL,1371.0200497947028
1844.0999755859373,1830.0,14.099975585937273,0.007645993044090357,1865.771364618931,1815.204790208612,CLOSE,2023-09-29,2023-10-02,SHORT,DOWN,0.89,STRONG SELL,1381.5028595587416
1825.0,1824.5999755859373,0.4000244140627274,0.00021919145976039857,1847.416292432144,1795.1116100904749,CLOSE,2023-10-02,2023-10-03,SHORT,DOWN,0.89,STRONG SELL,1381.8056731871916
1821.800048828125,1818.5,3.300048828125,0.0018114220768891515,1844.1258891850377,1792.032261685575,CLOSE,2023-10-03,2023-10-04,SHORT,DOWN,0.89,STRONG SELL,1384.3087064895738
1826.300048828125,1816.5999755859373,9.700073242187727,0.005311325074109228,1848.2954641693095,1796.9728283732122,CLOSE,2023-10-04,2023-10-05,SHORT,DOWN,0.7825,STRONG SELL,1391.6612200326595
1819.0,1830.199951171875,11.199951171875,0.006157202403449698,1797.4292493358087,1847.7610008855886,CLOSE,2023-10-05,2023-10-06,LONG,UP,0.7825,STRONG BUY,1400.2299598414324
1842.5,1849.5,7.0,0.0037991858887381274,1820.0700146246013,1872.4066471671983,CLOSE,2023-10-06,2023-10-09,LONG,UP,0.87,STRONG BUY,1405.5496937458504
1857.0,1861.0,4.0,0.002154011847065159,1832.8185797769736,1889.241893630702,CLOSE,2023-10-09,2023-10-10,LONG,UP,0.89,STRONG BUY,1408.5772644378176
1869.5,1872.800048828125,3.300048828125,0.0017652039733217439,1845.7708214628258,1901.1389047162322,CLOSE,2023-10-10,2023-10-11,LONG,UP,0.8775,STRONG BUY,1411.063690621734
1874.699951171875,1869.300048828125,5.39990234375,0.002880408857094449,1898.1913286263157,1843.378114565954,CLOSE,2023-10-11,2023-10-12,SHORT,DOWN,0.7425,STRONG SELL,1415.128130974125
1877.5,1908.613127015766,31.11312701576594,0.01657157231199251,1854.1651547381755,1908.613127015766,TP,2023-10-12,2023-10-13,LONG,UP,0.7725,STRONG BUY,1438.5790291272976
1910.4000244140625,1921.0999755859373,-10.699951171874773,-0.0056008956423440935,1938.5823728812366,1872.8235597911637,CLOSE,2023-10-13,2023-10-16,SHORT,DOWN,0.775,STRONG SELL,1430.5216981118908
1914.300048828125,1922.699951171875,8.39990234375,0.004387975829020199,1886.298585010113,1951.6353339188076,CLOSE,2023-10-16,2023-10-17,LONG,UP,0.885,STRONG BUY,1436.7987927460947
1935.0,1955.300048828125,20.300048828125,0.010490981306524547,1907.7664978832745,1971.311336155634,CLOSE,2023-10-17,2023-10-18,LONG,UP,0.8875,STRONG BUY,1451.872222022031
1950.0999755859373,1968.4000244140625,18.300048828125227,0.009384159303230952,1921.0402872016007,1988.8462267650527,CLOSE,2023-10-18,2023-10-19,LONG,UP,0.85,STRONG BUY,1465.4968222414216
1981.0999755859373,1982.5,1.4000244140627274,0.0007066904403189704,1950.6874078004819,2021.6500659665444,CLOSE,2023-10-19,2023-10-20,LONG,UP,0.625,STRONG BUY,1466.5324748360174
1976.199951171875,1976.300048828125,-0.10009765625,-5.065158320171128e-05,2006.6044731696416,1935.660588508186,CLOSE,2023-10-20,2023-10-23,SHORT,DOWN,0.6,STRONG SELL,1466.4581926443502
1970.300048828125,1975.0,-4.699951171875,-0.002385398698371037,1999.5613880674016,1931.2849298424228,CLOSE,2023-10-23,2023-10-24,SHORT,DOWN,0.5625,SELL,1462.960105180401
1971.199951171875,1984.0999755859373,-12.900024414062273,-0.006544249560473675,1999.0140518940605,1934.1144835422945,CLOSE,2023-10-24,2023-10-25,SHORT,DOWN,0.64,STRONG SELL,1453.3861291550834
1988.199951171875,1987.199951171875,1.0,0.0005029675206513233,2015.5380551627882,1951.7491458506572,CLOSE,2023-10-25,2023-10-26,SHORT,DOWN,0.5875,SELL,1454.1171351730136
1988.5999755859373,1988.5999755859373,0.0,0.0,2014.821064301551,1953.638523965119,CLOSE,2023-10-26,2023-10-27,SHORT,DOWN,0.6075,STRONG SELL,1454.1171351730136
2004.0999755859373,1996.199951171875,7.900024414062273,0.003941931295993628,2028.5981320090852,1971.43576702174,CLOSE,2023-10-27,2023-10-30,SHORT,DOWN,0.595,SELL,1459.8491650161927
1996.5,1985.199951171875,11.300048828125,0.005659929290320561,2020.9090023929232,1963.9546634761025,CLOSE,2023-10-30,2023-10-31,SHORT,DOWN,0.65,STRONG SELL,1468.111808064718
1990.5,1978.800048828125,11.699951171875,0.005877895589989952,2015.0190788821562,1957.8078948237917,CLOSE,2023-10-31,2023-11-01,SHORT,DOWN,0.6975,STRONG SELL,1476.7412159869536
1989.0999755859373,1985.5999755859373,3.5,0.0017595897858120432,2013.2284007449261,1956.9287420406188,CLOSE,2023-11-01,2023-11-02,SHORT,DOWN,0.7225,STRONG SELL,1479.339674746892
1989.0,1991.5,-2.5,-0.001256913021618904,2012.6371090762038,1957.4838545650614,CLOSE,2023-11-02,2023-11-03,SHORT,DOWN,0.7475,STRONG SELL,1477.480273446305
1981.5999755859373,1981.5999755859373,0.0,0.0,2004.1808652010618,1951.492122765771,CLOSE,2023-11-03,2023-11-06,SHORT,DOWN,0.7525,STRONG SELL,1477.480273446305
1966.5,1966.800048828125,-0.300048828125,-0.00015258013126112383,1988.978680598252,1936.5284258689974,CLOSE,2023-11-06,2023-11-07,SHORT,DOWN,0.6625,STRONG SELL,1477.254839312247
1967.800048828125,1951.5,16.300048828125,0.008283386738318303,1990.9123977137228,1936.983583647328,CLOSE,2023-11-07,2023-11-08,SHORT,DOWN,0.725,STRONG SELL,1489.4915124573226
1951.699951171875,1964.199951171875,-12.5,-0.006404673009544589,1975.314999885957,1920.2132195530992,CLOSE,2023-11-08,2023-11-09,SHORT,DOWN,0.6625,STRONG SELL,1479.9518063695414
1959.5999755859373,1932.5999755859373,27.0,0.013778322278212301,1983.5532246429864,1927.6623101765383,CLOSE,2023-11-09,2023-11-10,SHORT,DOWN,0.6425,STRONG SELL,1500.3430593139235
1939.9000244140625,1945.5,-5.5999755859375,-0.002886734117975459,1965.5280387798157,1905.7293385930582,CLOSE,2023-11-10,2023-11-13,SHORT,DOWN,0.63,STRONG SELL,1496.0119678159342
1965.800048828125,1961.800048828125,4.0,0.002034794943862437,1991.161773837675,1931.9844154820585,CLOSE,2023-11-13,2023-11-14,SHORT,DOWN,0.61,STRONG SELL,1499.0560454040037
1962.800048828125,1960.0999755859373,2.7000732421877274,0.001375623178631866,1988.5252272828634,1928.4998108884738,CLOSE,2023-11-14,2023-11-15,SHORT,DOWN,0.7125,STRONG SELL,1501.1181816461299
1965.300048828125,1983.9000244140625,-18.5999755859375,-0.009464191280628293,1989.487719767681,1933.0498209087168,CLOSE,2023-11-15,2023-11-16,SHORT,DOWN,0.75,STRONG SELL,1486.9113120402021
1982.5,1981.5999755859373,0.9000244140627274,0.00045398457203668467,2007.509985389744,1949.1533528136745,CLOSE,2023-11-16,2023-11-17,SHORT,DOWN,0.7175,STRONG SELL,1487.586346835855
1978.699951171875,1977.699951171875,1.0,0.0005053823341976408,2002.3735038021955,1947.1352143314477,CLOSE,2023-11-17,2023-11-20,SHORT,DOWN,0.705,STRONG SELL,1488.3381466961393
1990.699951171875,1999.300048828125,-8.60009765625,-0.004320137573313014,2013.957538372965,1959.6898349037551,CLOSE,2023-11-20,2023-11-21,SHORT,DOWN,0.7025,STRONG SELL,1481.908321146802
1999.0999755859373,1991.4000244140625,7.699951171874773,0.0038517089019612003,2023.6748832185342,1966.333432075808,CLOSE,2023-11-21,2023-11-22,SHORT,DOWN,0.6,STRONG SELL,1487.6162006192535
1991.9000244140625,2002.199951171875,10.2999267578125,0.005170905482990959,1968.1804647108586,2023.5261040183343,CLOSE,2023-11-22,2023-11-24,LONG,UP,0.525,BUY,1495.3085233876218
2011.699951171875,2011.800048828125,-0.10009765625,-4.975774652263134e-05,2034.8823916203298,1980.7900305739352,CLOSE,2023-11-24,2023-11-27,SHORT,DOWN,0.595,SELL,1495.234120205142
2040.5999755859373,2039.699951171875,0.9000244140622726,0.0004410587203912123,2063.155109322672,2010.5264639369575,CLOSE,2023-11-27,2023-11-28,SHORT,DOWN,0.61,STRONG SELL,1495.8936062528849
2041.699951171875,2047.0999755859373,-5.400024414062273,-0.0026448667988471174,2065.954707749959,2009.3602757344295,CLOSE,2023-11-28,2023-11-29,SHORT,DOWN,0.64,STRONG SELL,1491.937166919099
2046.0999755859373,2038.0999755859373,8.0,0.003909877374251499,2070.347260014471,2013.7702630145593,CLOSE,2023-11-29,2023-11-30,SHORT,DOWN,0.71,STRONG SELL,1497.7704582918407
2038.300048828125,2062.315384368906,-24.015335540781052,-0.011782041390122192,2062.315384368906,2006.2796014404169,SL,2023-11-30,2023-12-01,SHORT,DOWN,0.765,STRONG SELL,1480.123664759344
2075.300048828125,2101.58571231298,-26.285663484854922,-0.012665958110345462,2101.58571231298,2040.2524975149852,SL,2023-12-01,2023-12-04,SHORT,DOWN,0.8325,STRONG SELL,1461.376480423371
2035.0999755859373,2018.5,16.599975585937273,0.008156835430730069,2071.208086447432,1986.955827770611,CLOSE,2023-12-04,2023-12-05,SHORT,DOWN,0.7075,STRONG SELL,1473.296687876524
2019.9000244140625,2030.5,-10.5999755859375,-0.00524777239359278,2056.3004183027497,1971.366165895813,CLOSE,2023-12-05,2023-12-06,SHORT,DOWN,0.72,STRONG SELL,1465.565162190314
2029.199951171875,2029.9000244140625,-0.7000732421875,-0.00034499963484781453,2064.853893585812,1981.6613612866256,CLOSE,2023-12-06,2023-12-07,SHORT,DOWN,0.7475,STRONG SELL,1465.0595427445126
2031.699951171875,1998.300048828125,33.39990234375,0.016439387284763723,2065.9750431720377,1985.9998285049917,CLOSE,2023-12-07,2023-12-08,SHORT,DOWN,0.695,STRONG SELL,1489.1442239629284
2004.0999755859373,1978.0,26.099975585937273,0.013023290207019957,2040.0089869702958,1956.221293740126,CLOSE,2023-12-08,2023-12-11,SHORT,DOWN,0.57,SELL,1508.5377813517052
1984.199951171875,1977.800048828125,-6.39990234375,-0.003225432164722208,1947.9630120292563,2032.5158700286997,CLOSE,2023-12-11,2023-12-12,LONG,UP,0.5075,BUY,1503.6720950700349
1978.5,2013.9057187406904,-35.40571874069042,-0.017895233126454597,2013.9057187406904,1931.2923750124128,SL,2023-12-12,2023-12-13,SHORT,DOWN,0.6725,STRONG SELL,1476.7635323830123
2024.699951171875,2030.199951171875,5.5,0.00271645188553329,1986.4874928239346,2075.6498956357955,CLOSE,2023-12-13,2023-12-14,LONG,UP,0.55,BUY,1480.775089465041
2032.5999755859373,2021.0999755859373,11.5,0.005657778283050947,2074.2758219187904,1977.0321804754667,CLOSE,2023-12-14,2023-12-15,SHORT,DOWN,0.725,STRONG SELL,1489.152986608299
2024.300048828125,2026.300048828125,-2.0,-0.0009879958265859884,2065.688332092839,1969.1156711418398,CLOSE,2023-12-15,2023-12-18,SHORT,DOWN,0.695,STRONG SELL,1487.6817096723819
2025.199951171875,2038.4000244140625,-13.2000732421875,-0.006517911100357929,2064.8855077650583,1972.2858757142976,CLOSE,2023-12-18,2023-12-19,SHORT,DOWN,0.6525,STRONG SELL,1477.9851325431089
2037.0999755859373,2034.5,2.5999755859372726,0.001276312216924667,2075.8258495653217,1985.4654769467581,CLOSE,2023-12-19,2023-12-20,SHORT,DOWN,0.6825,STRONG SELL,1479.8715030242065
2035.800048828125,2039.0999755859373,-3.2999267578122726,-0.0016209483636233438,2072.627643478904,1986.6965892937535,CLOSE,2023-12-20,2023-12-21,SHORT,DOWN,0.7025,STRONG SELL,1477.4727077330065
2055.699951171875,2057.10009765625,-1.400146484375,-0.000681104498531914,2091.129146204741,2008.461024461387,CLOSE,2023-12-21,2023-12-22,SHORT,DOWN,0.7175,STRONG SELL,1476.4663944253114
2060.0,2058.199951171875,1.800048828125,0.0008738101107402912,2096.06996420044,2011.906714399413,CLOSE,2023-12-22,2023-12-26,SHORT,DOWN,0.7025,STRONG SELL,1477.7565456889286
2067.300048828125,2081.89990234375,-14.599853515625,-0.007062280835286155,2101.5007403345608,2021.6991268195443,CLOSE,2023-12-26,2023-12-27,SHORT,DOWN,0.6625,STRONG SELL,1467.320213957091
2081.60009765625,2073.89990234375,7.7001953125,0.003699171287112223,2115.8971631092127,2035.8706770523,CLOSE,2023-12-27,2023-12-28,SHORT,DOWN,0.7325,STRONG SELL,1472.7480827615605
2068.0,2062.39990234375,5.60009765625,0.0027079775900628626,2102.0758517236213,2022.5655310351715,CLOSE,2023-12-28,2023-12-29,SHORT,DOWN,0.715,STRONG SELL,1476.7362515654868
2063.5,2064.39990234375,-0.89990234375,-0.0004361048431063727,2096.4061271027376,2019.6251638630163,CLOSE,2023-12-29,2024-01-02,SHORT,DOWN,0.71,STRONG SELL,1476.0922397341883
2034.199951171875,2034.199951171875,0.0,0.0,2066.534196358234,1991.0876242567294,CLOSE,2024-01-02,2024-01-03,SHORT,DOWN,0.7075,STRONG SELL,1476.0922397341883
2041.5999755859373,2042.300048828125,-0.7000732421877274,-0.00034290421755457114,2074.860340884543,1997.2528218544628,CLOSE,2024-01-03,2024-01-04,SHORT,DOWN,0.655,STRONG SELL,1475.5860814796838
2044.5,2042.4000244140625,2.0999755859375,0.0010271340601308388,2076.48820158029,2001.849064559613,CLOSE,2024-01-04,2024-01-05,SHORT,DOWN,0.685,STRONG SELL,1477.1017062026267
2019.0999755859373,2026.5999755859373,-7.5,-0.003714526318996919,2049.424739427792,1978.6669571301316,CLOSE,2024-01-05,2024-01-08,SHORT,DOWN,0.6525,STRONG SELL,1471.6149730391019
2035.800048828125,2026.4000244140625,9.4000244140625,0.004617361326557326,2066.4551919128603,1994.9265247151448,CLOSE,2024-01-08,2024-01-09,SHORT,DOWN,0.67,STRONG SELL,1478.4099511031955
2029.0,2021.699951171875,7.300048828125,0.003597855509179399,2058.4726354801896,1989.7031526930807,CLOSE,2024-01-09,2024-01-10,SHORT,DOWN,0.675,STRONG SELL,1483.7290564905977
2025.0999755859373,2014.300048828125,10.799926757812273,0.005333033868951309,2053.95671114762,1986.6243281703605,CLOSE,2024-01-10,2024-01-11,SHORT,DOWN,0.64,STRONG SELL,1491.641833801209
2031.0999755859373,2046.699951171875,-15.599975585937727,-0.007680555252548513,2059.0526507601226,1993.8297420203571,CLOSE,2024-01-11,2024-01-12,SHORT,DOWN,0.6075,STRONG SELL,1480.1851962796861
2051.699951171875,2026.0,25.699951171875,0.01252617428644763,2082.2310014591762,2010.9918841221397,CLOSE,2024-01-12,2024-01-16,SHORT,DOWN,0.695,STRONG SELL,1498.7262540245051
2026.5,2002.5999755859373,23.900024414062727,0.011793745084659624,2057.9359804983646,1984.5853593355137,CLOSE,2024-01-16,2024-01-17,SHORT,DOWN,0.665,STRONG SELL,1516.4018494161571
2012.800048828125,2018.5999755859373,-5.799926757812273,-0.0028815215705052548,2044.5513190495417,1970.465021866236,CLOSE,2024-01-17,2024-01-18,SHORT,DOWN,0.5425,SELL,1512.0323047775105
2023.199951171875,2026.5,-3.300048828125,-0.0016311036515266573,2054.397559234619,1981.6031404215494,CLOSE,2024-01-18,2024-01-19,SHORT,DOWN,0.5425,SELL,1509.5660233639617
2021.300048828125,2019.800048828125,1.5,0.0007420966525329303,2052.133544645037,1980.1887210722423,CLOSE,2024-01-19,2024-01-22,SHORT,DOWN,0.665,STRONG SELL,1510.6862672566774
2030.300048828125,2023.699951171875,6.60009765625,0.0032507991417620907,2059.6490039979585,1991.1681086016804,CLOSE,2024-01-22,2024-01-23,SHORT,DOWN,0.7075,STRONG SELL,1515.5972048777471
2023.199951171875,2013.9000244140625,9.2999267578125,0.00459664243883844,2051.577552401006,1985.3631495330335,CLOSE,2024-01-23,2024-01-24,SHORT,DOWN,0.67,STRONG SELL,1522.563863309873
2012.0999755859373,2016.9000244140625,-4.800048828125227,-0.002385591613919393,2040.5184545941818,1974.2086702416113,CLOSE,2024-01-24,2024-01-25,SHORT,DOWN,0.685,STRONG SELL,1518.9316477259044
2021.699951171875,2016.800048828125,4.89990234375,0.002423654578865563,2049.192115482544,1985.043732090983,CLOSE,2024-01-25,2024-01-26,SHORT,DOWN,0.6475,STRONG SELL,1522.6130133688991
2025.199951171875,2025.199951171875,0.0,0.0,2051.328386844561,1990.3620369416271,CLOSE,2024-01-26,2024-01-29,SHORT,DOWN,0.665,STRONG SELL,1522.6130133688991
2032.5,2031.5,1.0,0.0004920049200492004,2057.662108375753,1998.9505221656627,CLOSE,2024-01-29,2024-01-30,SHORT,DOWN,0.5175,SELL,1523.3621464628077
2035.4000244140625,2048.39990234375,-12.9998779296875,-0.006386890917636605,2061.261273137418,2000.9183594495885,CLOSE,2024-01-30,2024-01-31,SHORT,DOWN,0.6075,STRONG SELL,1513.632598605293
2040.199951171875,2053.0,-12.800048828125,-0.006273918799367068,2066.8925392721335,2004.6098337048634,CLOSE,2024-01-31,2024-02-01,SHORT,DOWN,0.6875,STRONG SELL,1504.1361905895683
2054.800048828125,2036.0999755859373,18.700073242187727,0.009100677826464227,2083.3895949212224,2016.6806540373286,CLOSE,2024-02-01,2024-02-02,SHORT,DOWN,0.7575,STRONG SELL,1517.8248494672491
2038.9000244140625,2025.699951171875,13.2000732421875,0.00647411500521264,2068.4688834117824,1999.4748790837693,CLOSE,2024-02-02,2024-02-05,SHORT,DOWN,0.695,STRONG SELL,1527.6514221004695
2025.9000244140625,2034.5,-8.5999755859375,-0.004245014799496245,2056.2496791976596,1985.4338180359332,CLOSE,2024-02-05,2024-02-06,SHORT,DOWN,0.7525,STRONG SELL,1521.1665192051817
2032.800048828125,2035.199951171875,-2.39990234375,-0.0011805894756513329,2062.2247387332063,1993.5671289546835,CLOSE,2024-02-06,2024-02-07,SHORT,DOWN,0.76,STRONG SELL,1519.3706460218948
2028.0,2032.199951171875,-4.199951171875,-0.0020709818401750493,2056.0515030005886,1990.597995999215,CLOSE,2024-02-07,2024-02-08,SHORT,DOWN,0.7275,STRONG SELL,1516.2240570054885
2032.0,2023.300048828125,8.699951171875,0.004281472033403051,2059.8049566088057,1994.9267245215924,CLOSE,2024-02-08,2024-02-09,SHORT,DOWN,0.7025,STRONG SELL,1522.7157279019302
2025.5,2018.199951171875,7.300048828125,0.003604072489817329,2052.6260259051633,1989.3319654597824,CLOSE,2024-02-09,2024-02-12,SHORT,DOWN,0.6975,STRONG SELL,1528.203705766674
2025.0999755859373,1992.9000244140625,32.19995117187477,0.01590042544075293,2051.7777165422385,1989.529654310869,CLOSE,2024-02-12,2024-02-13,SHORT,DOWN,0.735,STRONG SELL,1552.5027948484992
1990.300048828125,1990.300048828125,0.0,0.0,2018.9079563762753,1952.1561720972581,CLOSE,2024-02-13,2024-02-14,SHORT,DOWN,0.6925,STRONG SELL,1552.5027948484992
1993.5999755859373,2002.0999755859373,-8.5,-0.0042636437119245914,2021.0965987919205,1956.937811311293,CLOSE,2024-02-14,2024-02-15,SHORT,DOWN,0.5975,SELL,1545.883476069498
2005.0,2011.5,-6.5,-0.0032418952618453864,2032.3432825138148,1968.5422899815803,CLOSE,2024-02-15,2024-02-16,SHORT,DOWN,0.7075,STRONG SELL,1540.8718837530632
2015.5999755859373,2027.5,-11.900024414062727,-0.0059039613803345955,2042.5973093487653,1979.6035305688333,CLOSE,2024-02-16,2024-02-20,SHORT,DOWN,0.7625,STRONG SELL,1531.7746356593418
2028.199951171875,2022.300048828125,5.89990234375,0.002908935255787326,2055.143903951644,1992.2746807988499,CLOSE,2024-02-20,2024-02-21,SHORT,DOWN,0.595,SELL,1536.2304689009322
2033.199951171875,2019.699951171875,13.5,0.006639779817139484,2058.8514682899195,1998.997928347816,CLOSE,2024-02-21,2024-02-22,SHORT,DOWN,0.66,STRONG SELL,1546.4307009628155
2026.0,2038.5999755859373,-12.599975585937273,-0.006219138986148703,2051.2656944667556,1992.3124073776594,CLOSE,2024-02-22,2024-02-23,SHORT,DOWN,0.6875,STRONG SELL,1536.8132335010805
2034.0999755859373,2028.5,5.599975585937273,0.002753048352170674,2060.1002580734826,1999.4329322692104,CLOSE,2024-02-23,2024-02-26,SHORT,DOWN,0.7025,STRONG SELL,1541.0441546411648
2035.9000244140625,2034.0,1.9000244140625,0.0009332601754888883,2061.5217074479774,2001.7377803688428,CLOSE,2024-02-26,2024-02-27,SHORT,DOWN,0.6875,STRONG SELL,1542.4823497793611
2029.5,2033.0,-3.5,-0.0017245627001724563,2054.084422575856,1996.7207698988586,CLOSE,2024-02-27,2024-02-28,SHORT,DOWN,0.7275,STRONG SELL,1539.8222422532574
2034.300048828125,2045.699951171875,-11.39990234375,-0.005603845091739051,2058.4355788455496,2002.1193421382259,CLOSE,2024-02-28,2024-02-29,SHORT,DOWN,0.7375,STRONG SELL,1531.1933169388558
2043.0999755859373,2067.3115444051305,-24.21156881919319,-0.011850408256330968,2067.3115444051305,2010.817883827013,SL,2024-02-29,2024-03-01,SHORT,DOWN,0.7525,STRONG SELL,1513.0480510137647
2083.60009765625,2110.914395865032,-27.31429820878202,-0.01310918455009993,2110.914395865032,2047.181033377874,SL,2024-03-01,2024-03-04,SHORT,DOWN,0.67,STRONG SELL,1493.2132248798564
2114.89990234375,2133.5,-18.60009765625,-0.008794788649636428,2144.45247542936,2075.4964715629367,CLOSE,2024-03-04,2024-03-05,SHORT,DOWN,0.7075,STRONG SELL,1480.080730158196
2125.5,2150.300048828125,-24.800048828125,-0.011667865833039285,2155.3095426140935,2085.753943181209,CLOSE,2024-03-05,2024-03-06,SHORT,DOWN,0.7025,STRONG SELL,1462.8113467766434
2147.0,2158.0,-11.0,-0.005123428039124359,2177.3374376589572,2106.5500831213903,CLOSE,2024-03-06,2024-03-07,SHORT,DOWN,0.7975,STRONG SELL,1455.3167381066187
2167.300048828125,2178.60009765625,-11.300048828125,-0.005213882975841309,2197.1848123685854,2127.4536974408447,CLOSE,2024-03-07,2024-03-08,SHORT,DOWN,0.7775,STRONG SELL,1447.7288869413476
2181.0,2182.5,-1.5,-0.000687757909215956,2212.7036985386862,2138.728401948418,CLOSE,2024-03-08,2024-03-11,SHORT,DOWN,0.8075,STRONG SELL,1446.7331999489534
2182.5,2160.39990234375,22.10009765625,0.010126047036082475,2212.667725303222,2142.2763662623706,CLOSE,2024-03-11,2024-03-12,SHORT,DOWN,0.78,STRONG SELL,1461.3828883802985
2162.5,2175.39990234375,-12.89990234375,-0.0059652727601156065,2192.902178727434,2121.963761696755,CLOSE,2024-03-12,2024-03-13,SHORT,DOWN,0.795,STRONG SELL,1452.6653408441443
2163.0,2163.0,0.0,0.0,2192.83773738976,2123.2163501469868,CLOSE,2024-03-13,2024-03-14,SHORT,DOWN,0.76,STRONG SELL,1452.6653408441443
2161.699951171875,2157.300048828125,4.39990234375,0.0020353899445502495,2190.8099773390404,2122.8865829489873,CLOSE,2024-03-14,2024-03-15,SHORT,DOWN,0.805,STRONG SELL,1455.6220812716952
2146.199951171875,2160.699951171875,-14.5,-0.0067561272620860245,2173.841398809801,2109.34468765464,CLOSE,2024-03-15,2024-03-18,SHORT,DOWN,0.795,STRONG SELL,1445.787713245121
2156.10009765625,2156.300048828125,-0.199951171875,-9.273742535996049e-05,2183.320727605753,2119.805924390246,CLOSE,2024-03-18,2024-03-19,SHORT,DOWN,0.7225,STRONG SELL,1445.6536346149776
2157.300048828125,2183.0691895150517,-25.769140686926676,-0.011945088816423486,2183.0691895150517,2122.9411945788893,SL,2024-03-19,2024-03-20,SHORT,DOWN,0.715,STRONG SELL,1428.3851735517162
2207.0,2182.39990234375,24.60009765625,0.011146396763140009,2234.6784877807177,2170.09534962571,CLOSE,2024-03-20,2024-03-21,SHORT,DOWN,0.695,STRONG SELL,1444.3065214267103
2179.199951171875,2158.10009765625,21.099853515625,0.009682385273677367,2210.6549964660235,2137.259890779677,CLOSE,2024-03-21,2024-03-22,SHORT,DOWN,0.735,STRONG SELL,1458.2908536204486
2166.199951171875,2174.800048828125,-8.60009765625,-0.003970131035963463,2198.076054196129,2123.6984804728695,CLOSE,2024-03-22,2024-03-25,SHORT,DOWN,0.675,STRONG SELL,1452.5012478430285
2182.699951171875,2175.60009765625,7.099853515625,0.0032527849335467034,2214.5813116252,2140.1914705674412,CLOSE,2024-03-25,2024-03-26,SHORT,DOWN,0.71,STRONG SELL,1457.22592201797
2179.39990234375,2190.60009765625,-11.2001953125,-0.005139118938408316,2209.8504408729536,2138.7991843048117,CLOSE,2024-03-26,2024-03-27,SHORT,DOWN,0.6375,STRONG SELL,1449.737064684588
2193.60009765625,2224.4577248814703,-30.857627225220313,-0.014067116088383711,2224.4577248814703,2152.4565946892894,SL,2024-03-27,2024-03-28,SHORT,DOWN,0.645,STRONG SELL,1429.3434450980371
2235.699951171875,2236.5,-0.800048828125,-0.0003578516105015088,2269.389176452437,2190.780984131126,CLOSE,2024-03-28,2024-04-01,SHORT,DOWN,0.69,STRONG SELL,1428.8319522442491
2252.0,2261.0,-9.0,-0.003996447602131439,2288.2971429921067,2203.603809343858,CLOSE,2024-04-01,2024-04-02,SHORT,DOWN,0.785,STRONG SELL,1423.1217002148537
2281.699951171875,2294.39990234375,-12.699951171875,-0.00556600405121293,2319.979435861532,2230.6606382523323,CLOSE,2024-04-02,2024-04-03,SHORT,DOWN,0.775,STRONG SELL,1415.200599066089
2301.699951171875,2288.800048828125,12.89990234375,0.0056045108473770505,2341.2951921867125,2248.9062964854247,CLOSE,2024-04-03,2024-04-04,SHORT,DOWN,0.76,STRONG SELL,1423.1321061747692
2289.199951171875,2325.699951171875,-36.5,-0.015944435077117278,2328.4205216510545,2236.9058571996356,CLOSE,2024-04-04,2024-04-05,SHORT,DOWN,0.7425,STRONG SELL,1400.4410687017044
2325.60009765625,2331.699951171875,-6.099853515625,-0.002622915918249427,2368.5549131012026,2268.327010396313,CLOSE,2024-04-05,2024-04-08,SHORT,DOWN,0.69,STRONG SELL,1396.7678295300364
2337.800048828125,2343.5,-5.699951171875,-0.0024381688137666987,2380.1295255443088,2281.36074653988,CLOSE,2024-04-08,2024-04-09,SHORT,DOWN,0.695,STRONG SELL,1393.3622737680037
2346.60009765625,2329.60009765625,17.0,0.007244523690670325,2389.4417546069917,2289.4778883885942,CLOSE,2024-04-09,2024-04-10,SHORT,DOWN,0.695,STRONG SELL,1403.4565197700024
2341.5,2354.800048828125,-13.300048828125,-0.0056801404348174244,2384.5386971490148,2284.1150704679803,CLOSE,2024-04-10,2024-04-11,SHORT,DOWN,0.69,STRONG SELL,1395.4846896435486
2377.300048828125,2422.2681195206255,-44.96807069250053,-0.018915605842294604,2422.2681195206255,2317.3426212381246,SL,2024-04-11,2024-04-12,SHORT,DOWN,0.7,STRONG SELL,1369.0882512952944
2362.10009765625,2365.800048828125,-3.699951171875,-0.0015663820409415367,2414.0025866391297,2292.89677901241,CLOSE,2024-04-12,2024-04-15,SHORT,DOWN,0.695,STRONG SELL,1366.9437360460015
2384.0,2390.800048828125,-6.800048828125,-0.0028523694748846477,2438.4844488239464,2311.354068234738,CLOSE,2024-04-15,2024-04-16,SHORT,DOWN,0.635,STRONG SELL,1363.0447074594192
2384.199951171875,2371.699951171875,12.5,0.005242848861672041,2437.471225079825,2313.1715859612746,CLOSE,2024-04-16,2024-04-17,SHORT,DOWN,0.6775,STRONG SELL,1370.1909448523309
2368.39990234375,2382.300048828125,-13.900146484375,-0.005869003148758587,2420.233926706378,2299.2878698602462,CLOSE,2024-04-17,2024-04-18,SHORT,DOWN,0.6825,STRONG SELL,1362.149289882592
2379.300048828125,2398.39990234375,-19.099853515625,-0.008027509403461844,2429.1459285934225,2312.8388758077285,CLOSE,2024-04-18,2024-04-19,SHORT,DOWN,0.705,STRONG SELL,1351.2146236491405
2383.300048828125,2332.199951171875,51.10009765625,0.02144089984866826,2431.996222895901,2318.371816737757,CLOSE,2024-04-19,2024-04-22,SHORT,DOWN,0.705,STRONG SELL,1380.1858810688575
2327.699951171875,2327.699951171875,0.0,0.0,2380.578541377667,2257.195164230819,CLOSE,2024-04-22,2024-04-23,SHORT,DOWN,0.63,STRONG SELL,1380.1858810688575
2321.300048828125,2324.5,-3.199951171875,-0.0013785168244365693,2374.473025447789,2250.402746668573,CLOSE,2024-04-23,2024-04-24,SHORT,DOWN,0.6325,STRONG SELL,1378.2832716109542
2315.0,2329.800048828125,-14.800048828125,-0.0063931096449784015,2365.8856054520766,2247.152526063898,CLOSE,2024-04-24,2024-04-25,SHORT,DOWN,0.6025,STRONG SELL,1369.4717555337058
2347.89990234375,2334.800048828125,13.099853515625,0.005579391822687288,2397.8079697808344,2281.3558124276374,CLOSE,2024-04-25,2024-04-26,SHORT,DOWN,0.62,STRONG SELL,1377.1125750479316
2334.800048828125,2345.39990234375,-10.599853515625,-0.004539940591891474,2383.0825243249487,2270.42341483236,CLOSE,2024-04-26,2024-04-29,SHORT,DOWN,0.645,STRONG SELL,1370.8605657688674
2322.5,2291.39990234375,31.10009765625,0.013390784782023681,2369.219451995935,2260.2073973387537,CLOSE,2024-04-29,2024-04-30,SHORT,DOWN,0.655,STRONG SELL,1389.2174645712414
2287.699951171875,2299.89990234375,-12.199951171875,-0.0053328458417921335,2336.8680137395286,2222.1425344150034,CLOSE,2024-04-30,2024-05-01,SHORT,DOWN,0.5825,SELL,1381.8089819919576
2321.699951171875,2299.199951171875,22.5,0.009691174774174912,2372.016723556125,2254.6109213262084,CLOSE,2024-05-01,2024-05-02,SHORT,DOWN,0.5775,SELL,1395.2003343409663
2300.0,2299.0,1.0,0.0004347826086956522,2350.194135322205,2233.07448623706,CLOSE,2024-05-02,2024-05-03,SHORT,DOWN,0.5825,SELL,1395.806943181984
2322.800048828125,2321.60009765625,1.199951171875,0.0005165968428838233,2371.916021164146,2257.3120857134304,CLOSE,2024-05-03,2024-05-06,SHORT,DOWN,0.5925,SELL,1396.5280126421071
2324.300048828125,2315.199951171875,9.10009765625,0.0039151991847344,2372.7470231401444,2259.704083078766,CLOSE,2024-05-06,2024-05-07,SHORT,DOWN,0.595,SELL,1401.9956979786623
2313.60009765625,2313.60009765625,0.0,0.0,2359.5615842662946,2252.3181155095235,CLOSE,2024-05-07,2024-05-08,SHORT,DOWN,0.5975,SELL,1401.9956979786623
2310.699951171875,2332.10009765625,-21.400146484375,-0.00926132641043329,2353.549887329305,2253.566702961968,CLOSE,2024-05-08,2024-05-09,SHORT,DOWN,0.585,SELL,1389.0113581936587
2367.300048828125,2367.300048828125,0.0,0.0,2410.1749947773233,2310.133454229194,CLOSE,2024-05-09,2024-05-10,SHORT,DOWN,0.605,STRONG SELL,1389.0113581936587
2358.300048828125,2336.10009765625,22.199951171875,0.009413539715994363,2401.883921977939,2300.188217961707,CLOSE,2024-05-10,2024-05-13,SHORT,DOWN,0.6875,STRONG SELL,1402.0868717799822
2336.0,2353.39990234375,-17.39990234375,-0.007448588332084761,2379.813591264671,2277.5818783137724,CLOSE,2024-05-13,2024-05-14,SHORT,DOWN,0.6275,STRONG SELL,1391.6433038662726
2361.60009765625,2388.699951171875,-27.099853515625,-0.011475208500592467,2404.641289544873,2304.211841804753,CLOSE,2024-05-14,2024-05-15,SHORT,DOWN,0.6375,STRONG SELL,1375.6739067959538
2389.5,2380.0,9.5,0.003975727139568948,2433.248969128163,2331.1680411624493,CLOSE,2024-05-15,2024-05-16,SHORT,DOWN,0.6625,STRONG SELL,1381.1432108823992
2380.699951171875,2412.199951171875,-31.5,-0.013231402800043932,2422.631131559299,2324.79171065531,CLOSE,2024-05-16,2024-05-17,SHORT,DOWN,0.6525,STRONG SELL,1362.868748734668
2415.800048828125,2433.89990234375,-18.099853515625,-0.0074922812938947566,2458.5718644194603,2358.770961373011,CLOSE,2024-05-17,2024-05-20,SHORT,DOWN,0.75,STRONG SELL,1352.6577527024895
2429.5,2421.699951171875,7.800048828125,0.0032105572455752214,2472.013124940838,2372.8158334122154,CLOSE,2024-05-20,2024-05-21,SHORT,DOWN,0.71,STRONG SELL,1357.000537851212
2417.5,2389.199951171875,28.300048828125,0.01170632836737332,2458.3586055533233,2363.021859262236,CLOSE,2024-05-21,2024-05-22,SHORT,DOWN,0.6925,STRONG SELL,1372.8860317420003
2371.199951171875,2335.0,36.199951171875,0.015266511436112571,2414.057931579648,2314.055977294844,CLOSE,2024-05-22,2024-05-23,SHORT,DOWN,0.705,STRONG SELL,1393.8452120460688
2342.60009765625,2332.5,10.10009765625,0.004311490324940674,2388.2039313747405,2281.794986031596,CLOSE,2024-05-23,2024-05-24,SHORT,DOWN,0.6675,STRONG SELL,1399.8547621922703
2336.89990234375,2355.199951171875,-18.300048828125,-0.007830908294262544,2380.6284517620356,2278.595169786036,CLOSE,2024-05-24,2024-05-28,SHORT,DOWN,0.635,STRONG SELL,1388.892627924256
2340.300048828125,2340.300048828125,0.0,0.0,2383.8194109135197,2282.2742327142655,CLOSE,2024-05-28,2024-05-29,SHORT,DOWN,0.6125,STRONG SELL,1388.892627924256
2336.89990234375,2342.89990234375,-6.0,-0.0025675040655281866,2378.9071566741613,2280.8902299032015,CLOSE,2024-05-29,2024-05-30,SHORT,DOWN,0.5175,SELL,1385.3266404554784
2344.10009765625,2322.89990234375,21.2001953125,0.009044065709351332,2386.1818285886184,2287.991123079759,CLOSE,2024-05-30,2024-05-31,SHORT,DOWN,0.5175,SELL,1397.8556256206728
2322.60009765625,2346.60009765625,-24.0,-0.010333246788467178,2365.4259906648776,2265.4989069780795,CLOSE,2024-05-31,2024-06-03,SHORT,DOWN,0.5525,SELL,1383.4112384664872
2347.5,2325.5,22.0,0.009371671991480299,2391.07047207944,2289.406037227413,CLOSE,2024-06-03,2024-06-04,SHORT,DOWN,0.5675,SELL,1396.3761148227227
2326.39990234375,2354.10009765625,-27.7001953125,-0.011906893257944697,2370.4796316491006,2267.626929936616,CLOSE,2024-06-04,2024-06-05,SHORT,DOWN,0.5575,SELL,1379.749613475585
2355.0,2370.300048828125,-15.300048828125,-0.006496836020435244,2399.0168967294103,2296.3108043607863,CLOSE,2024-06-05,2024-06-06,SHORT,DOWN,0.6025,STRONG SELL,1370.7856064875753
2379.89990234375,2322.3027990827836,57.59710326096638,0.024201481417031094,2423.0977297894747,2322.3027990827836,TP,2024-06-06,2024-06-07,SHORT,DOWN,0.63,STRONG SELL,1403.960648869718
2290.60009765625,2307.699951171875,-17.099853515625,-0.007465228667859409,2341.394529782191,2222.8741881549954,CLOSE,2024-06-07,2024-06-10,SHORT,DOWN,0.5975,SELL,1393.4797615852292
2300.0,2307.5,-7.5,-0.003260869565217391,2349.18054934853,2234.42593420196,CLOSE,2024-06-10,2024-06-11,SHORT,DOWN,0.6375,STRONG SELL,1388.9358058409296
2314.89990234375,2336.0,-21.10009765625,-0.009114907143452266,2362.078280059126,2251.9953987232484,CLOSE,2024-06-11,2024-06-12,SHORT,DOWN,0.5975,SELL,1376.2757849424734
2309.39990234375,2300.199951171875,9.199951171875,0.00398369774006581,2356.5512478478713,2246.531441671588,CLOSE,2024-06-12,2024-06-13,SHORT,DOWN,0.635,STRONG SELL,1381.758451676656
2307.0,2331.39990234375,-24.39990234375,-0.010576463954811443,2355.0476831996975,2242.936422400403,CLOSE,2024-06-13,2024-06-14,SHORT,DOWN,0.6025,STRONG SELL,1367.1443332182416
2320.199951171875,2312.39990234375,7.800048828125,0.0033618002725090096,2368.158508911438,2256.2552075191243,CLOSE,2024-06-14,2024-06-17,SHORT,DOWN,0.6175,STRONG SELL,1371.740399410214
2311.800048828125,2330.39990234375,-18.599853515625,-0.00804561515821987,2358.6686886599514,2249.3085290523563,CLOSE,2024-06-17,2024-06-18,SHORT,DOWN,0.645,STRONG SELL,1360.7039040595766
2328.89990234375,2353.800048828125,-24.900146484375,-0.01069180622976371,2374.4136236356912,2268.2149406211615,CLOSE,2024-06-18,2024-06-20,SHORT,DOWN,0.635,STRONG SELL,1346.1555215812887
2331.199951171875,2316.39990234375,14.800048828125,0.006348682711959194,2376.2162585685214,2271.178207976346,CLOSE,2024-06-20,2024-06-21,SHORT,DOWN,0.625,STRONG SELL,1354.7018358687603
2323.300048828125,2330.0,-6.699951171875,-0.0028838079589652925,2369.108064248337,2262.222694934509,CLOSE,2024-06-21,2024-06-24,SHORT,DOWN,0.6375,STRONG SELL,1350.7951359324572
2324.39990234375,2316.60009765625,7.7998046875,0.003355620811907307,2368.7037738053755,2265.3280737282494,CLOSE,2024-06-24,2024-06-25,SHORT,DOWN,0.63,STRONG SELL,1355.3278922032152
2307.89990234375,2299.199951171875,8.699951171875,0.0037696397330923698,2350.7963439520895,2250.7046468659637,CLOSE,2024-06-25,2024-06-26,SHORT,DOWN,0.6375,STRONG SELL,1360.4369900770328
2296.800048828125,2324.5,-27.699951171875,-0.012060236234324399,2338.6253264990387,2241.0330119335736,CLOSE,2024-06-26,2024-06-27,SHORT,DOWN,0.5875,SELL,1344.0297985947905
2325.39990234375,2327.699951171875,-2.300048828125,-0.000989098187286755,2367.880517323884,2268.759082370238,CLOSE,2024-06-27,2024-06-28,SHORT,DOWN,0.565,SELL,1342.700421157341
2323.800048828125,2327.60009765625,-3.800048828125,-0.0016352735813226858,2365.314196541263,2268.4478518772744,CLOSE,2024-06-28,2024-07-01,SHORT,DOWN,0.6225,STRONG SELL,1340.5047386309916
2330.699951171875,2323.0,7.699951171875,0.003303707612815398,2370.1059454769315,2278.1586254317995,CLOSE,2024-07-01,2024-07-02,SHORT,DOWN,0.64,STRONG SELL,1344.9333743410218
2330.89990234375,2359.800048828125,-28.900146484375,-0.012398707664501392,2368.7340503759006,2280.4543716342155,CLOSE,2024-07-02,2024-07-03,SHORT,DOWN,0.6225,STRONG SELL,1328.2579386043362
2354.89990234375,2388.5,-33.60009765625,-0.014268163849685921,2394.167335979631,2302.543324162575,CLOSE,2024-07-03,2024-07-05,SHORT,DOWN,0.625,STRONG SELL,1309.3061367016835
2381.699951171875,2355.199951171875,26.5,0.011126506505137695,2421.7625785826485,2328.283114624177,CLOSE,2024-07-05,2024-07-08,SHORT,DOWN,0.675,STRONG SELL,1323.8741399489115
2363.10009765625,2360.10009765625,3.0,0.0012695187998914793,2404.126103591812,2308.398756408834,CLOSE,2024-07-08,2024-07-09,SHORT,DOWN,0.6225,STRONG SELL,1325.5548230582667
2366.300048828125,2372.199951171875,-5.89990234375,-0.002493302718170436,2405.306340054004,2314.291660526953,CLOSE,2024-07-09,2024-07-10,SHORT,DOWN,0.6225,STRONG SELL,1322.2498136148517
2378.699951171875,2415.0,-36.300048828125,-0.015260457213294873,2416.7307825613075,2327.9921759859653,CLOSE,2024-07-10,2024-07-11,SHORT,DOWN,0.6375,STRONG SELL,1302.0716769088951
2399.800048828125,2414.0,-14.199951171875,-0.005917139296171423,2439.8822494040264,2346.357114726923,CLOSE,2024-07-11,2024-07-12,SHORT,DOWN,0.6975,STRONG SELL,1294.3671374230257
2430.0,2422.89990234375,7.10009765625,0.002921850887345679,2469.7584667317524,2376.9887110243303,CLOSE,2024-07-12,2024-07-15,SHORT,DOWN,0.715,STRONG SELL,1298.1490851920562
2427.39990234375,2462.39990234375,-35.0,-0.014418720197774633,2466.6756214518055,2375.0322768663427,CLOSE,2024-07-15,2024-07-16,SHORT,DOWN,0.71,STRONG SELL,1279.4314367576749
2472.89990234375,2454.800048828125,18.099853515625,0.007319282716809698,2513.6023558012303,2418.629964400443,CLOSE,2024-07-16,2024-07-17,SHORT,DOWN,0.715,STRONG SELL,1288.7959571600782
2466.0,2451.800048828125,14.199951171875,0.005758293257045823,2505.7558548706734,2412.9921935057687,CLOSE,2024-07-17,2024-07-18,SHORT,DOWN,0.68,STRONG SELL,1296.2172222299012
2418.800048828125,2395.5,23.300048828125,0.009632895798647578,2457.2376231193084,2367.5499497732135,CLOSE,2024-07-18,2024-07-19,SHORT,DOWN,0.6825,STRONG SELL,1308.7035476640542
2402.10009765625,2392.0,10.10009765625,0.004204694744446642,2443.824279015362,2346.4678558441,CLOSE,2024-07-19,2024-07-22,SHORT,DOWN,0.6425,STRONG SELL,1314.206246592956
2395.800048828125,2404.60009765625,-8.800048828125,-0.0036731148880431116,2435.626084839042,2342.698667480236,CLOSE,2024-07-22,2024-07-23,SHORT,DOWN,0.6325,STRONG SELL,1309.379016062636
2421.0,2413.300048828125,7.699951171875,0.0031804837554213136,2459.68490627632,2369.4201249649063,CLOSE,2024-07-23,2024-07-24,SHORT,DOWN,0.675,STRONG SELL,1313.5434747529127
2365.5,2351.89990234375,13.60009765625,0.005749354325195519,2403.1788310791276,2315.2615585611634,CLOSE,2024-07-24,2024-07-25,SHORT,DOWN,0.625,STRONG SELL,1321.0955016108155
2368.699951171875,2380.0,-11.300048828125,-0.0047705699586536865,2410.266024297248,2313.2785203380445,CLOSE,2024-07-25,2024-07-26,SHORT,DOWN,0.62,STRONG SELL,1314.7931230983186
2377.300048828125,2377.300048828125,0.0,0.0,2419.647116730257,2320.8372916252824,CLOSE,2024-07-26,2024-07-29,SHORT,DOWN,0.6175,STRONG SELL,1314.7931230983186
2380.89990234375,2405.0,-24.10009765625,-0.010122264120606643,2420.511460164145,2328.084491916557,CLOSE,2024-07-29,2024-07-30,SHORT,DOWN,0.52,SELL,1301.48443984236
2407.10009765625,2426.5,-19.39990234375,-0.008059449776367562,2447.6858299180453,2352.985787973856,CLOSE,2024-07-30,2024-07-31,SHORT,DOWN,0.5375,SELL,1290.9951913647267
2446.699951171875,2435.0,11.699951171875,0.004781931338279209,2489.1867077894126,2390.0509423484914,CLOSE,2024-07-31,2024-08-01,SHORT,DOWN,0.565,SELL,1297.1686417278815
2444.0,2425.699951171875,18.300048828125,0.00748774501969108,2486.5162844651686,2387.3116207131084,CLOSE,2024-08-01,2024-08-02,SHORT,DOWN,0.64,STRONG SELL,1306.8815097646789
2442.0,2380.646504947886,61.353495052113885,0.025124281348121984,2488.0151212890855,2380.646504947886,TP,2024-08-02,2024-08-05,SHORT,DOWN,0.6225,STRONG SELL,1339.7159685046652
2414.5,2389.10009765625,25.39990234375,0.010519735905466971,2466.0569140346192,2345.7574479538407,CLOSE,2024-08-05,2024-08-06,SHORT,DOWN,0.61,STRONG SELL,1353.809426681671
2392.199951171875,2390.5,1.699951171875,0.000710622525948234,2444.5528051498923,2322.3961458678523,CLOSE,2024-08-06,2024-08-07,SHORT,DOWN,0.6225,STRONG SELL,1354.7714741561124
2384.300048828125,2422.199951171875,-37.89990234375,-0.01589560943153009,2434.681270379141,2317.125086760104,CLOSE,2024-08-07,2024-08-08,SHORT,DOWN,0.6125,STRONG SELL,1333.2365559339485
2422.300048828125,2432.10009765625,-9.800048828125,-0.004045761726696958,2473.2076116969256,2354.423298336391,CLOSE,2024-08-08,2024-08-09,SHORT,DOWN,0.605,STRONG SELL,1327.8425985033177
2432.699951171875,2462.39990234375,-29.699951171875,-0.012208637221194502,2481.4284128703594,2367.7286689072293,CLOSE,2024-08-09,2024-08-12,SHORT,DOWN,0.6275,STRONG SELL,1311.6314499313426
2461.0,2466.699951171875,-5.699951171875,-0.00231611181303332,2510.2978625230344,2395.269516635954,CLOSE,2024-08-12,2024-08-13,SHORT,DOWN,0.685,STRONG SELL,1308.5935648358104
2468.0,2439.39990234375,28.60009765625,0.011588370201073743,2515.2230151999606,2405.035979733386,CLOSE,2024-08-13,2024-08-14,SHORT,DOWN,0.6975,STRONG SELL,1323.7580315078706
2451.800048828125,2453.10009765625,-1.300048828125,-0.0005302425981867396,2499.1535838687137,2388.6620021073404,CLOSE,2024-08-14,2024-08-15,SHORT,DOWN,0.66,STRONG SELL,1323.0561186098732
2453.5,2501.3818539662607,-47.88185396626068,-0.019515734243432108,2501.3818539662607,2389.6575280449856,SL,2024-08-15,2024-08-16,SHORT,DOWN,0.6725,STRONG SELL,1297.235707009936
2508.5,2501.800048828125,6.699951171875,0.0026708994107534382,2559.0260177175546,2441.1319763765937,CLOSE,2024-08-16,2024-08-19,SHORT,DOWN,0.735,STRONG SELL,1300.7004930953972
2503.5,2511.300048828125,-7.800048828125,-0.003115657610595167,2552.699164540743,2437.9011139456766,CLOSE,2024-08-19,2024-08-20,SHORT,DOWN,0.73,STRONG SELL,1296.6479557049795
2511.0,2508.39990234375,2.60009765625,0.0010354829375746714,2559.534948965288,2446.2867347129495,CLOSE,2024-08-20,2024-08-21,SHORT,DOWN,0.7525,STRONG SELL,1297.990612539153
2504.10009765625,2478.89990234375,25.2001953125,0.010063573471398567,2550.4004074097315,2442.3663513182746,CLOSE,2024-08-21,2024-08-22,SHORT,DOWN,0.7475,STRONG SELL,1311.0530364336264
2486.5,2508.39990234375,-21.89990234375,-0.008807521553891012,2533.4895524161793,2423.847263445094,CLOSE,2024-08-22,2024-08-23,SHORT,DOWN,0.705,STRONG SELL,1299.505908556943
2509.89990234375,2517.699951171875,-7.800048828125,-0.003107713108734455,2556.693772444488,2447.508075542766,CLOSE,2024-08-23,2024-08-26,SHORT,DOWN,0.695,STRONG SELL,1295.4674170100427
2515.199951171875,2516.0,-0.800048828125,-0.00031808557715351553,2560.2264229060424,2455.1646555263183,CLOSE,2024-08-26,2024-08-27,SHORT,DOWN,0.72,STRONG SELL,1295.0553475090194
2501.0,2501.0,0.0,0.0,2544.5460303937803,2442.938626141626,CLOSE,2024-08-27,2024-08-28,SHORT,DOWN,0.7075,STRONG SELL,1295.0553475090194
2504.10009765625,2525.699951171875,-21.599853515625,-0.008625794765888834,2546.1428401647604,2448.0431076449026,CLOSE,2024-08-28,2024-08-29,SHORT,DOWN,0.6525,STRONG SELL,1283.8844658709397
2519.5,2493.800048828125,25.699951171875,0.010200417214477078,2561.186112812032,2463.918516250624,CLOSE,2024-08-29,2024-08-30,SHORT,DOWN,0.685,STRONG SELL,1296.9806230780096
2501.60009765625,2489.89990234375,11.7001953125,0.0046770846081521655,2543.7264776613956,2445.4315909827224,CLOSE,2024-08-30,2024-09-03,SHORT,DOWN,0.655,STRONG SELL,1303.0467111872792
2490.89990234375,2493.39990234375,-2.5,-0.001003653337353174,2532.749398062814,2435.1005747183312,CLOSE,2024-09-03,2024-09-04,SHORT,DOWN,0.66,STRONG SELL,1301.738904006869
2493.699951171875,2511.39990234375,-17.699951171875,-0.007097867232806893,2533.6209010192647,2440.4720180420222,CLOSE,2024-09-04,2024-09-05,SHORT,DOWN,0.7,STRONG SELL,1292.4993340944486
2510.300048828125,2493.5,16.800048828125,0.006692446520872161,2549.501660809741,2458.0312328526365,CLOSE,2024-09-05,2024-09-06,SHORT,DOWN,0.6875,STRONG SELL,1301.1493167661386
2491.300048828125,2501.800048828125,-10.5,-0.004214666958698557,2531.365826150898,2437.8790123977606,CLOSE,2024-09-06,2024-09-09,SHORT,DOWN,0.695,STRONG SELL,1295.665405732431
2512.300048828125,2512.300048828125,0.0,0.0,2550.9396887361017,2460.7805289508224,CLOSE,2024-09-09,2024-09-10,SHORT,DOWN,0.7025,STRONG SELL,1295.665405732431
2525.800048828125,2512.10009765625,13.699951171875,0.005424004634979422,2562.804714456961,2476.460494656344,CLOSE,2024-09-10,2024-09-11,SHORT,DOWN,0.655,STRONG SELL,1302.6931008985061
2529.10009765625,2551.199951171875,-22.099853515625,-0.008738228089945994,2565.979430025883,2479.9276544967393,CLOSE,2024-09-11,2024-09-12,SHORT,DOWN,0.7075,STRONG SELL,1291.309871451656
2568.800048828125,2581.300048828125,-12.5,-0.004866085239177118,2607.8558469939003,2516.7256512737576,CLOSE,2024-09-12,2024-09-13,SHORT,DOWN,0.72,STRONG SELL,1285.0262475469813
2580.39990234375,2580.39990234375,0.0,0.0,2619.9445825322828,2527.6736620923734,CLOSE,2024-09-13,2024-09-16,SHORT,DOWN,0.7175,STRONG SELL,1285.0262475469813
2581.199951171875,2564.300048828125,16.89990234375,0.006547304611592518,2618.016455613124,2532.111278583543,CLOSE,2024-09-16,2024-09-17,SHORT,DOWN,0.7025,STRONG SELL,1293.439705823563
2570.699951171875,2570.699951171875,0.0,0.0,2606.7617052958917,2522.6176123398523,CLOSE,2024-09-17,2024-09-18,SHORT,DOWN,0.69,STRONG SELL,1293.439705823563
2566.0,2588.0,-22.0,-0.00857365549493375,2601.7894859723015,2518.2806853702646,CLOSE,2024-09-18,2024-09-19,SHORT,DOWN,0.6975,STRONG SELL,1282.3501993823634
2590.39990234375,2619.89990234375,-29.5,-0.011388203023521155,2625.99013931803,2542.94625304471,CLOSE,2024-09-19,2024-09-20,SHORT,DOWN,0.7425,STRONG SELL,1267.7465349645443
2626.5,2626.5,0.0,0.0,2663.169510993416,2577.607318675445,CLOSE,2024-09-20,2024-09-23,SHORT,DOWN,0.73,STRONG SELL,1267.7465349645443
2636.800048828125,2651.199951171875,-14.39990234375,-0.005461127911519025,2671.5574623566094,2590.4568307901454,CLOSE,2024-09-23,2024-09-24,SHORT,DOWN,0.725,STRONG SELL,1260.823208977718
2656.300048828125,2659.199951171875,-2.89990234375,-0.0010917073713225072,2692.5176523361597,2608.0099108174118,CLOSE,2024-09-24,2024-09-25,SHORT,DOWN,0.75,STRONG SELL,1259.4467589865426
2662.300048828125,2669.89990234375,-7.599853515625,-0.002854619455448028,2697.5270987652734,2615.3306489119273,CLOSE,2024-09-25,2024-09-26,SHORT,DOWN,0.7575,STRONG SELL,1255.8515177652387
2670.0,2644.300048828125,25.699951171875,0.009625449877106741,2703.8572554243387,2624.8569927675485,CLOSE,2024-09-26,2024-09-27,SHORT,DOWN,0.6125,STRONG SELL,1267.9396536025763
2660.89990234375,2636.10009765625,24.7998046875,0.009320081775964611,2695.5959409325333,2614.6385175587056,CLOSE,2024-09-27,2024-09-30,SHORT,DOWN,0.655,STRONG SELL,1279.7569548611407
2631.39990234375,2667.7855252995173,-36.3856229557673,-0.01382747750479095,2667.7855252995173,2582.8857384027265,SL,2024-09-30,2024-10-01,SHORT,DOWN,0.7375,STRONG SELL,1262.0611443561984
2650.60009765625,2647.10009765625,3.5,0.001320455697219214,2688.6188904008914,2599.908373996728,CLOSE,2024-10-01,2024-10-02,SHORT,DOWN,0.73,STRONG SELL,1263.7276401845027
2642.800048828125,2657.10009765625,-14.300048828125,-0.005410946179778509,2681.0282187511625,2591.8291555974083,CLOSE,2024-10-02,2024-10-03,SHORT,DOWN,0.7275,STRONG SELL,1256.8896779375657
2656.0,2645.800048828125,10.199951171875,0.0038403430616999247,2693.3297396774187,2606.227013763442,CLOSE,2024-10-03,2024-10-04,SHORT,DOWN,0.755,STRONG SELL,1261.7165654915557
2648.699951171875,2644.800048828125,3.89990234375,0.001472383590306086,2686.363280872335,2598.482178237928,CLOSE,2024-10-04,2024-10-07,SHORT,DOWN,0.7125,STRONG SELL,1263.5742962582028
2639.0,2615.0,24.0,0.00909435392194013,2675.944509972972,2589.7406533693706,CLOSE,2024-10-07,2024-10-08,SHORT,DOWN,0.7025,STRONG SELL,1275.0656881150414
2603.0,2606.0,-3.0,-0.001152516327314637,2641.1091878320453,2552.1877495572726,CLOSE,2024-10-08,2024-10-09,SHORT,DOWN,0.71,STRONG SELL,1273.5961540910903
2602.5,2620.60009765625,-18.10009765625,-0.0069548886287223825,2639.1728172726134,2553.602910303182,CLOSE,2024-10-09,2024-10-10,SHORT,DOWN,0.6275,STRONG SELL,1264.7384346814176
2638.300048828125,2657.60009765625,-19.300048828125,-0.007315335053227801,2675.117670098565,2589.2098871342046,CLOSE,2024-10-10,2024-10-11,SHORT,DOWN,0.6675,STRONG SELL,1255.4864492770282
2655.0,2647.800048828125,7.199951171875,0.002711846015772128,2693.2056483225515,2604.059135569931,CLOSE,2024-10-11,2024-10-14,SHORT,DOWN,0.6525,STRONG SELL,1258.891135202356
2661.39990234375,2661.39990234375,0.0,0.0,2697.9265810177044,2612.697664111811,CLOSE,2024-10-14,2024-10-15,SHORT,DOWN,0.68,STRONG SELL,1258.891135202356
2674.0,2674.0,0.0,0.0,2709.3747573596315,2626.8336568538243,CLOSE,2024-10-15,2024-10-16,SHORT,DOWN,0.675,STRONG SELL,1258.891135202356
2677.39990234375,2691.0,-13.60009765625,-0.005079591451521571,2711.5979017837203,2631.802569757123,CLOSE,2024-10-16,2024-10-17,SHORT,DOWN,0.6625,STRONG SELL,1252.4964825535858
2713.699951171875,2713.699951171875,0.0,0.0,2747.351659705977,2668.831006459739,CLOSE,2024-10-17,2024-10-18,SHORT,DOWN,0.685,STRONG SELL,1252.4964825535858
2721.89990234375,2723.10009765625,-1.2001953125,-0.00044094028272918714,2756.2122135885857,2676.150154017302,CLOSE,2024-10-18,2024-10-21,SHORT,DOWN,0.7125,STRONG SELL,1251.9442064004513
2731.699951171875,2744.199951171875,-12.5,-0.004575905195824165,2766.2078063819235,2685.689477558477,CLOSE,2024-10-21,2024-10-22,SHORT,DOWN,0.735,STRONG SELL,1246.2154284015014
2742.5,2714.39990234375,28.10009765625,0.010246161406107566,2776.9965693747326,2696.5045741670233,CLOSE,2024-10-22,2024-10-23,SHORT,DOWN,0.765,STRONG SELL,1258.9843528276847
2729.0,2734.89990234375,-5.89990234375,-0.0021619283047819714,2764.2468144193945,2682.0042474408074,CLOSE,2024-10-23,2024-10-24,SHORT,DOWN,0.7175,STRONG SELL,1256.262518920029
2725.5,2740.89990234375,-15.39990234375,-0.0056503035566868465,2760.5542057443486,2678.7610590075356,CLOSE,2024-10-24,2024-10-25,SHORT,DOWN,0.7325,STRONG SELL,1249.1642543412427
2736.10009765625,2742.89990234375,-6.7998046875,-0.0024852178081221257,2770.461135384261,2690.2853806855687,CLOSE,2024-10-25,2024-10-28,SHORT,DOWN,0.7225,STRONG SELL,1246.0598090910842
2768.39990234375,2768.39990234375,0.0,0.0,2801.7422840565905,2723.943393393296,CLOSE,2024-10-28,2024-10-29,SHORT,DOWN,0.7375,STRONG SELL,1246.0598090910842
2774.60009765625,2788.5,-13.89990234375,-0.00500969575957684,2808.2930235324593,2729.676196487971,CLOSE,2024-10-29,2024-10-30,SHORT,DOWN,0.745,STRONG SELL,1239.8174285493014
2787.39990234375,2742.7419801651695,44.65792217858052,0.016021354575290928,2820.893343977685,2742.7419801651695,TP,2024-10-30,2024-10-31,SHORT,DOWN,0.76,STRONG SELL,1259.6809831807152
2745.5,2738.60009765625,6.89990234375,0.00251316785421599,2782.493910088654,2696.1747865484613,CLOSE,2024-10-31,2024-11-01,SHORT,DOWN,0.6925,STRONG SELL,1262.8467729342124
2736.5,2736.10009765625,0.39990234375,0.00014613643111638955,2773.1872074567636,2687.583723390982,CLOSE,2024-11-01,2024-11-04,SHORT,DOWN,0.7025,STRONG SELL,1263.0313208546559
2743.0,2740.300048828125,2.699951171875,0.000984305932145461,2777.3345497812807,2697.220600291626,CLOSE,2024-11-04,2024-11-05,SHORT,DOWN,0.6625,STRONG SELL,1264.2745300762585
2734.5,2690.876299601153,43.62370039884718,0.01595308114786878,2767.2177752991356,2690.876299601153,TP,2024-11-05,2024-11-06,SHORT,DOWN,0.68,STRONG SELL,1284.4436042477487
2662.5,2698.39990234375,-35.89990234375,-0.013483531396713615,2701.5486641868088,2610.435114417588,CLOSE,2024-11-06,2024-11-07,SHORT,DOWN,0.6075,STRONG SELL,1267.124768582566
2688.5,2687.5,1.0,0.0003719546215361726,2728.6809129223493,2634.9254494368674,CLOSE,2024-11-07,2024-11-08,SHORT,DOWN,0.605,STRONG SELL,1267.5960814963032
2671.699951171875,2619.737868506109,51.96208266576605,0.019449071233831543,2710.6715131711994,2619.737868506109,TP,2024-11-08,2024-11-11,SHORT,DOWN,0.6125,STRONG SELL,1292.2496479810507
2605.5,2600.0,5.5,0.002110919209364805,2649.8628842309577,2546.3494876920568,CLOSE,2024-11-11,2024-11-12,SHORT,DOWN,0.545,SELL,1294.977482586269
2611.10009765625,2580.800048828125,30.300048828125,0.011604322965374874,2654.265622550398,2553.5460644640525,CLOSE,2024-11-12,2024-11-13,SHORT,DOWN,0.5375,SELL,1310.004819527088
2555.10009765625,2568.199951171875,-13.099853515625,-0.005126943374015473,2598.503799343673,2497.2284954063525,CLOSE,2024-11-13,2024-11-14,SHORT,DOWN,0.5425,SELL,1303.2884989976853
2565.699951171875,2565.699951171875,0.0,0.0,2608.8533989162233,2508.162020846077,CLOSE,2024-11-14,2024-11-15,SHORT,DOWN,0.52,SELL,1303.2884989976853
2591.699951171875,2610.60009765625,-18.900146484375,-0.0072925673652264504,2632.0388669344843,2537.914730155063,CLOSE,2024-11-15,2024-11-18,SHORT,DOWN,0.5175,SELL,1293.78417982242
2621.89990234375,2627.10009765625,-5.2001953125,-0.0019833691239896224,2664.178895551887,2565.527911399567,CLOSE,2024-11-18,2024-11-19,SHORT,DOWN,0.505,SELL,1291.2181282270537
2638.5,2648.199951171875,-9.699951171875,-0.003676312742798939,2679.59119228423,2583.711743621027,CLOSE,2024-11-19,2024-11-20,SHORT,DOWN,0.5425,SELL,1286.4712065685196
2659.300048828125,2672.10009765625,-12.800048828125,-0.004813315005114073,2699.7168545401555,2605.4109745454175,CLOSE,2024-11-20,2024-11-21,SHORT,DOWN,0.5575,SELL,1280.2790154062961
2687.5,2709.89990234375,-22.39990234375,-0.00833484738372093,2727.590620998783,2634.0458386682894,CLOSE,2024-11-21,2024-11-22,SHORT,DOWN,0.58,SELL,1269.6080852043042
2689.39990234375,2634.2781950580547,55.121707285695265,0.020495913321651408,2730.7411828080217,2634.2781950580547,TP,2024-11-22,2024-11-25,SHORT,DOWN,0.6375,STRONG SELL,1295.6298624711194
2625.60009765625,2620.300048828125,5.300048828125,0.0020186047497698163,2673.9634138211763,2561.115676103015,CLOSE,2024-11-25,2024-11-26,SHORT,DOWN,0.6325,STRONG SELL,1298.2452270654474
2633.5,2639.89990234375,-6.39990234375,-0.0024301888527624833,2679.351655956159,2572.364458725121,CLOSE,2024-11-26,2024-11-27,SHORT,DOWN,0.5125,SELL,1295.0902459864808
2636.39990234375,2657.0,-20.60009765625,-0.007813722659425298,2683.0049957511433,2574.259777800559,CLOSE,2024-11-27,2024-11-29,SHORT,DOWN,0.5425,SELL,1284.9707699854157
2649.0,2634.89990234375,14.10009765625,0.005322800172234805,2696.947597198606,2585.069870401858,CLOSE,2024-11-29,2024-12-02,SHORT,DOWN,0.5925,SELL,1291.8104126212106
2639.0,2644.699951171875,-5.699951171875,-0.00215989055395036,2687.304916916005,2574.5934441119934,CLOSE,2024-12-02,2024-12-03,SHORT,DOWN,0.6475,STRONG SELL,1289.0202435134954
2639.199951171875,2653.800048828125,-14.60009765625,-0.0055320164922582574,2686.1759506826074,2576.565285157565,CLOSE,2024-12-03,2024-12-04,SHORT,DOWN,0.655,STRONG SELL,1281.8893622675241
2652.39990234375,2626.60009765625,25.7998046875,0.00972696638418001,2698.302621406729,2591.1962769264446,CLOSE,2024-12-04,2024-12-05,SHORT,DOWN,0.64,STRONG SELL,1294.3582570025383
2620.199951171875,2638.60009765625,-18.400146484375,-0.0070224207416482096,2665.963195533369,2559.182292023216,CLOSE,2024-12-05,2024-12-06,SHORT,DOWN,0.635,STRONG SELL,1285.26872873144
2632.10009765625,2664.89990234375,-32.7998046875,-0.012461457950138956,2677.3374064550926,2571.78368592446,CLOSE,2024-12-06,2024-12-09,SHORT,DOWN,0.6425,STRONG SELL,1269.2524065137245
2662.300048828125,2697.60009765625,-35.300048828125,-0.013259230056981429,2709.2668408014924,2599.6776595303018,CLOSE,2024-12-09,2024-12-10,SHORT,DOWN,0.6325,STRONG SELL,1252.4230968553818
2701.800048828125,2733.800048828125,-32.0,-0.011843955667215135,2749.3977790003814,2638.33640859845,CLOSE,2024-12-10,2024-12-11,SHORT,DOWN,0.665,STRONG SELL,1237.5894532196303
2725.10009765625,2687.5,37.60009765625,0.013797694142900786,2773.6586990131887,2660.355295846998,CLOSE,2024-12-11,2024-12-12,SHORT,DOWN,0.625,STRONG SELL,1254.6653339696345
2688.199951171875,2656.0,32.199951171875,0.01197825747963353,2739.33295384093,2620.022614279802,CLOSE,2024-12-12,2024-12-13,SHORT,DOWN,0.6125,STRONG SELL,1269.694038390693
2658.300048828125,2651.39990234375,6.900146484375,0.0025956988893773804,2710.2164241441446,2589.078215073432,CLOSE,2024-12-13,2024-12-16,SHORT,DOWN,0.63,STRONG SELL,1272.989781795993
2651.800048828125,2644.39990234375,7.400146484375,0.002790612545484057,2701.3259739960135,2585.7654819376066,CLOSE,2024-12-16,2024-12-17,SHORT,DOWN,0.64,STRONG SELL,1276.5422030513457
2644.300048828125,2636.5,7.800048828125,0.0029497593631939573,2692.4098417156065,2580.153658311483,CLOSE,2024-12-17,2024-12-18,SHORT,DOWN,0.6425,STRONG SELL,1280.3076953673087
2582.10009765625,2592.199951171875,-10.099853515625,-0.003911487987933756,2632.8699210322375,2514.4069998216,CLOSE,2024-12-18,2024-12-19,SHORT,DOWN,0.6325,STRONG SELL,1275.2997871960204
2605.300048828125,2628.699951171875,-23.39990234375,-0.00898165351598384,2658.2720172140866,2534.670757646843,CLOSE,2024-12-19,2024-12-20,SHORT,DOWN,0.605,STRONG SELL,1263.845486378418
2620.0,2612.300048828125,7.699951171875,0.0029389126610209924,2673.4097006245756,2548.787065833899,CLOSE,2024-12-20,2024-12-23,SHORT,DOWN,0.635,STRONG SELL,1267.5598178799098
2613.0,2620.0,-7.0,-0.0026789131266743206,2664.4804205994947,2544.359439200674,CLOSE,2024-12-23,2024-12-24,SHORT,DOWN,0.595,SELL,1264.1641352449465
2628.5,2638.800048828125,-10.300048828125,-0.00391860332057257,2677.4282476995304,2563.262336400626,CLOSE,2024-12-24,2024-12-26,SHORT,DOWN,0.6425,STRONG SELL,1259.210377466827
2617.699951171875,2617.199951171875,0.5,0.00019100737644746612,2665.1476149815953,2554.436399425581,CLOSE,2024-12-26,2024-12-27,SHORT,DOWN,0.6375,STRONG SELL,1259.4508959374223
2620.699951171875,2606.10009765625,14.599853515625,0.005570974849332337,2667.1585118327985,2558.755203623977,CLOSE,2024-12-27,2024-12-30,SHORT,DOWN,0.6225,STRONG SELL,1266.4672652026588
2608.39990234375,2629.199951171875,-20.800048828125,-0.007974256098321173,2654.743555351438,2546.6083650001665,CLOSE,2024-12-30,2024-12-31,SHORT,DOWN,0.53,SELL,1256.3681308897924
2633.0,2658.89990234375,-25.89990234375,-0.009836651099031523,2678.6369687387237,2572.150708348369,CLOSE,2024-12-31,2025-01-02,SHORT,DOWN,0.5925,SELL,1244.009675934287
2658.699951171875,2645.0,13.699951171875,0.0051528760008576644,2704.7092949811586,2597.3541594261637,CLOSE,2025-01-02,2025-01-03,SHORT,DOWN,0.56,SELL,1250.4199035382437
2645.5,2638.39990234375,7.10009765625,0.002683839597902098,2690.055089271009,2586.093214305322,CLOSE,2025-01-03,2025-01-06,SHORT,DOWN,0.6275,STRONG SELL,1253.7758299893646
2653.39990234375,2656.699951171875,-3.300048828125,-0.001243705792409981,2697.954622863816,2593.993608316995,CLOSE,2025-01-06,2025-01-07,SHORT,DOWN,0.6325,STRONG SELL,1252.2165017272232
2655.5,2664.5,-9.0,-0.0033891922425155338,2698.918679517517,2597.6084273099777,CLOSE,2025-01-07,2025-01-08,SHORT,DOWN,0.635,STRONG SELL,1247.9724992736194
2669.699951171875,2683.800048828125,-14.10009765625,-0.00528152897858829,2712.5244288321137,2612.60064762489,CLOSE,2025-01-08,2025-01-09,SHORT,DOWN,0.64,STRONG SELL,1241.3812963542246
2686.10009765625,2708.5,-22.39990234375,-0.008339191217518282,2728.2014035723423,2629.9650231014602,CLOSE,2025-01-09,2025-01-10,SHORT,DOWN,0.6375,STRONG SELL,1231.029180350076
2711.10009765625,2673.5,37.60009765625,0.013868944820132366,2754.094183130233,2653.774650357606,CLOSE,2025-01-10,2025-01-13,SHORT,DOWN,0.695,STRONG SELL,1248.102256124324
2673.60009765625,2677.5,-3.89990234375,-0.001458670781456344,2717.5624575076495,2614.983617854384,CLOSE,2025-01-13,2025-01-14,SHORT,DOWN,0.6525,STRONG SELL,1246.2816858310457
2690.800048828125,2712.5,-21.699951171875,-0.008064497836368624,2733.49724011871,2633.870460440678,CLOSE,2025-01-14,2025-01-15,SHORT,DOWN,0.6625,STRONG SELL,1236.2310498721554
2731.699951171875,2746.39990234375,-14.699951171875,-0.005381246635659547,2775.097343084561,2673.83676195496,CLOSE,2025-01-15,2025-01-16,SHORT,DOWN,0.6875,STRONG SELL,1229.578585694133
2736.0,2744.300048828125,-8.300048828125,-0.003033643577531067,2780.2940120076505,2676.9413173231324,CLOSE,2025-01-16,2025-01-17,SHORT,DOWN,0.6525,STRONG SELL,1225.8484825145722
2746.0,2755.0,-9.0,-0.0032774945375091042,2789.9265930417023,2687.4312092777304,CLOSE,2025-01-17,2025-01-21,SHORT,DOWN,0.6575,STRONG SELL,1221.8307708093168
2754.5,2767.60009765625,-13.10009765625,-0.004755889510346705,2798.5246883071386,2695.800415590482,CLOSE,2025-01-21,2025-01-22,SHORT,DOWN,0.685,STRONG SELL,1216.019878663006
2760.0,2763.10009765625,-3.10009765625,-0.0011232237884963767,2802.5193586596424,2703.3075217871437,CLOSE,2025-01-22,2025-01-23,SHORT,DOWN,0.6825,STRONG SELL,1214.6540162080073
2759.800048828125,2777.300048828125,-17.5,-0.006341039093549877,2801.6609027955606,2703.9855768715443,CLOSE,2025-01-23,2025-01-24,SHORT,DOWN,0.6875,STRONG SELL,1206.951847606095
2761.10009765625,2737.5,23.60009765625,0.0085473531641547,2803.420885394427,2704.6723806720142,CLOSE,2025-01-24,2025-01-27,SHORT,DOWN,0.7025,STRONG SELL,1217.2680912997134
2738.0,2766.800048828125,-28.800048828125,-0.010518644568343682,2781.5621652741775,2679.917112967763,CLOSE,2025-01-27,2025-01-28,SHORT,DOWN,0.7025,STRONG SELL,1204.4640809029456
2769.10009765625,2769.10009765625,0.0,0.0,2812.6899706424283,2710.980267008012,CLOSE,2025-01-28,2025-01-29,SHORT,DOWN,0.675,STRONG SELL,1204.4640809029456
2772.5,2813.222744433036,-40.72274443303604,-0.014688095377109483,2813.222744433036,2718.2030074226186,SL,2025-01-29,2025-01-30,SHORT,DOWN,0.645,STRONG SELL,1186.7727976043407
2829.0,2812.5,16.5,0.005832449628844115,2873.2853950817926,2769.95280655761,CLOSE,2025-01-30,2025-01-31,SHORT,DOWN,0.695,STRONG SELL,1193.6945901672505
2818.199951171875,2833.89990234375,-15.699951171875,-0.005570914570964557,2862.9649608906825,2758.5132715467985,CLOSE,2025-01-31,2025-02-03,SHORT,DOWN,0.725,STRONG SELL,1187.0446195816062
2827.60009765625,2853.300048828125,-25.699951171875,-0.00908896247145318,2876.3997495379995,2762.5338951472504,CLOSE,2025-02-03,2025-02-04,SHORT,DOWN,0.71,STRONG SELL,1176.2556155822886
2850.0,2871.60009765625,-21.60009765625,-0.00757898163377193,2899.299671515754,2784.267104645661,CLOSE,2025-02-04,2025-02-05,SHORT,DOWN,0.67,STRONG SELL,1167.3407958751693
2865.199951171875,2856.0,9.199951171875,0.0032109281476541255,2914.460360436504,2799.5194054857034,CLOSE,2025-02-05,2025-02-06,SHORT,DOWN,0.6475,STRONG SELL,1171.08904329455
2859.89990234375,2867.300048828125,-7.400146484375,-0.002587554368007922,2909.434557626307,2793.8536953003404,CLOSE,2025-02-06,2025-02-07,SHORT,DOWN,0.655,STRONG SELL,1168.058786725247
2864.199951171875,2913.7857025056783,-49.58575133380327,-0.0173122520002542,2913.7857025056783,2798.0856160601375,SL,2025-02-07,2025-02-10,SHORT,DOWN,0.675,STRONG SELL,1147.8370586583483
2925.5,2912.5,13.0,0.004443684840198256,2977.1474886129736,2856.636681849369,CLOSE,2025-02-10,2025-02-11,SHORT,DOWN,0.6375,STRONG SELL,1152.937684794926
2902.0,2909.0,-7.0,-0.002412129565816678,2955.89408610602,2830.1412185253066,CLOSE,2025-02-11,2025-02-12,SHORT,DOWN,0.63,STRONG SELL,1150.156649717888
2911.300048828125,2925.89990234375,-14.599853515625,-0.00501489137868212,2966.048118320545,2838.3026228382314,CLOSE,2025-02-12,2025-02-13,SHORT,DOWN,0.645,STRONG SELL,1144.3887390510838
2937.300048828125,2883.60009765625,53.699951171875,0.01828207887488352,2991.2125366966447,2865.4167316700987,CLOSE,2025-02-13,2025-02-14,SHORT,DOWN,0.655,STRONG SELL,1165.3105442419442
2879.199951171875,2931.60009765625,-52.400146484375,-0.018199551046479908,2936.7186742121744,2802.5083204514754,CLOSE,2025-02-14,2025-02-18,SHORT,DOWN,0.615,STRONG SELL,1144.1024155070118
2938.699951171875,2919.39990234375,19.300048828125,0.006567546584818452,2998.8173211573985,2858.5434578578434,CLOSE,2025-02-18,2025-02-19,SHORT,DOWN,0.6475,STRONG SELL,1151.6163614186573
2949.10009765625,2940.0,9.10009765625,0.0030857201705300394,3008.019787893924,2870.540510672685,CLOSE,2025-02-19,2025-02-20,SHORT,DOWN,0.64,STRONG SELL,1155.1699272537994
2938.800048828125,2937.60009765625,1.199951171875,0.0004083133088123815,2997.4112054578623,2860.6518399884753,CLOSE,2025-02-20,2025-02-21,SHORT,DOWN,0.6875,STRONG SELL,1155.641598509037
2933.10009765625,2947.89990234375,-14.7998046875,-0.005045789163256334,2989.956880723707,2857.2910535663073,CLOSE,2025-02-21,2025-02-24,SHORT,DOWN,0.69,STRONG SELL,1149.810474654672
2938.699951171875,2904.5,34.199951171875,0.011637782604595946,2994.1526573796027,2864.763009561571,CLOSE,2025-02-24,2025-02-25,SHORT,DOWN,0.6925,STRONG SELL,1163.1917189951903
2913.5,2916.800048828125,-3.300048828125,-0.001132675074008924,2971.1953595868636,2836.572853884182,CLOSE,2025-02-25,2025-02-26,SHORT,DOWN,0.58,SELL,1161.8742007287908
2918.5,2883.199951171875,35.300048828125,0.012095271142067843,2973.4135481878016,2845.281935749598,CLOSE,2025-02-26,2025-02-27,SHORT,DOWN,0.5875,SELL,1175.927384219579
2877.10009765625,2836.800048828125,40.300048828125,0.01400717648334666,2933.705550953963,2801.6261599259656,CLOSE,2025-02-27,2025-02-28,SHORT,DOWN,0.615,STRONG SELL,1192.3988066219429
2872.699951171875,2890.199951171875,-17.5,-0.006091830089272336,2930.5228563964256,2795.6027442058075,CLOSE,2025-02-28,2025-03-03,SHORT,DOWN,0.6,STRONG SELL,1185.1349156933509
2886.10009765625,2909.60009765625,-23.5,-0.008142475730167477,2945.6856525076187,2806.6526911877586,CLOSE,2025-03-03,2025-03-04,SHORT,DOWN,0.6225,STRONG SELL,1175.4849834053437
2916.699951171875,2915.300048828125,1.39990234375,0.0004799610406231692,2976.5079454646634,2836.95595878149,CLOSE,2025-03-04,2025-03-05,SHORT,DOWN,0.6225,STRONG SELL,1176.0491704012159
2904.0,2916.60009765625,-12.60009765625,-0.004338876603391873,2962.6431375575894,2825.809149923214,CLOSE,2025-03-05,2025-03-06,SHORT,DOWN,0.6375,STRONG SELL,1170.9464381713237
2900.89990234375,2904.699951171875,-3.800048828125,-0.0013099551711711226,2956.939963878811,2826.1798202970026,CLOSE,2025-03-06,2025-03-07,SHORT,DOWN,0.6725,STRONG SELL,1169.4125508294767
2910.10009765625,2891.0,19.10009765625,0.006563381675988715,2965.0087314561056,2836.8885859231095,CLOSE,2025-03-07,2025-03-10,SHORT,DOWN,0.67,STRONG SELL,1177.087851737262
2884.39990234375,2912.89990234375,-28.5,-0.00988073809628201,2939.1257922812274,2811.4320490937803,CLOSE,2025-03-10,2025-03-11,SHORT,DOWN,0.59,SELL,1165.457354957931
2912.0,2939.10009765625,-27.10009765625,-0.009306352217118818,2966.7061887449568,2839.0584150067243,CLOSE,2025-03-11,2025-03-12,SHORT,DOWN,0.6525,STRONG SELL,1154.6111983186609
2937.10009765625,2984.300048828125,-47.199951171875,-0.016070256240003418,2991.0165690968793,2865.211469068744,CLOSE,2025-03-12,2025-03-13,SHORT,DOWN,0.6925,STRONG SELL,1136.0563005041024
2994.39990234375,2994.5,-0.10009765625,-3.3428285971974703e-05,3050.1223453416337,2920.1033116799053,CLOSE,2025-03-13,2025-03-14,SHORT,DOWN,0.6725,STRONG SELL,1136.0183240892088
2991.0,3000.0,-9.0,-0.003009027081243731,3044.938697069463,2919.0817372407155,CLOSE,2025-03-14,2025-03-17,SHORT,DOWN,0.715,STRONG SELL,1132.6000141872353
3006.39990234375,3035.10009765625,-28.7001953125,-0.00954636649972138,3057.825121051109,2937.8329440672715,CLOSE,2025-03-17,2025-03-18,SHORT,DOWN,0.745,STRONG SELL,1121.7877993542143
3035.199951171875,3035.89990234375,-0.699951171875,-0.00023061122269877227,3087.1519347399803,2965.9306397477344,CLOSE,2025-03-18,2025-03-19,SHORT,DOWN,0.755,STRONG SELL,1121.5291024981966
3047.300048828125,3040.0,7.300048828125,0.002395579270552081,3097.684033569937,2980.121402505709,CLOSE,2025-03-19,2025-03-20,SHORT,DOWN,0.74,STRONG SELL,1124.2158143674621
3034.5,3018.199951171875,16.300048828125,0.005371576479856649,3082.667287240723,2970.2769503457025,CLOSE,2025-03-20,2025-03-21,SHORT,DOWN,0.735,STRONG SELL,1130.2546255942013
3024.300048828125,3013.10009765625,11.199951171875,0.0037033201041724775,3073.216111729109,2959.078631626813,CLOSE,2025-03-21,2025-03-24,SHORT,DOWN,0.74,STRONG SELL,1134.4403202719984
3026.39990234375,3023.699951171875,2.699951171875,0.0008921329827509125,3073.7826802691056,2963.2228651099426,CLOSE,2025-03-24,2025-03-25,SHORT,DOWN,0.725,STRONG SELL,1135.4523918986756
3033.199951171875,3020.89990234375,12.300048828125,0.004055139465294032,3078.8803825852633,2972.2927092873574,CLOSE,2025-03-25,2025-03-26,SHORT,DOWN,0.73,STRONG SELL,1140.0568097040266
3025.5,3060.199951171875,-34.699951171875,-0.011469162509295984,3069.385395366561,2966.9861395112516,CLOSE,2025-03-26,2025-03-27,SHORT,DOWN,0.72,STRONG SELL,1126.9813128837015
3069.699951171875,3086.5,-16.800048828125,-0.0054728635030637076,3115.1756859039942,3009.0656381957156,CLOSE,2025-03-27,2025-03-28,SHORT,DOWN,0.68,STRONG SELL,1120.8134979877855
3091.0,3122.800048828125,-31.800048828125,-0.010287948504731479,3136.945319876812,3029.7395734975844,CLOSE,2025-03-28,2025-03-31,SHORT,DOWN,0.6625,STRONG SELL,1109.2826264370792
3129.699951171875,3118.89990234375,10.800048828125,0.0034508256371608608,3177.3456053432,3066.1724122767746,CLOSE,2025-03-31,2025-04-01,SHORT,DOWN,0.6675,STRONG SELL,1113.1105673632453
3120.699951171875,3139.89990234375,-19.199951171875,-0.006152450242665943,3169.817344330963,3055.2100936264246,CLOSE,2025-04-01,2025-04-02,SHORT,DOWN,0.6675,STRONG SELL,1106.2622099829573
3150.0,3081.8736758060104,68.1263241939896,0.021627404506028444,3201.0947431454924,3081.8736758060104,TP,2025-04-02,2025-04-03,SHORT,DOWN,0.6425,STRONG SELL,1130.1877902879917
3110.5,3030.825570056474,79.67442994352587,0.0256146696491001,3170.2558224576446,3030.825570056474,TP,2025-04-03,2025-04-04,SHORT,DOWN,0.6425,STRONG SELL,1159.137177177665
3016.39990234375,2951.300048828125,65.099853515625,0.021581970436029472,3084.3910179656923,2925.7450815144934,CLOSE,2025-04-04,2025-04-07,SHORT,DOWN,0.56,SELL,1184.153641466816
2994.0,2968.39990234375,25.60009765625,0.008550466819054777,3067.9667606835446,2895.3776524219406,CLOSE,2025-04-07,2025-04-08,SHORT,DOWN,0.5325,SELL,1194.278707886841
2965.800048828125,3041.2548928026886,-75.45484397456357,-0.025441649043190896,3041.2548928026886,2865.1935901953734,SL,2025-04-08,2025-04-09,SHORT,DOWN,0.565,SELL,1163.8942881410285
3073.89990234375,3157.3150989110904,-83.41519656734044,-0.027136601456585828,3157.3150989110904,2962.6796402539626,SL,2025-04-09,2025-04-10,SHORT,DOWN,0.585,SELL,1132.3101527061488
3182.10009765625,3222.199951171875,-40.099853515625,-0.012601694568049642,3271.3963516116373,3063.0384257157334,CLOSE,2025-04-10,2025-04-11,SHORT,DOWN,0.67,STRONG SELL,1118.0411260054443
3215.5,3204.800048828125,10.699951171875,0.0033276165983128596,3306.967955333016,3093.5427262226453,CLOSE,2025-04-11,2025-04-14,SHORT,DOWN,0.7325,STRONG SELL,1121.7615382139365
3216.0,3218.699951171875,-2.699951171875,-0.0008395370559312811,3304.609535183671,3097.853953088438,CLOSE,2025-04-14,2025-04-15,SHORT,DOWN,0.6575,STRONG SELL,1120.8197778346873
3238.300048828125,3322.069606749793,-83.76955792166791,-0.02586837435029605,3322.069606749793,3126.607304932568,SL,2025-04-15,2025-04-16,SHORT,DOWN,0.665,STRONG SELL,1091.825992242444
3345.0,3308.699951171875,36.300048828125,0.010852032534566517,3435.2360128385353,3224.685316215286,CLOSE,2025-04-16,2025-04-17,SHORT,DOWN,0.6375,STRONG SELL,1103.6745234323444
3342.199951171875,3406.199951171875,-64.0,-0.019149063770873342,3432.11910071893,3222.3077517758015,CLOSE,2025-04-17,2025-04-21,SHORT,DOWN,0.655,STRONG SELL,1082.5401896008502
3422.199951171875,3400.800048828125,21.39990234375,0.006253258912128136,3517.4605952685824,3295.1857590429317,CLOSE,2025-04-21,2025-04-22,SHORT,DOWN,0.675,STRONG SELL,1089.3095936892087
3321.199951171875,3276.300048828125,44.89990234375,0.01351918071897695,3422.931279242144,3185.558180411517,CLOSE,2025-04-22,2025-04-23,SHORT,DOWN,0.6725,STRONG SELL,1104.0361669452084
3305.39990234375,3332.0,-26.60009765625,-0.008047467308687445,3415.3575745864546,3158.7896726868103,CLOSE,2025-04-23,2025-04-24,SHORT,DOWN,0.6325,STRONG SELL,1095.1514719841082
3355.5,3282.39990234375,73.10009765625,0.021785157996200268,3465.9178228163287,3208.2762362448952,CLOSE,2025-04-24,2025-04-25,SHORT,DOWN,0.625,STRONG SELL,1119.0095198310532
3284.5,3332.5,-48.0,-0.01461409651392906,3396.609396437707,3135.020804749724,CLOSE,2025-04-25,2025-04-28,SHORT,DOWN,0.6475,STRONG SELL,1102.6562067082368
3340.0,3318.800048828125,21.199951171875,0.006347290770022455,3449.4694500124688,3194.040733316708,CLOSE,2025-04-28,2025-04-29,SHORT,DOWN,0.61,STRONG SELL,1109.655086271584
3318.699951171875,3305.0,13.699951171875,0.0041281078052980875,3424.64659378948,3177.437761015068,CLOSE,2025-04-29,2025-04-30,SHORT,DOWN,0.5875,SELL,1114.2358620944105
3272.89990234375,3210.0,62.89990234375,0.01921840087400989,3376.721790005968,3134.470718794126,CLOSE,2025-04-30,2025-05-01,SHORT,DOWN,0.6125,STRONG SELL,1135.649693560339
3239.89990234375,3231.89990234375,8.0,0.002469212087142811,3347.7059304240684,3096.1585315699917,CLOSE,2025-05-01,2025-05-02,SHORT,DOWN,0.5075,SELL,1138.4538535104382
3242.699951171875,3311.300048828125,-68.60009765625,-0.02115524059864333,3347.8412629607424,3102.5115354533855,CLOSE,2025-05-02,2025-05-05,SHORT,DOWN,0.53,SELL,1114.3695883289722
3365.5,3411.39990234375,-45.89990234375,-0.013638360524067746,3472.109794749819,3223.353607000242,CLOSE,2025-05-05,2025-05-06,SHORT,DOWN,0.5925,SELL,1099.1714141262846
3418.699951171875,3381.39990234375,37.300048828125,0.010910594483537272,3530.509030601952,3269.6211785984387,CLOSE,2025-05-06,2025-05-07,SHORT,DOWN,0.59,SELL,1111.1640276937128
3390.0,3296.60009765625,93.39990234375,0.027551593611725662,3499.6084308993572,3243.8554254675237,CLOSE,2025-05-07,2025-05-08,SHORT,DOWN,0.6125,STRONG SELL,1141.7783674206983
3299.0,3335.39990234375,-36.39990234375,-0.011033616957790239,3411.6328339238453,3148.82288810154,CLOSE,2025-05-08,2025-05-09,SHORT,DOWN,0.6225,STRONG SELL,1129.180422263887
3300.699951171875,3220.0,80.699951171875,0.024449344795252723,3409.455429352276,3155.6926469313403,CLOSE,2025-05-09,2025-05-12,SHORT,DOWN,0.6275,STRONG SELL,1156.788143743866
3232.0,3240.300048828125,-8.300048828125,-0.002568084414642636,3346.958647847203,3078.7218028703965,CLOSE,2025-05-12,2025-05-13,SHORT,DOWN,0.555,SELL,1153.817414140874
3233.0,3181.39990234375,51.60009765625,0.015960438495592328,3343.111591109233,3086.1845451876898,CLOSE,2025-05-13,2025-05-14,SHORT,DOWN,0.5575,SELL,1172.2328460144126
3151.0,3220.699951171875,-69.699951171875,-0.022119946420779118,3260.596487921743,3004.871349437676,CLOSE,2025-05-14,2025-05-15,SHORT,DOWN,0.56,SELL,1146.3031182678965
3227.699951171875,3182.0,45.699951171875,0.014158673935996685,3340.5145575623774,3077.2804759845385,CLOSE,2025-05-15,2025-05-16,SHORT,DOWN,0.59,SELL,1162.533250351268
3234.39990234375,3228.89990234375,5.5,0.0017004699994006688,3344.9634863469846,3086.9817903394373,CLOSE,2025-05-16,2025-05-19,SHORT,DOWN,0.5875,SELL,1164.5101032667962
3219.0,3280.300048828125,-61.300048828125,-0.019043196280871387,3327.987613717289,3073.683181710281,CLOSE,2025-05-19,2025-05-20,SHORT,DOWN,0.6,STRONG SELL,1142.334108799229
3293.39990234375,3309.300048828125,-15.900146484375,-0.0048278821144859,3403.784824135362,3146.2200066216005,CLOSE,2025-05-20,2025-05-21,SHORT,DOWN,0.58,SELL,1136.8190543865899
3327.300048828125,3292.300048828125,35.0,0.010519039307058286,3433.7860424030373,3185.3187240615753,CLOSE,2025-05-21,2025-05-22,SHORT,DOWN,0.6175,STRONG SELL,1148.777298704695
3328.0,3363.60009765625,-35.60009765625,-0.010697144728440505,3431.7334278368603,3189.688762884186,CLOSE,2025-05-22,2025-05-23,SHORT,DOWN,0.6025,STRONG SELL,1136.4886616797041
3332.5,3299.10009765625,33.39990234375,0.010022476322205551,3436.463188222955,3193.8824157027266,CLOSE,2025-05-23,2025-05-27,SHORT,DOWN,0.64,STRONG SELL,1147.8790923818442
3293.60009765625,3293.60009765625,0.0,0.0,3397.348063380579,3155.269476690478,CLOSE,2025-05-27,2025-05-28,SHORT,DOWN,0.65,STRONG SELL,1147.8790923818442
3283.699951171875,3317.10009765625,-33.400146484375,-0.010171497694987411,3380.6266336301805,3154.464374560801,CLOSE,2025-05-28,2025-05-29,SHORT,DOWN,0.5575,SELL,1136.203442839558
3315.10009765625,3288.89990234375,26.2001953125,0.00790328935498006,3414.360604205145,3182.7527555910565,CLOSE,2025-05-29,2025-05-30,SHORT,DOWN,0.6025,STRONG SELL,1145.1831874144434
3296.89990234375,3370.60009765625,-73.7001953125,-0.022354392761547565,3394.1168117451793,3167.2773564751774,CLOSE,2025-05-30,2025-06-02,SHORT,DOWN,0.5725,SELL,1119.5833126590599
3385.10009765625,3350.199951171875,34.900146484375,0.010309930423782416,3485.2193863666175,3251.607712709093,CLOSE,2025-06-02,2025-06-03,SHORT,DOWN,0.6725,STRONG SELL,1131.1261387162026
3355.0,3373.5,-18.5,-0.005514157973174367,3454.2571914280425,3222.6570780959437,CLOSE,2025-06-03,2025-06-04,SHORT,DOWN,0.615,STRONG SELL,1124.8889304997347
3371.5,3350.699951171875,20.800048828125,0.006169375301238321,3467.5245348974677,3243.4672868033763,CLOSE,2025-06-04,2025-06-05,SHORT,DOWN,0.6825,STRONG SELL,1131.8287924841961
3364.300048828125,3322.699951171875,41.60009765625,0.012365156808989263,3459.4978364645012,3237.3696653129564,CLOSE,2025-06-05,2025-06-06,SHORT,DOWN,0.6825,STRONG SELL,1145.8240329841922
3315.60009765625,3332.10009765625,-16.5,-0.004976474699606751,3410.244477121613,3189.407591702433,CLOSE,2025-06-06,2025-06-09,SHORT,DOWN,0.64,STRONG SELL,1140.121868673845
3302.0,3320.89990234375,-18.89990234375,-0.005723774180420957,3394.6626485381494,3178.449801949134,CLOSE,2025-06-09,2025-06-10,SHORT,DOWN,0.61,STRONG SELL,1133.5960685593964
3328.0,3321.300048828125,6.699951171875,0.0020132064819335938,3418.5760360170093,3207.231951977321,CLOSE,2025-06-10,2025-06-11,SHORT,DOWN,0.605,STRONG SELL,1135.8782315125145
3363.0,3380.89990234375,-17.89990234375,-0.005322599566978888,3450.8670439075354,3245.8439414566196,CLOSE,2025-06-11,2025-06-12,SHORT,DOWN,0.5825,SELL,1129.8324065293252
3407.300048828125,3431.199951171875,-23.89990234375,-0.007014322777933781,3496.883716761796,3287.8551582498967,CLOSE,2025-06-12,2025-06-13,SHORT,DOWN,0.635,STRONG SELL,1121.9073973449588
3442.0,3396.39990234375,45.60009765625,0.013248139934994189,3531.9455592587215,3322.0725876550378,CLOSE,2025-06-13,2025-06-16,SHORT,DOWN,0.7075,STRONG SELL,1136.77058353909
3398.300048828125,3386.60009765625,11.699951171875,0.003442883501681857,3487.8852214601075,3278.8531519854814,CLOSE,2025-06-16,2025-06-17,SHORT,DOWN,0.7025,STRONG SELL,1140.684352226354
3385.300048828125,3389.800048828125,-4.5,-0.0013292765589737743,3470.8648467548096,3271.2136515925454,CLOSE,2025-06-17,2025-06-18,SHORT,DOWN,0.6425,STRONG SELL,1139.1680672557513
3350.0,3368.10009765625,-18.10009765625,-0.005403014225746268,3432.3244342912963,3240.2340876116045,CLOSE,2025-06-18,2025-06-20,SHORT,DOWN,0.63,STRONG SELL,1133.0131259828527
3365.89990234375,3377.699951171875,-11.800048828125,-0.0035057634423140056,3447.57259656011,3257.0029767219366,CLOSE,2025-06-20,2025-06-23,SHORT,DOWN,0.6625,STRONG SELL,1129.04104998612
3358.0,3317.39990234375,40.60009765625,0.012090559159097677,3437.899634166308,3251.4671544449234,CLOSE,2025-06-23,2025-06-24,SHORT,DOWN,0.605,STRONG SELL,1142.691787594027
3321.60009765625,3327.10009765625,-5.5,-0.0016558284676956893,3404.0104670076653,3211.7196051876967,CLOSE,2025-06-24,2025-06-25,SHORT,DOWN,0.635,STRONG SELL,1140.7996860023266
3332.39990234375,3333.5,-1.10009765625,-0.0003301217406339129,3411.130943903881,3227.4251802635754,CLOSE,2025-06-25,2025-06-26,SHORT,DOWN,0.6325,STRONG SELL,1140.4230832242688
3318.699951171875,3273.699951171875,45.0,0.013559526520048892,3392.493050728827,3220.309151762606,CLOSE,2025-06-26,2025-06-27,SHORT,DOWN,0.555,SELL,1155.8866802653242
3265.89990234375,3294.39990234375,-28.5,-0.008726538121865638,3342.9613467007634,3163.151309867732,CLOSE,2025-06-27,2025-06-30,SHORT,DOWN,0.5625,SELL,1145.7997910854322
3310.10009765625,3336.699951171875,-26.599853515625,-0.00803596650580425,3386.4678569531643,3208.2764185936976,CLOSE,2025-06-30,2025-07-01,SHORT,DOWN,0.5375,SELL,1136.5921823419121
3329.0,3348.0,-19.0,-0.005707419645539201,3406.3093688449026,3225.92084154013,CLOSE,2025-07-01,2025-07-02,SHORT,DOWN,0.5425,SELL,1130.1051737914477
3362.0,3331.60009765625,30.39990234375,0.009042207716760857,3436.840842498838,3262.212210001549,CLOSE,2025-07-02,2025-07-03,SHORT,DOWN,0.585,SELL,1140.3238195146562
3342.0,3332.5,9.5,0.0028426092160383004,3415.748634231622,3243.668487691171,CLOSE,2025-07-03,2025-07-04,SHORT,DOWN,0.6025,STRONG SELL,1143.5653145132765
3305.5,3332.199951171875,-26.699951171875,-0.008077431907994252,3375.095149894765,3212.7064668069797,CLOSE,2025-07-04,2025-07-07,SHORT,DOWN,0.605,STRONG SELL,1134.3282435529513
3330.39990234375,3307.0,23.39990234375,0.007026153924422845,3398.6775519949156,3239.3630361421956,CLOSE,2025-07-07,2025-07-08,SHORT,DOWN,0.62,STRONG SELL,1142.2982083929744
3289.39990234375,3311.60009765625,-22.2001953125,-0.006749010753202129,3357.825566556663,3198.1656833931997,CLOSE,2025-07-08,2025-07-09,SHORT,DOWN,0.62,STRONG SELL,1134.5888255011666
3323.60009765625,3317.39990234375,6.2001953125,0.0018655058160794613,3390.5667858539546,3234.31118005931,CLOSE,2025-07-09,2025-07-10,SHORT,DOWN,0.6425,STRONG SELL,1136.705407553998
3330.5,3356.0,-25.5,-0.007656508031827053,3394.7083428632704,3244.888876182306,CLOSE,2025-07-10,2025-07-11,SHORT,DOWN,0.645,STRONG SELL,1128.0022134712394
3367.0,3351.5,15.5,0.0046035046035046035,3432.257757407635,3279.98965678982,CLOSE,2025-07-11,2025-07-14,SHORT,DOWN,0.62,STRONG SELL,1133.1949768537177
3341.0,3329.800048828125,11.199951171875,0.0033522751187892844,3404.3286318785185,3256.5618241619754,CLOSE,2025-07-14,2025-07-15,SHORT,DOWN,0.635,STRONG SELL,1136.9937581793615
3341.199951171875,3352.5,-11.300048828125,-0.003382033099863323,3402.3301041132,3259.6930805834418,CLOSE,2025-07-15,2025-07-16,SHORT,DOWN,0.635,STRONG SELL,1133.1484076548609
3313.800048828125,3340.10009765625,-26.300048828125,-0.007936522554348327,3373.0708946676145,3234.7722543754726,CLOSE,2025-07-16,2025-07-17,SHORT,DOWN,0.5725,SELL,1124.1551497600842
3338.199951171875,3353.0,-14.800048828125,-0.004433541742438,3397.3835885055305,3259.2884347270015,CLOSE,2025-07-17,2025-07-18,SHORT,DOWN,0.6275,STRONG SELL,1119.1711609786462
3350.300048828125,3406.84200301239,-56.541954184264796,-0.016876683688090015,3406.84200301239,3274.9107765824388,SL,2025-07-18,2025-07-21,SHORT,DOWN,0.64,STRONG SELL,1100.283263301977
3411.0,3439.199951171875,-28.199951171875,-0.008267355957746995,3470.0818041365046,3332.224261151327,CLOSE,2025-07-21,2025-07-22,SHORT,DOWN,0.6475,STRONG SELL,1091.1868299099083
3430.300048828125,3394.10009765625,36.199951171875,0.010552998471443276,3490.0259993488526,3350.6654481338214,CLOSE,2025-07-22,2025-07-23,SHORT,DOWN,0.66,STRONG SELL,1102.7021228580065
3367.0,3371.0,-4.0,-0.001188001188001188,3427.934795503064,3285.7536059959148,CLOSE,2025-07-23,2025-07-24,SHORT,DOWN,0.6275,STRONG SELL,1101.3921114260397
3344.0,3334.0,10.0,0.0029904306220095694,3403.485892001729,3264.685477331028,CLOSE,2025-07-24,2025-07-25,SHORT,DOWN,0.6125,STRONG SELL,1104.685748122888
3326.60009765625,3309.10009765625,17.5,0.005260626311028366,3386.6048545149984,3246.593755177919,CLOSE,2025-07-25,2025-07-28,SHORT,DOWN,0.615,STRONG SELL,1110.4970870348814
3323.39990234375,3323.39990234375,0.0,0.0,3381.7864518208467,3245.551169707621,CLOSE,2025-07-28,2025-07-29,SHORT,DOWN,0.6075,STRONG SELL,1110.4970870348814
3325.800048828125,3295.800048828125,30.0,0.009020385940090045,3381.5482524162326,3251.4691107106482,CLOSE,2025-07-29,2025-07-30,SHORT,DOWN,0.5375,SELL,1120.514199345282
3272.89990234375,3293.199951171875,-20.300048828125,-0.0062024655302131216,3331.9411070846045,3194.1782960226105,CLOSE,2025-07-30,2025-07-31,SHORT,DOWN,0.5375,SELL,1113.5642486477284
3286.199951171875,3345.213223180124,-59.013272008248805,-0.0179579066657841,3345.213223180124,3207.51558849421,SL,2025-07-31,2025-08-01,SHORT,DOWN,0.53,SELL,1093.5669658041584
3367.60009765625,3374.39990234375,-6.7998046875,-0.0020191841341946934,3430.926717841365,3283.1646040760966,CLOSE,2025-08-01,2025-08-04,SHORT,DOWN,0.575,SELL,1091.358852737127
3378.5,3381.89990234375,-3.39990234375,-0.001006334865694835,3441.4925863493477,3294.509884867536,CLOSE,2025-08-04,2025-08-05,SHORT,DOWN,0.6125,STRONG SELL,1090.260580272633
3380.699951171875,3380.0,0.699951171875,0.0002070432697324621,3443.050209924841,3297.5662728345874,CLOSE,2025-08-05,2025-08-06,SHORT,DOWN,0.65,STRONG SELL,1090.486311388033
3384.89990234375,3400.300048828125,-15.400146484375,-0.004549660825630835,3445.1537140429327,3304.56148674484,CLOSE,2025-08-06,2025-08-07,SHORT,DOWN,0.5975,SELL,1085.5249685362244
3438.800048828125,3439.10009765625,-0.300048828125,-8.725393272785682e-05,3499.3464349427677,3358.0715340086012,CLOSE,2025-08-07,2025-08-08,SHORT,DOWN,0.61,STRONG SELL,1085.4302522136452
3383.89990234375,3353.10009765625,30.7998046875,0.009101866360221679,3448.3393985043335,3297.9805741296386,CLOSE,2025-08-08,2025-08-11,SHORT,DOWN,0.64,STRONG SELL,1095.3096933126353
3356.199951171875,3348.89990234375,7.300048828125,0.0021750935386242592,3425.668784730028,3263.5748397610037,CLOSE,2025-08-11,2025-08-12,SHORT,DOWN,0.5925,SELL,1097.6920943493521
3358.800048828125,3358.699951171875,0.10009765625,2.9801612121842073e-05,3426.1032357230843,3269.0624663015124,CLOSE,2025-08-12,2025-08-13,SHORT,DOWN,0.5825,SELL,1097.7248073433773
3346.800048828125,3335.199951171875,11.60009765625,0.003466026499046978,3410.8494366591585,3261.4008650534133,CLOSE,2025-08-13,2025-08-14,SHORT,DOWN,0.605,STRONG SELL,1101.5295506142907
3346.800048828125,3336.0,10.800048828125,0.00322697761161639,3409.4673427599555,3263.2436569190177,CLOSE,2025-08-14,2025-08-15,SHORT,DOWN,0.6175,STRONG SELL,1105.084161812657
3333.5,3331.699951171875,1.800048828125,0.0005399876490550472,3392.933926257012,3254.2547649906505,CLOSE,2025-08-15,2025-08-18,SHORT,DOWN,0.6125,STRONG SELL,1105.680893611202
3330.199951171875,3313.39990234375,16.800048828125,0.005044756793721403,3387.1136074451274,3254.315076140872,CLOSE,2025-08-18,2025-08-19,SHORT,DOWN,0.64,STRONG SELL,1111.258784810935
3310.60009765625,3343.39990234375,-32.7998046875,-0.009907510336485742,3366.673503230297,3235.835556890854,CLOSE,2025-08-19,2025-08-20,SHORT,DOWN,0.5675,SELL,1100.24897691391
3349.39990234375,3336.89990234375,12.5,0.003732011812400513,3405.0466256279096,3275.204271298204,CLOSE,2025-08-20,2025-08-21,SHORT,DOWN,0.59,SELL,1104.3551190923342
3349.39990234375,3374.39990234375,-25.0,-0.007464023624801026,3403.525420644443,3277.232544609493,CLOSE,2025-08-21,2025-08-22,SHORT,DOWN,0.6475,STRONG SELL,1096.1121863932592
3366.0,3373.800048828125,-7.800048828125,-0.0023173050588606654,3420.630843653657,3293.1588751284576,CLOSE,2025-08-22,2025-08-25,SHORT,DOWN,0.58,SELL,1093.5721600786512
3378.89990234375,3388.60009765625,-9.7001953125,-0.0028708146417038066,3430.9142571650027,3309.5474292487465,CLOSE,2025-08-25,2025-08-26,SHORT,DOWN,0.635,STRONG SELL,1090.4327171097377
3397.0,3404.60009765625,-7.60009765625,-0.0022372969255961142,3448.020461870851,3328.9727175055323,CLOSE,2025-08-26,2025-08-27,SHORT,DOWN,0.6525,STRONG SELL,1087.9930953441788
3409.0,3431.800048828125,-22.800048828125,-0.006688192674721326,3458.797582200388,3342.603223732816,CLOSE,2025-08-27,2025-08-28,SHORT,DOWN,0.6275,STRONG SELL,1080.7163878937504
3432.5,3473.699951171875,-41.199951171875,-0.012002899103241078,3482.44776536353,3365.9029795152933,CLOSE,2025-08-28,2025-08-29,SHORT,DOWN,0.7,STRONG SELL,1067.7446581306426
3485.699951171875,3537.3300190094387,-51.63006783756373,-0.014811965619761952,3537.3300190094387,3416.85986072179,SL,2025-08-29,2025-09-02,SHORT,DOWN,0.65,STRONG SELL,1051.929260963727
3554.800048828125,3593.199951171875,-38.39990234375,-0.010802267867755011,3611.9029689630056,3478.6628219816175,CLOSE,2025-09-02,2025-09-03,SHORT,DOWN,0.735,STRONG SELL,1040.5660393088672
3549.89990234375,3565.800048828125,-15.900146484375,-0.004479040796017163,3607.6704762720096,3472.872470439404,CLOSE,2025-09-03,2025-09-04,SHORT,DOWN,0.705,STRONG SELL,1035.9053015678528
3567.800048828125,3613.199951171875,-45.39990234375,-0.012724900981674125,3626.0834441359507,3490.088855084357,CLOSE,2025-09-04,2025-09-05,SHORT,DOWN,0.68,STRONG SELL,1022.7235091790106
3594.5,3638.10009765625,-43.60009765625,-0.012129669677632494,3653.698856608383,3515.5681911888228,CLOSE,2025-09-05,2025-09-08,SHORT,DOWN,0.695,STRONG SELL,1010.31821084112
3647.10009765625,3643.300048828125,3.800048828125,0.0010419370805224237,3707.534750221177,3566.520560903014,CLOSE,2025-09-08,2025-09-09,SHORT,DOWN,0.6725,STRONG SELL,1011.3708988481225
3625.0,3643.60009765625,-18.60009765625,-0.005131061422413793,3685.6821616869634,3544.0904510840487,CLOSE,2025-09-09,2025-09-10,SHORT,DOWN,0.685,STRONG SELL,1006.1814926452909
3632.89990234375,3636.89990234375,-4.0,-0.0011010487785307315,3692.9547510726047,3552.8267707052773,CLOSE,2025-09-10,2025-09-11,SHORT,DOWN,0.6825,STRONG SELL,1005.0736377418336
3655.5,3649.39990234375,6.10009765625,0.00166874508446177,3713.9652376031327,3577.5463498624895,CLOSE,2025-09-11,2025-09-12,SHORT,DOWN,0.6825,STRONG SELL,1006.7508494343374
3640.0,3682.199951171875,-42.199951171875,-0.011593393179086538,3696.4213077548065,3564.771589660258,CLOSE,2025-09-12,2025-09-15,SHORT,DOWN,0.635,STRONG SELL,995.0791910034657
3681.39990234375,3688.89990234375,-7.5,-0.002037268484530885,3739.287524332588,3604.216406358633,CLOSE,2025-09-15,2025-09-16,SHORT,DOWN,0.68,STRONG SELL,993.0519475280219
3669.0,3681.800048828125,-12.800048828125,-0.0034887023243731262,3724.5956699159747,3594.872440112034,CLOSE,2025-09-16,2025-09-17,SHORT,DOWN,0.6775,STRONG SELL,989.5874848904575
3654.60009765625,3643.699951171875,10.900146484375,0.0029825825516081577,3709.149627366173,3581.8673913763528,CLOSE,2025-09-17,2025-09-18,SHORT,DOWN,0.675,STRONG SELL,992.5390112561815
3659.0,3671.5,-12.5,-0.0034162339437004644,3714.4531399622274,3585.0624800503633,CLOSE,2025-09-18,2025-09-19,SHORT,DOWN,0.6725,STRONG SELL,989.1482657954813
3688.199951171875,3744.2135759052157,-56.01362473334075,-0.01518725271810255,3744.2135759052157,3613.5151181940873,SL,2025-09-19,2025-09-22,SHORT,DOWN,0.6725,STRONG SELL,974.1258211071724
3747.0,3780.60009765625,-33.60009765625,-0.008967199801507873,3807.2305034493743,3666.692662067501,CLOSE,2025-09-22,2025-09-23,SHORT,DOWN,0.705,STRONG SELL,965.3906402374965
3769.800048828125,3732.10009765625,37.699951171875,0.010000517450148147,3830.6569448882583,3688.6575207479473,CLOSE,2025-09-23,2025-09-24,SHORT,DOWN,0.6775,STRONG SELL,975.0450461814013
3742.800048828125,3736.89990234375,5.900146484375,0.0015763990615053943,3804.5064523125347,3660.5248441822455,CLOSE,2025-09-24,2025-09-25,SHORT,DOWN,0.6775,STRONG SELL,976.5821062771272
3775.300048828125,3775.300048828125,0.0,0.0,3835.9524287238046,3694.430208967219,CLOSE,2025-09-25,2025-09-26,SHORT,DOWN,0.6325,STRONG SELL,976.5821062771272
3754.800048828125,3815.234417283153,-60.43436845502811,-0.016095229484693788,3815.234417283153,3674.2208908880875,SL,2025-09-26,2025-09-29,SHORT,DOWN,0.6225,STRONG SELL,960.8637931659513
